# Holybro Pitot - tessellated from source STEP
s 1
o part_0
v 3.25 0 11
v 3.25 0 13
v 3.25 0 3
v 3.25 0 0
v 3.155560906634669 0.7777759089345626 0
v 2.877732083372932 1.5103503091422477 0
v 2.432659931556079 2.1551486392825843 0
v 1.8462104268762567 2.6746975641543833 0
v 1.1524658828882413 3.038802788727598 0
v 0.3917442108298005 3.2263038408186753 0
v -0.3917442108297994 3.2263038408186753 0
v -1.1524658828882401 3.0388027887275983 0
v -1.846210426876256 2.6746975641543833 0
v -2.4326599315560777 2.1551486392825856 0
v -2.877732083372931 1.5103503091422494 0
v -3.155560906634668 0.7777759089345653 0
v -3.25 -3.9801020972289e-16 0
v -3.25 -6.02272267833003e-17 6.07842712474619
v -3.206840573990671 0.5259663185216943 6.121956425295727
v -3.0796800680513057 1.037344083289065 6.258393919262892
v -2.895302863240877 1.4763308767748113 6.482320125631521
v -2.697920029988201 1.812103797657434 6.775918968082181
v -2.529906363300719 2.0401113107975397 7.1091516742509695
v -2.402014611097939 2.189267228543225 7.487386536335033
v -2.322023625759665 2.273993479996739 7.9159962165378195
v -2.2962888479126753 2.2999069540580344 8.348652780437106
v -2.323770574538537 2.2725173489713795 8.90991261231954
v -2.4558081094081445 2.1287418117524726 9.768600103587703
v -2.6755458716042773 1.844712951499376 10.699479642319522
v -2.9152332586698035 1.4359987607481064 11.535696573231636
v -3.108044601773676 0.9494927727600463 12.151129846034681
v -3.190496779370174 0.6187420273310567 12.404260612616293
v -3.2290888293496516 0.367952288430402 12.520976215507552
v -3.2446804260730726 0.1836675062141728 12.567862422452228
v -3.25 -2.68394043900517e-16 12.5838095116624
v -3.25 -3.9801020972289e-16 13
v 3.155560906634669 0.7777759089345626 13
v 2.877732083372932 1.5103503091422477 13
v 2.432659931556079 2.1551486392825843 13
v 1.8462104268762567 2.6746975641543833 13
v 1.1524658828882413 3.038802788727598 13
v 0.3917442108298005 3.2263038408186753 13
v -0.3917442108297994 3.2263038408186753 13
v -1.1524658828882401 3.0388027887275983 13
v -1.846210426876256 2.6746975641543833 13
v -2.4326599315560777 2.1551486392825856 13
v -2.877732083372931 1.5103503091422494 13
v -3.155560906634668 0.7777759089345653 13
v -7.14177848998413 -2.3 13.2228968081884
v -6.752568513141771 -2.2331661800799196 13.61210678503076
v -6.385978005432786 -2.0365488590023832 13.978697292739744
v -6.063311874662945 -1.7215747207935337 14.301363423509585
v -5.803322303508924 -1.30654891748166 14.561352994663606
v -5.621118940822557 -0.8155912401978345 14.743556357349973
v -5.527290783760898 -0.2772343645872462 14.837384514411632
v -5.527290783760898 0.27723436458723927 14.837384514411632
v -5.621118940822555 0.8155912401978279 14.743556357349975
v -5.803322303508922 1.3065489174816545 14.56135299466361
v -6.063311874662942 1.7215747207935288 14.301363423509589
v -6.385978005432783 2.03654885900238 13.978697292739747
v -6.7525685131417665 2.233166180079918 13.612106785030765
v -7.141778489984126 2.3 13.222896808188406
v -7.530988466826485 2.2331661800799214 12.833686831346046
v -7.897578974535469 2.0365488590023864 12.467096323637062
v -8.220245105305311 1.7215747207935377 12.144430192867219
v -8.480234676459332 1.3065489174816654 11.884440621713196
v -8.662438039145702 0.8155912401978405 11.702237259026829
v -8.756266196207362 0.2772343645872526 11.608409101965169
v -8.756266196207363 -0.27723436458723294 11.608409101965167
v -8.662438039145705 -0.8155912401978238 11.702237259026823
v -8.48023467645934 -1.3065489174816525 11.88444062171319
v -8.220245105305318 -1.7215747207935288 12.144430192867212
v -7.8975789745354765 -2.036548859002381 12.467096323637055
v -7.530988466826491 -2.2331661800799187 12.83368683134604
v -7.14177848998413 -2.3 13.2228968081884
v -2.29619250064101 -2.3 8.37731081884532
v -3.25 -2.68394043900517e-16 12.5838095116624
v -3.2391659441052107 -0.2638458334095247 12.55129875383245
v -3.207959771931464 -0.5207741447097614 12.457194947228754
v -3.1626212754305953 -0.7485390987113887 12.31934413343156
v -3.0891887693763236 -1.0088818875984162 12.092392599489306
v -2.95713935957881 -1.3472952068722226 11.672469788546179
v -2.7552156835996438 -1.7236412447943108 10.98999796578039
v -2.5381358476515135 -2.0297553712451957 10.149108782544355
v -2.3669233545319472 -2.227487418119922 9.260601189112183
v -3.25 -6.02272267833003e-17 6.07842712474619
v -3.206840573990671 0.5259663185216943 6.121956425295727
v -3.0796800680513057 1.037344083289065 6.258393919262892
v -2.895302863240877 1.4763308767748113 6.482320125631521
v -2.697920029988201 1.812103797657434 6.775918968082181
v -2.529906363300719 2.0401113107975397 7.1091516742509695
v -2.402014611097939 2.189267228543225 7.487386536335033
v -2.322023625759665 2.273993479996739 7.9159962165378195
v -2.2962888479126753 2.2999069540580344 8.348652780437106
v -2.323770574538537 2.2725173489713795 8.90991261231954
v -2.4558081094081445 2.1287418117524726 9.768600103587703
v -2.6755458716042773 1.844712951499376 10.699479642319522
v -2.9152332586698035 1.4359987607481064 11.535696573231636
v -3.108044601773676 0.9494927727600463 12.151129846034681
v -3.190496779370174 0.6187420273310567 12.404260612616293
v -3.2290888293496516 0.367952288430402 12.520976215507552
v -3.2446804260730726 0.1836675062141728 12.567862422452228
v -2.29619250064101 -2.3 8.37731081884532
v -2.3478797127474498 -2.2472118072938576 7.736122324987253
v -2.460181389251022 -2.1236820683034594 7.293017638227966
v -2.608063676404368 -1.939157944049166 6.940642214152364
v -2.769027352003971 -1.701268038223015 6.66155932191692
v -2.9239453740214594 -1.4188101210314439 6.445002673123297
v -3.0585065206441695 -1.0981059080282953 6.282353032732523
v -3.165759468199401 -0.7351335549547963 6.164818861501822
v -3.2288702476642563 -0.36621593048268986 6.099468176657051
v -7.14177848998413 -2.3 13.2228968081884
v -6.752568513141771 -2.2331661800799196 13.61210678503076
v -6.385978005432786 -2.0365488590023832 13.978697292739744
v -6.063311874662945 -1.7215747207935337 14.301363423509585
v -5.803322303508924 -1.30654891748166 14.561352994663606
v -5.621118940822557 -0.8155912401978345 14.743556357349973
v -5.527290783760898 -0.2772343645872462 14.837384514411632
v -5.527290783760898 0.27723436458723927 14.837384514411632
v -5.621118940822555 0.8155912401978279 14.743556357349975
v -5.803322303508922 1.3065489174816545 14.56135299466361
v -6.063311874662942 1.7215747207935288 14.301363423509589
v -6.385978005432783 2.03654885900238 13.978697292739747
v -6.7525685131417665 2.233166180079918 13.612106785030765
v -7.141778489984126 2.3 13.222896808188406
v -7.530988466826485 2.2331661800799214 12.833686831346046
v -7.897578974535469 2.0365488590023864 12.467096323637062
v -8.220245105305311 1.7215747207935377 12.144430192867219
v -8.480234676459332 1.3065489174816654 11.884440621713196
v -8.662438039145702 0.8155912401978405 11.702237259026829
v -8.756266196207362 0.2772343645872526 11.608409101965169
v -8.756266196207363 -0.27723436458723294 11.608409101965167
v -8.662438039145705 -0.8155912401978238 11.702237259026823
v -8.48023467645934 -1.3065489174816525 11.88444062171319
v -8.220245105305318 -1.7215747207935288 12.144430192867212
v -7.8975789745354765 -2.036548859002381 12.467096323637055
v -7.530988466826491 -2.2331661800799187 12.83368683134604
v -2.15 -2.63299061816681e-16 16.3
v -2.087524907466012 0.5145286782182484 16.3
v -1.9037304551544016 0.9991548198941013 16.3
v -1.6092981085678684 1.4257137152177084 16.3
v -1.2213392054719867 1.7694153116713598 16.3
v -0.7624005071414539 2.010284921773641 16.3
v -0.25915386254894757 2.1343240793108156 16.3
v 0.25915386254894107 2.1343240793108165 16.3
v 0.7624005071414478 2.010284921773643 16.3
v 1.2213392054719814 1.7694153116713638 16.3
v 1.609298108567864 1.4257137152177133 16.3
v 1.9037304551543988 0.999154819894107 16.3
v 2.0875249074660105 0.5145286782182548 16.3
v 2.15 6.255348930699169e-15 16.3
v 2.0875249074660136 -0.5145286782182427 16.3
v 1.9037304551544045 -0.9991548198940959 16.3
v 1.6092981085678724 -1.425713715217704 16.3
v 1.2213392054719916 -1.7694153116713565 16.3
v 0.7624005071414596 -2.0102849217736387 16.3
v 0.2591538625489535 -2.134324079310815 16.3
v -0.25915386254893513 -2.1343240793108174 16.3
v -0.762400507141444 -2.0102849217736445 16.3
v -1.2213392054719794 -1.769415311671365 16.3
v -1.609298108567864 -1.4257137152177135 16.3
v -1.9037304551543996 -0.9991548198941056 16.3
v -2.0875249074660114 -0.5145286782182513 16.3
v -2.15 -2.63299061816681e-16 16.3
v -2.087524907466012 0.5145286782182484 16.3
v -1.9037304551544016 0.9991548198941013 16.3
v -1.6092981085678684 1.4257137152177084 16.3
v -1.2213392054719867 1.7694153116713598 16.3
v -0.7624005071414539 2.010284921773641 16.3
v -0.25915386254894757 2.1343240793108156 16.3
v 0.25915386254894107 2.1343240793108165 16.3
v 0.7624005071414478 2.010284921773643 16.3
v 1.2213392054719814 1.7694153116713638 16.3
v 1.609298108567864 1.4257137152177133 16.3
v 1.9037304551543988 0.999154819894107 16.3
v 2.0875249074660105 0.5145286782182548 16.3
v 2.15 6.255348930699169e-15 16.3
v 2.0875249074660136 -0.5145286782182427 16.3
v 1.9037304551544045 -0.9991548198940959 16.3
v 1.6092981085678724 -1.425713715217704 16.3
v 1.2213392054719916 -1.7694153116713565 16.3
v 0.7624005071414596 -2.0102849217736387 16.3
v 0.2591538625489535 -2.134324079310815 16.3
v -0.25915386254893513 -2.1343240793108174 16.3
v -0.762400507141444 -2.0102849217736445 16.3
v -1.2213392054719794 -1.769415311671365 16.3
v -1.609298108567864 -1.4257137152177135 16.3
v -1.9037304551543996 -0.9991548198941056 16.3
v -2.0875249074660114 -0.5145286782182513 16.3
v -2.15 -2.63299061816681e-16 16.3
v -2.5166666666666666 -3.0820277778541737e-16 15.200000000000001
v -2.8833333333333333 -3.531064937541537e-16 14.1
v -3.25 -3.9801020972289e-16 13
v -3.1555609066346695 -0.7777759089345616 13
v -2.877732083372933 -1.510350309142246 13
v -2.4326599315560804 -2.1551486392825825 13
v -1.846210426876259 -2.6746975641543815 13
v -1.1524658828882444 -3.0388027887275966 13
v -0.3917442108298045 -3.226303840818675 13
v 0.39174421082979466 -3.226303840818676 13
v 1.1524658828882353 -3.0388027887276006 13
v 1.846210426876251 -2.6746975641543873 13
v 2.4326599315560733 -2.1551486392825896 13
v 2.8777320833729285 -1.5103503091422548 13
v 3.155560906634667 -0.7777759089345713 13
v 3.25 0 13
v 3.155560906634669 0.7777759089345626 13
v 2.877732083372932 1.5103503091422477 13
v 2.432659931556079 2.1551486392825843 13
v 1.8462104268762567 2.6746975641543833 13
v 1.1524658828882413 3.038802788727598 13
v 0.3917442108298005 3.2263038408186753 13
v -0.3917442108297994 3.2263038408186753 13
v -1.1524658828882401 3.0388027887275983 13
v -1.846210426876256 2.6746975641543833 13
v -2.4326599315560777 2.1551486392825856 13
v -2.877732083372931 1.5103503091422494 13
v -3.155560906634668 0.7777759089345653 13
v -3.25 -3.9801020972289e-16 13
v -2.5166666666666666 -3.0820277778541737e-16 15.200000000000001
v -2.8833333333333333 -3.531064937541537e-16 14.1
v -2.228397664560578 1.169553316310151 15.200000000000001
v -2.553064873966755 1.3399518127261996 14.100000000000001
v -1.4296296126067418 2.071176062499035 15.200000000000001
v -1.637920019741499 2.3729368133267092 14.100000000000001
v -0.3033506453092292 2.498317333146769 15.200000000000001
v -0.34754742806951433 2.8623105869827223 14.100000000000001
v 0.8924222990570484 2.3531242107582937 15.200000000000001
v 1.0224440909726449 2.6959634997429456 14.100000000000001
v 1.883752049563938 1.668858689906001 15.200000000000001
v 2.1582059905600084 1.9120036645942924 14.100000000000001
v 2.4435369071888977 0.6022777551236866 15.200000000000001
v 2.799548906911783 0.6900268320291244 14.100000000000001
v 2.4435369071888977 -0.6022777551236873 15.200000000000001
v 2.799548906911783 -0.6900268320291252 14.100000000000001
v 1.8837520495639377 -1.6688586899060012 15.200000000000001
v 2.158205990560008 -1.9120036645942928 14.100000000000001
v 0.8924222990570478 -2.353124210758294 15.200000000000001
v 1.0224440909726442 -2.695963499742946 14.100000000000001
v -0.3033506453092298 -2.498317333146769 15.200000000000001
v -0.34754742806951494 -2.8623105869827223 14.100000000000001
v -1.4296296126067418 -2.071176062499035 15.200000000000001
v -1.637920019741499 -2.3729368133267092 14.100000000000001
v -2.228397664560578 -1.169553316310151 15.200000000000001
v -2.553064873966755 -1.3399518127261996 14.100000000000001
v 3.25 0 11
v 3.25 0 13
v -3.25 -3.9801020972289e-16 13
v -3.1555609066346695 -0.7777759089345616 13
v -2.877732083372933 -1.510350309142246 13
v -2.4326599315560804 -2.1551486392825825 13
v -1.846210426876259 -2.6746975641543815 13
v -1.1524658828882444 -3.0388027887275966 13
v -0.3917442108298045 -3.226303840818675 13
v 0.39174421082979466 -3.226303840818676 13
v 1.1524658828882353 -3.0388027887276006 13
v 1.846210426876251 -2.6746975641543873 13
v 2.4326599315560733 -2.1551486392825896 13
v 2.8777320833729285 -1.5103503091422548 13
v 3.155560906634667 -0.7777759089345713 13
v -3.25 -2.68394043900517e-16 12.5838095116624
v -3.2391659441052107 -0.2638458334095247 12.55129875383245
v -3.207959771931464 -0.5207741447097614 12.457194947228754
v -3.1626212754305953 -0.7485390987113887 12.31934413343156
v -3.0891887693763236 -1.0088818875984162 12.092392599489306
v -2.95713935957881 -1.3472952068722226 11.672469788546179
v -2.7552156835996438 -1.7236412447943108 10.98999796578039
v -2.5381358476515135 -2.0297553712451957 10.149108782544355
v -2.3669233545319472 -2.227487418119922 9.260601189112183
v -2.29619250064101 -2.3 8.37731081884532
v -2.3478797127474498 -2.2472118072938576 7.736122324987253
v -2.460181389251022 -2.1236820683034594 7.293017638227966
v -2.608063676404368 -1.939157944049166 6.940642214152364
v -2.769027352003971 -1.701268038223015 6.66155932191692
v -2.9239453740214594 -1.4188101210314439 6.445002673123297
v -3.0585065206441695 -1.0981059080282953 6.282353032732523
v -3.165759468199401 -0.7351335549547963 6.164818861501822
v -3.2288702476642563 -0.36621593048268986 6.099468176657051
v -3.25 -6.02272267833003e-17 6.07842712474619
v -3.25 -3.9801020972289e-16 0
v -3.1555609066346695 -0.7777759089345616 0
v -2.877732083372933 -1.510350309142246 0
v -2.4326599315560804 -2.1551486392825825 0
v -1.846210426876259 -2.6746975641543815 0
v -1.1524658828882444 -3.0388027887275966 0
v -0.3917442108298045 -3.226303840818675 0
v 0.39174421082979466 -3.226303840818676 0
v 1.1524658828882353 -3.0388027887276006 0
v 1.846210426876251 -2.6746975641543873 0
v 2.4326599315560733 -2.1551486392825896 0
v 2.8777320833729285 -1.5103503091422548 0
v 3.155560906634667 -0.7777759089345713 0
v 3.25 0 0
v 3.25 0 3
v 3.25 0 0
v 3.155560906634669 0.7777759089345626 0
v 2.877732083372932 1.5103503091422477 0
v 2.432659931556079 2.1551486392825843 0
v 1.8462104268762567 2.6746975641543833 0
v 1.1524658828882413 3.038802788727598 0
v 0.3917442108298005 3.2263038408186753 0
v -0.3917442108297994 3.2263038408186753 0
v -1.1524658828882401 3.0388027887275983 0
v -1.846210426876256 2.6746975641543833 0
v -2.4326599315560777 2.1551486392825856 0
v -2.877732083372931 1.5103503091422494 0
v -3.155560906634668 0.7777759089345653 0
v -3.25 -3.9801020972289e-16 0
v -3.1555609066346695 -0.7777759089345616 0
v -2.877732083372933 -1.510350309142246 0
v -2.4326599315560804 -2.1551486392825825 0
v -1.846210426876259 -2.6746975641543815 0
v -1.1524658828882444 -3.0388027887275966 0
v -0.3917442108298045 -3.226303840818675 0
v 0.39174421082979466 -3.226303840818676 0
v 1.1524658828882353 -3.0388027887276006 0
v 1.846210426876251 -2.6746975641543873 0
v 2.4326599315560733 -2.1551486392825896 0
v 2.8777320833729285 -1.5103503091422548 0
v 3.155560906634667 -0.7777759089345713 0
vn 0.9927088733277274 0.12053668659953318 0
vn 0.9927088733787653 0.12053668617919822 0
vn 0.992708875136287 0.12053667170470467 0
vn 0.992708875136287 0.12053667170470467 0
vn 0.9738710057916201 0.22710188039384044 0
vn 0.8854560265636152 0.4647231703091362 0
vn 0.7210811854488807 0.6928505784017484 0
vn 0.5343178146488391 0.8452836641914291 0
vn 0.3165019014100801 0.94859187557337 0
vn 0.08029205239015198 0.9967713811717193 0
vn -0.1605841068250238 0.9870221601540715 0
vn -0.3921276916768722 0.919910796447225 0
vn -0.5776283903008534 0.8162996401857877 -0.0005832246551889544
vn -0.7514737532275636 0.6597596060101844 -0.002111986592094531
vn -0.8882100411189616 0.4594320864476065 -0.0022540625216648552
vn -0.9706027699194301 0.24067806194209165 -0.002081711922600838
vn -0.9944676004136033 0.10502448628133544 -0.00201221493674629
vn -0.9966501986685523 0.08178252560257213 -4.544718790000598e-18
vn -0.9894845344462185 0.14463580319519104 -0.0009168019590422699
vn -0.9435158304524307 0.33132567765061144 -0.0010830581809324433
vn -0.896985182725353 0.4420605948996042 -0.00011139197991594283
vn -0.8296806074716715 0.5582345823892771 -0.0020592741700215444
vn -0.7860731586201197 0.6181330166342176 -0.0007503623591069027
vn -0.7474847129452677 0.6642790098015326 0.0000324071892284836
vn -0.6716504983600077 0.7408657394487204 -0.0018878993230843073
vn -0.6438712116042371 0.7651338855821638 0.000001110023317262279
vn -0.6748772820430611 0.7379229025956716 0.0032317188846635466
vn -0.7717231224150227 0.6359585777525419 0.00033122948529225316
vn -0.8220483364861062 0.5694002900249101 0.004454458437741463
vn -0.8998531237415743 0.4361921026985648 0.0008973493944446839
vn -0.9376716067222262 0.3474101144533593 0.008841398218753781
vn -0.9786861119180682 0.20534571124653536 0.0025755021547951536
vn -0.991113037773591 0.12769692763866022 0.03726179044076139
vn -0.9981821982578757 0.05890484648992519 0.012748260315563408
vn -0.9995808341160911 0.028950925162760835 9.016323036028653e-18
vn -0.9939096753830186 0.10309292439892082 0.03892821751507654
vn 0.9691359634555642 0.24652684303551112 0
vn 0.8854560265636152 0.4647231703091362 0
vn 0.7747157314158865 0.6323096832223496 0
vn 0.6008822604518683 0.7993375438913483 0
vn 0.3921276916768722 0.919910796447225 0
vn 0.1605841068250238 0.9870221601540715 0
vn -0.08029204975793158 0.9967713813837504 0
vn -0.3165019014100801 0.94859187557337 0
vn -0.5330666266214068 0.8460731446954435 0.0004532191928791333
vn -0.7384242139460226 0.6743208513972706 0.004590166561122662
vn -0.8752135247714182 0.4836683687025083 0.008136041657023684
vn -0.9672096891795481 0.25298736859894244 0.02242339150496407
vn 0.08715108377653602 -0.9924009830241963 0.08686182987471522
vn 0.19630872024286006 -0.9607081432333067 0.19622117592610394
vn 0.35118099843917994 -0.8679413149205611 0.35121187364499495
vn 0.48482151748636254 -0.7276112872561368 0.48531423927151385
vn 0.5859600636953527 -0.5574539648050721 0.5881291362254073
vn 0.6595342930123121 -0.35237131456666065 0.6639645871665996
vn 0.6995369536744457 -0.11996058682001101 0.7044554691772041
vn 0.6987185944670032 0.12814591190385302 0.7038259380048347
vn 0.6593833559267259 0.3543544408195833 0.6630584591106949
vn 0.5869462001013421 0.5564075840813428 0.5881366835722448
vn 0.474129660916573 0.7412171711273309 0.47518224910568024
vn 0.3319328899024091 0.8825294837209082 0.3331099922913486
vn 0.17304333888974494 0.9693398984596803 0.17445963464384975
vn -0.0031148296012044117 0.999994521394776 -0.001120275407417701
vn -0.16926430684544364 0.9712335168964626 -0.1674964181260605
vn -0.331131082179376 0.8841042621382409 -0.3297148162938875
vn -0.4766872331826821 0.7394050059755053 -0.4754466519589789
vn -0.5854301420408261 0.5620012824579242 -0.5843167867738412
vn -0.6627307618292774 0.35056624261223346 -0.6617335165048891
vn -0.7026478512644254 0.11898462989881675 -0.7015188201048691
vn -0.7034983464761146 -0.11069862276738787 -0.7020227143211082
vn -0.66528882596221 -0.3415674967931374 -0.6638692816995635
vn -0.5852562467498003 -0.5628566436450232 -0.5836673062156184
vn -0.4724827887027431 -0.7449369840844675 -0.47098715919100886
vn -0.32948384715911044 -0.8854228329282549 -0.32782129490094997
vn -0.1579353426264137 -0.9748997163179427 -0.15692982722437454
vn -0.0852323036056701 -0.9927088741640934 -0.0852323036056701
vn 0.08853742242931074 -0.9921301576200311 0.08853742242931074
vn 0.7047841118284579 -0.007847804096644324 0.7093784375670239
vn 0.7025113085644598 -0.1140785884568672 0.7024698833364595
vn 0.6858258006544042 -0.23176156660674524 0.6898764725664535
vn 0.6659846565081169 -0.3357885610632495 0.6661159655456683
vn 0.6251046173371524 -0.46514672873269136 0.6268035881622314
vn 0.5490914256444959 -0.6300055605769609 0.5491735608401085
vn 0.4415309946619618 -0.7809874207478575 0.4417114775353111
vn 0.3022627993965449 -0.9039370906433191 0.3025474115907389
vn 0.14104763699453976 -0.9798963939627333 0.14109791351075374
vn -0.7068767648092881 0.021754334058660358 -0.7070021133790326
vn -0.6869137769851853 0.23465546578439012 -0.6878126746182119
vn -0.629904834615837 0.4531539581996347 -0.6307704729103913
vn -0.5403415933168849 0.6446317763600861 -0.5408149733861021
vn -0.42777764114680245 0.7963618467830907 -0.4275676539719798
vn -0.3308740252833206 0.8837624573932877 -0.33088713830396876
vn -0.23339627988504494 0.9441329357581353 -0.23267826746936737
vn -0.10190083582370536 0.9896667485232993 -0.10087589665401293
vn 0.001515858794623113 0.9999977442699155 0.0014878263324430835
vn 0.11379564758659691 0.9869557200985171 0.11388132926500628
vn 0.26530550153879257 0.9273044298641394 0.2640444758134377
vn 0.41588101241610714 0.8097092597006805 0.4140216156998687
vn 0.5435535058587684 0.641464382341929 0.5413622008002862
vn 0.6278167639465428 0.46152493959295726 0.6267701660428711
vn 0.6800030506029405 0.2669318630574844 0.6828932798434577
vn 0.6954389374176492 0.17542602511153577 0.6968431631557979
vn 0.7044441183934045 0.08038762303090236 0.7051923951124124
vn -0.08126299206976206 -0.9934317306092433 -0.08055881539964443
vn -0.1388299901804454 -0.9805894420529614 -0.13845786348474173
vn -0.2626840023931113 -0.9285572693512105 -0.2622565774613849
vn -0.3890063378663962 -0.8353174144183388 -0.3884828004805827
vn -0.47499164917533676 -0.7407863732816241 -0.4749931392914555
vn -0.5457177607855984 -0.6365113182151688 -0.5450187770592316
vn -0.6241122287305322 -0.47073461120350746 -0.6236127418230728
vn -0.6693226026312478 -0.322992440530048 -0.6690912770073871
vn -0.6939337836583492 -0.19511191696046173 -0.6930997357939341
vn -0.7071067811865475 -1.3953663817132574e-16 0.7071067811865475
vn -0.7071067811865475 -1.1123709339283538e-16 0.7071067811865475
vn -0.7071067811865475 -1.2507320476946193e-16 0.7071067811865475
vn -0.7071067811865475 -1.2538774783134504e-16 0.7071067811865475
vn -0.7071067811865475 1.2313862118949352e-16 0.7071067811865475
vn -0.7071067811865475 5.622494685815801e-16 0.7071067811865475
vn -0.7071067811865475 0 0.7071067811865475
vn -0.7071067811865475 -1.9786574842951993e-16 0.7071067811865475
vn -0.7071067811865475 -1.1317389514037239e-15 0.7071067811865475
vn -0.7071067811865475 -3.055603382180736e-16 0.7071067811865475
vn -0.7071067811865475 3.772463312517906e-15 0.7071067811865475
vn -0.7071067811865475 1.7974009802195173e-15 0.7071067811865475
vn -0.7071067811865475 -4.5269558056148954e-15 0.7071067811865475
vn -0.7071067811865475 -9.7019790713641e-17 0.7071067811865475
vn -0.7071067811865475 0 0.7071067811865475
vn -0.7071067811865475 -1.5026078867831977e-16 0.7071067811865475
vn -0.7071067811865475 -4.613955442738378e-16 0.7071067811865475
vn -0.7071067811865475 1.305676693643179e-16 0.7071067811865475
vn -0.7071067811865475 2.470504832389263e-16 0.7071067811865475
vn -0.7071067811865475 0 0.7071067811865475
vn -0.7071067811865475 -6.886780849085233e-16 0.7071067811865475
vn -0.7071067811865475 -6.6489664983155574e-15 0.7071067811865475
vn -0.7071067811865475 3.0205182181138223e-16 0.7071067811865475
vn -0.7071067811865475 2.105444845551224e-15 0.7071067811865475
vn -0.7071067811865475 8.299419541649283e-15 0.7071067811865475
vn -0.7071067811865475 1.3079255717120312e-17 0.7071067811865475
vn 0 0 1
vn 0 0 1
vn 0 0 1
vn 0 0 1
vn 0 0 1
vn 0 0 1
vn 0 0 1
vn 0 0 1
vn 0 0 1
vn 0 0 1
vn 0 0 1
vn 0 0 1
vn 0 0 1
vn 0 0 1
vn 0 0 1
vn 0 0 1
vn 0 0 1
vn 0 0 1
vn 0 0 1
vn 0 0 1
vn 0 0 1
vn 0 0 1
vn 0 0 1
vn 0 0 1
vn 0 0 1
vn 0 0 1
vn -0.9424512238440877 0.11443428515641674 0.31415041788213655
vn -0.9306363899975342 0.22938125932541917 0.2851318072096526
vn -0.8400173466946784 0.4408750978873957 0.316227774420293
vn -0.7174387811572056 0.6355953426849706 0.28513182152968836
vn -0.5389135145500179 0.7807510606731286 0.31622777406978725
vn -0.3398846295202543 0.8962021415520147 0.28513182932366915
vn -0.11435113912171467 0.9417663252489771 0.31622777488481985
vn 0.11553300566344381 0.9514998522252782 0.285131821825703
vn 0.336407726941315 0.8870342935653646 0.31622777122380014
vn 0.5444834578980253 0.7888203765491841 0.28513186005112195
vn 0.7100996603821228 0.6290933692443057 0.31622777407754926
vn 0.8486992613263104 0.44543170533668647 0.28513182864251824
vn 0.921116280539698 0.22703477425074675 0.3162277802559807
vn 0.9584883043353453 0 0.28513184748876197
vn 0.921116280539698 -0.22703477425074675 0.3162277802559807
vn 0.8486992613263104 -0.44543170533668647 0.28513182864251824
vn 0.7100996603821228 -0.6290933692443057 0.31622777407754926
vn 0.5444834578980253 -0.7888203765491841 0.28513186005112195
vn 0.336407726941315 -0.8870342935653646 0.31622777122380014
vn 0.11553299175999589 -0.9514998586857797 0.2851318059002292
vn -0.11435113912171467 -0.9417663252489771 0.31622777488481985
vn -0.3398846295202543 -0.8962021415520147 0.28513182932366915
vn -0.5389135145500179 -0.7807510606731286 0.31622777406978725
vn -0.7174387811572056 -0.6355953426849706 0.28513182152968836
vn -0.8400173466946784 -0.4408750978873957 0.316227774420293
vn -0.9306363899975342 -0.22938125932541917 0.2851318072096526
vn -0.9424512238440877 -0.11443428515641674 0.31415041788213655
vn -0.930917776819435 -0.21516694982583637 0.2951190886815128
vn -0.9194822745543263 -0.2007667386943148 0.33800157309464
vn -0.9424512288999622 -0.11443429343415816 0.314150399699214
vn -0.9108638335809307 -0.22450778324429338 0.34629948301576147
vn -0.8400173466946784 -0.4408750978873957 0.316227774420293
vn -0.7021959508606656 -0.6220912480236841 0.34629947404987615
vn -0.5389135396291065 -0.7807510374018193 0.3162277887858857
vn -0.33266329673293177 -0.8771612213660058 0.34629946973461323
vn -0.11435113912171467 -0.9417663252489771 0.31622777488481985
vn 0.11307835144649306 -0.9312840342496703 0.3462994859739213
vn 0.33640769503888696 -0.8870343070054647 0.316227767461933
vn 0.5329152155973682 -0.7720609032484916 0.3462994869472576
vn 0.7100996603821228 -0.6290933692443057 0.31622777407754926
vn 0.830667539619135 -0.43596800337081537 0.3462994927226399
vn 0.921116280539698 -0.22703477425074675 0.3162277802559807
vn 0.93812401544542 0 0.34629948259355114
vn 0.921116280539698 0.22703477425074675 0.3162277802559807
vn 0.830667539619135 0.43596800337081537 0.3462994927226399
vn 0.7100996603821228 0.6290933692443057 0.31622777407754926
vn 0.5329152155973682 0.7720609032484916 0.3462994869472576
vn 0.33640769503888696 0.8870343070054647 0.316227767461933
vn 0.11307835144649306 0.9312840342496703 0.3462994859739213
vn -0.11435113912171467 0.9417663252489771 0.31622777488481985
vn -0.33266334974143935 0.877161203973407 0.34629946286809016
vn -0.5389135396291065 0.7807510374018193 0.3162277887858857
vn -0.7021959508606656 0.6220912480236841 0.34629947404987615
vn -0.8400173466946784 0.4408750978873957 0.316227774420293
vn -0.9108638335809307 0.22450778324429338 0.34629948301576147
vn -0.9424512288999622 0.11443429343415816 0.314150399699214
vn -0.930917776819435 0.21516694982583637 0.2951190886815128
vn -0.9194822745543263 0.2007667386943148 0.33800157309464
vn -0.8232063881760546 0.48249954823927055 0.2992080019234688
vn -0.8475121958312792 0.4069746781969192 0.3407267075293006
vn -0.5046843108270979 0.8097952312171208 0.29920800440995415
vn -0.5613042112208831 0.7542167300630284 0.3407267329675428
vn -0.11515233812418656 0.9483648659419274 0.2955402173503351
vn -0.113449772930742 0.9343428467483338 0.3378351576615183
vn 0.33802546088337276 0.8912999112494251 0.3021973792099307
vn 0.3328296112172266 0.8775996217836739 0.3450265986009522
vn 0.7430579452465638 0.598614616177033 0.2992080067531252
vn 0.681059879482096 0.6481224728330914 0.34072672447072794
vn 0.9361352064690066 0.1847307332747761 0.29920800689987226
vn 0.9042460981181953 0.25737965285587755 0.3407267355723748
vn 0.9275701299466943 -0.22862551262022457 0.2955402324723529
vn 0.9138555716237481 -0.2252451824166755 0.33783516988364504
vn 0.7430579187340999 -0.5986146544229785 0.29920799607732057
vn 0.681059879482096 -0.6481224728330914 0.34072672447072794
vn 0.3380254554884295 -0.8912999160017517 0.30219737122799417
vn 0.33282964603720566 -0.8775995943871223 0.3450266346969561
vn -0.15923188934918756 -0.9408080475543688 0.2992079929935437
vn -0.07999596928649898 -0.9367528773094024 0.3407267112371281
vn -0.5782081250535474 -0.7590454099663312 0.29920800412272675
vn -0.5061636734048996 -0.7922775073718271 0.3407267043217225
vn -0.8459029575491278 -0.44396414355428215 0.2955402267843604
vn -0.8333958925117743 -0.43739992074141393 0.3378351605145739
vn 0.9927088733277274 -0.12053668659953318 0
vn 0.9927088733787653 -0.12053668617919822 0
vn -0.9941839253043997 -0.10159411560651742 0.035734553872483456
vn -0.9668449728077206 -0.2542486339277851 0.023841784796717547
vn -0.8787569723474217 -0.4771725709060935 0.009618790238996722
vn -0.7452493136784735 -0.6667716285424921 0.0043652986790549304
vn -0.5660765395175886 -0.8243524162519061 0.0006672536519975373
vn -0.3921276916768722 -0.919910796447225 0
vn -0.1605841068250238 -0.9870221601540715 0
vn 0.12053667925720311 -0.9927088742192477 0
vn 0.3921276916768722 -0.919910796447225 0
vn 0.5680647228674031 -0.8229838823656151 0
vn 0.7210811854488807 -0.6928505784017484 0
vn 0.8854560265636152 -0.4647231703091362 0
vn 0.9784571485526458 -0.20645001440112723 0
vn -0.9991580180222626 -0.04102749104958997 -1.1838134993186054e-17
vn -0.9933457421782331 -0.10972240706034353 0.035003283921076385
vn -0.9862832458879808 -0.16413158729550562 0.017498026532339186
vn -0.971661131081352 -0.23637817328726402 -0.0000744250195278744
vn -0.9362428334151351 -0.3510695079993008 0.014126479813754051
vn -0.9048837882147631 -0.42565470288419294 0.0018449224019041954
vn -0.831902215010645 -0.5548980892576133 0.005178339370152434
vn -0.7885370749391837 -0.6149835507643975 0.0021245553816960612
vn -0.6843345032109613 -0.7291625596279171 0.0028721684962499908
vn -0.648758915588464 -0.7609939792822576 0.00018149555223923296
vn -0.6779834242498196 -0.7350751935589974 -0.0017135509013701132
vn -0.7638446991456739 -0.6454000821298324 -0.00009784610653684134
vn -0.8058612863449661 -0.592101194683149 -0.0019396971990970503
vn -0.8365409624122417 -0.5478999387994292 -0.0022080013546116675
vn -0.9014680127835565 -0.43284560992487753 -0.0003160645920284513
vn -0.9385538274647547 -0.34512678426552673 -0.0020532252180792032
vn -0.9739596138998857 -0.22672156633979734 -0.00004299318822220844
vn -0.9930697681506259 -0.11750818791355994 -0.0020643058237092664
vn -0.9983396421504036 -0.057601726632143364 3.1120039564318794e-18
vn -0.9949278557695638 -0.10055768958178986 -0.0025909225674763774
vn -0.971652495351185 -0.2364000349795471 -0.002540027457389948
vn -0.8892712498361875 -0.457374061242911 -0.002369032914663296
vn -0.7578410339010301 -0.6524362503010649 -0.0019765193911720205
vn -0.546905309467732 -0.8371943699350464 -0.00041161276120011797
vn -0.3165019014100801 -0.94859187557337 0
vn -0.08029205239015198 -0.9967713811717193 0
vn 0.12053667925720311 -0.9927088742192477 0
vn 0.3165019014100801 -0.94859187557337 0
vn 0.5680646824970297 -0.8229839102312686 0
vn 0.7747157314158865 -0.6323096832223496 0
vn 0.8854560265636152 -0.4647231703091362 0
vn 0.9636205960048426 -0.26727391746160306 0
vn 0.992708875136287 -0.12053667170470467 0
vn 0.992708875136287 -0.12053667170470467 0
vn 0 0 -1
vn 0 0 -1
vn 0 0 -1
vn 0 0 -1
vn 0 0 -1
vn 0 0 -1
vn 0 0 -1
vn 0 0 -1
vn 0 0 -1
vn 0 0 -1
vn 0 0 -1
vn 0 0 -1
vn 0 0 -1
vn 0 0 -1
vn 0 0 -1
vn 0 0 -1
vn 0 0 -1
vn 0 0 -1
vn 0 0 -1
vn 0 0 -1
vn 0 0 -1
vn 0 0 -1
vn 0 0 -1
vn 0 0 -1
vn 0 0 -1
vn 0 0 -1
f 5//5 3//3 4//4
f 37//37 2//2 1//1
f 37//37 1//1 3//3
f 37//37 5//5 6//6
f 37//37 3//3 5//5
f 38//38 37//37 6//6
f 39//39 6//6 7//7
f 39//39 38//38 6//6
f 40//40 7//7 8//8
f 40//40 39//39 7//7
f 41//41 8//8 9//9
f 41//41 40//40 8//8
f 42//42 9//9 10//10
f 42//42 41//41 9//9
f 43//43 10//10 11//11
f 43//43 42//42 10//10
f 44//44 11//11 12//12
f 44//44 43//43 11//11
f 25//25 13//13 14//14
f 45//45 12//12 13//13
f 45//45 44//44 12//12
f 26//26 45//45 13//13
f 26//26 13//13 25//25
f 24//24 25//25 14//14
f 27//27 45//45 26//26
f 23//23 24//24 14//14
f 22//22 23//23 14//14
f 22//22 14//14 15//15
f 46//46 45//45 27//27
f 46//46 27//27 28//28
f 21//21 22//22 15//15
f 29//29 46//46 28//28
f 20//20 15//15 16//16
f 20//20 21//21 15//15
f 47//47 46//46 29//29
f 47//47 29//29 30//30
f 19//19 16//16 17//17
f 19//19 20//20 16//16
f 31//31 47//47 30//30
f 18//18 19//19 17//17
f 48//48 47//47 31//31
f 32//32 48//48 31//31
f 33//33 48//48 32//32
f 36//36 33//33 34//34
f 36//36 34//34 35//35
f 36//36 48//48 33//33
f 49//49 76//76 85//85
f 50//50 85//85 84//84
f 50//50 49//49 85//85
f 51//51 84//84 83//83
f 51//51 50//50 84//84
f 52//52 83//83 82//82
f 52//52 51//51 83//83
f 53//53 82//82 81//81
f 53//53 52//52 82//82
f 54//54 80//80 79//79
f 54//54 81//81 80//80
f 54//54 53//53 81//81
f 55//55 78//78 77//77
f 55//55 79//79 78//78
f 55//55 54//54 79//79
f 56//56 101//101 100//100
f 56//56 102//102 101//101
f 56//56 77//77 102//102
f 56//56 55//55 77//77
f 57//57 100//100 99//99
f 57//57 56//56 100//100
f 58//58 57//57 99//99
f 58//58 99//99 98//98
f 59//59 58//58 98//98
f 59//59 98//98 97//97
f 60//60 59//59 97//97
f 60//60 97//97 96//96
f 61//61 60//60 96//96
f 61//61 96//96 95//95
f 62//62 61//61 95//95
f 62//62 94//94 93//93
f 62//62 95//95 94//94
f 63//63 62//62 93//93
f 63//63 93//93 92//92
f 64//64 91//91 90//90
f 64//64 92//92 91//91
f 64//64 63//63 92//92
f 65//65 64//64 90//90
f 65//65 90//90 89//89
f 66//66 89//89 88//88
f 66//66 65//65 89//89
f 67//67 88//88 87//87
f 67//67 66//66 88//88
f 68//68 87//87 86//86
f 68//68 67//67 87//87
f 69//69 68//68 86//86
f 69//69 86//86 111//111
f 70//70 110//110 109//109
f 70//70 111//111 110//110
f 70//70 69//69 111//111
f 71//71 109//109 108//108
f 71//71 70//70 109//109
f 72//72 107//107 106//106
f 72//72 108//108 107//107
f 72//72 71//71 108//108
f 73//73 106//106 105//105
f 73//73 72//72 106//106
f 74//74 104//104 103//103
f 74//74 105//105 104//104
f 74//74 73//73 105//105
f 75//75 74//74 103//103
f 119//119 116//116 117//117
f 119//119 117//117 118//118
f 121//121 119//119 120//120
f 135//135 136//136 137//137
f 134//134 135//135 137//137
f 123//123 121//121 122//122
f 132//132 133//133 134//134
f 125//125 114//114 115//115
f 125//125 115//115 116//116
f 125//125 123//123 124//124
f 125//125 116//116 119//119
f 125//125 121//121 123//123
f 125//125 119//119 121//121
f 130//130 131//131 132//132
f 130//130 132//132 134//134
f 127//127 112//112 113//113
f 127//127 113//113 114//114
f 127//127 125//125 126//126
f 127//127 137//137 112//112
f 127//127 114//114 125//125
f 129//129 134//134 137//137
f 129//129 130//130 134//134
f 128//128 137//137 127//127
f 128//128 129//129 137//137
f 151//151 153//153 152//152
f 159//159 157//157 156//156
f 159//159 158//158 157//157
f 160//160 159//159 156//156
f 148//148 150//150 149//149
f 162//162 156//156 155//155
f 162//162 161//161 160//160
f 162//162 160//160 156//156
f 146//146 148//148 147//147
f 138//138 155//155 154//154
f 138//138 163//163 162//162
f 138//138 162//162 155//155
f 140//140 139//139 138//138
f 140//140 154//154 153//153
f 140//140 153//153 151//151
f 140//140 138//138 154//154
f 141//141 143//143 142//142
f 141//141 144//144 143//143
f 141//141 145//145 144//144
f 141//141 146//146 145//145
f 141//141 151//151 150//150
f 141//141 150//150 148//148
f 141//141 148//148 146//146
f 141//141 140//140 151//151
f 220//220 164//164 165//165
f 218//218 219//219 221//221
f 191//191 189//189 190//190
f 193//193 194//194 192//192
f 222//222 165//165 166//166
f 222//222 166//166 167//167
f 222//222 220//220 165//165
f 223//223 216//216 217//217
f 223//223 217//217 218//218
f 223//223 221//221 220//220
f 223//223 218//218 221//221
f 223//223 220//220 222//222
f 224//224 167//167 168//168
f 224//224 168//168 169//169
f 224//224 222//222 167//167
f 225//225 216//216 223//223
f 225//225 223//223 222//222
f 225//225 214//214 215//215
f 225//225 215//215 216//216
f 225//225 222//222 224//224
f 226//226 169//169 170//170
f 226//226 170//170 171//171
f 226//226 224//224 169//169
f 227//227 214//214 225//225
f 227//227 225//225 224//224
f 227//227 212//212 213//213
f 227//227 213//213 214//214
f 227//227 224//224 226//226
f 228//228 226//226 171//171
f 228//228 171//171 172//172
f 228//228 172//172 173//173
f 228//228 227//227 226//226
f 229//229 210//210 211//211
f 229//229 211//211 212//212
f 229//229 212//212 227//227
f 229//229 227//227 228//228
f 230//230 173//173 174//174
f 230//230 174//174 175//175
f 230//230 228//228 173//173
f 231//231 229//229 228//228
f 231//231 208//208 209//209
f 231//231 209//209 210//210
f 231//231 228//228 230//230
f 231//231 210//210 229//229
f 232//232 175//175 176//176
f 232//232 176//176 177//177
f 232//232 230//230 175//175
f 233//233 231//231 230//230
f 233//233 206//206 207//207
f 233//233 207//207 208//208
f 233//233 208//208 231//231
f 233//233 230//230 232//232
f 234//234 177//177 178//178
f 234//234 178//178 179//179
f 234//234 232//232 177//177
f 235//235 204//204 205//205
f 235//235 205//205 206//206
f 235//235 232//232 234//234
f 235//235 233//233 232//232
f 235//235 206//206 233//233
f 236//236 235//235 234//234
f 236//236 179//179 180//180
f 236//236 180//180 181//181
f 236//236 234//234 179//179
f 237//237 204//204 235//235
f 237//237 235//235 236//236
f 237//237 202//202 203//203
f 237//237 203//203 204//204
f 238//238 181//181 182//182
f 238//238 182//182 183//183
f 238//238 237//237 236//236
f 238//238 236//236 181//181
f 239//239 237//237 238//238
f 239//239 200//200 201//201
f 239//239 201//201 202//202
f 239//239 202//202 237//237
f 240//240 183//183 184//184
f 240//240 184//184 185//185
f 240//240 238//238 183//183
f 241//241 239//239 238//238
f 241//241 198//198 199//199
f 241//241 199//199 200//200
f 241//241 200//200 239//239
f 241//241 238//238 240//240
f 242//242 185//185 186//186
f 242//242 186//186 187//187
f 242//242 240//240 185//185
f 243//243 240//240 242//242
f 243//243 196//196 197//197
f 243//243 197//197 198//198
f 243//243 198//198 241//241
f 243//243 241//241 240//240
f 244//244 187//187 188//188
f 244//244 188//188 189//189
f 244//244 189//189 191//191
f 244//244 242//242 187//187
f 245//245 191//191 192//192
f 245//245 194//194 195//195
f 245//245 195//195 196//196
f 245//245 244//244 191//191
f 245//245 243//243 242//242
f 245//245 192//192 194//194
f 245//245 242//242 244//244
f 245//245 196//196 243//243
f 278//278 279//279 280//280
f 278//278 280//280 281//281
f 277//277 278//278 281//281
f 262//262 248//248 261//261
f 276//276 281//281 282//282
f 276//276 277//277 281//281
f 275//275 276//276 282//282
f 249//249 262//262 263//263
f 249//249 263//263 264//264
f 249//249 248//248 262//262
f 265//265 249//249 264//264
f 274//274 282//282 283//283
f 274//274 275//275 282//282
f 273//273 274//274 283//283
f 250//250 265//265 266//266
f 250//250 266//266 267//267
f 250//250 249//249 265//265
f 272//272 273//273 283//283
f 271//271 283//283 284//284
f 271//271 272//272 283//283
f 270//270 271//271 284//284
f 251//251 267//267 268//268
f 251//251 268//268 269//269
f 251//251 250//250 267//267
f 252//252 251//251 269//269
f 252//252 270//270 284//284
f 252//252 269//269 270//270
f 253//253 252//252 284//284
f 253//253 284//284 285//285
f 254//254 253//253 285//285
f 254//254 285//285 286//286
f 255//255 254//254 286//286
f 255//255 286//286 287//287
f 255//255 287//287 288//288
f 256//256 255//255 288//288
f 256//256 288//288 289//289
f 257//257 256//256 289//289
f 258//258 257//257 289//289
f 258//258 289//289 290//290
f 259//259 258//258 290//290
f 259//259 290//290 291//291
f 259//259 291//291 292//292
f 294//294 292//292 293//293
f 260//260 259//259 292//292
f 260//260 292//292 294//294
f 246//246 260//260 294//294
f 247//247 260//260 246//246
f 307//307 309//309 308//308
f 307//307 310//310 309//309
f 307//307 311//311 310//310
f 307//307 312//312 311//311
f 307//307 313//313 312//312
f 316//316 315//315 314//314
f 319//319 314//314 313//313
f 319//319 317//317 316//316
f 319//319 318//318 317//317
f 319//319 316//316 314//314
f 303//303 305//305 304//304
f 303//303 306//306 305//305
f 303//303 307//307 306//306
f 296//296 295//295 320//320
f 297//297 296//296 320//320
f 299//299 301//301 300//300
f 299//299 302//302 301//301
f 298//298 303//303 302//302
f 298//298 320//320 319//319
f 298//298 313//313 307//307
f 298//298 307//307 303//303
f 298//298 319//319 313//313
f 298//298 302//302 299//299
f 298//298 297//297 320//320
o part_1
v 11.6 0.65 3
v 12.011663727819181 0.65 3.046383362463626
v 12.402684917367482 0.65 3.183207594380524
v 12.753456133438657 0.65 3.403611757434144
v 13.046388242565854 0.65 3.696543866561342
v 13.266792405619475 0.65 4.047315082632517
v 13.403616637536373 0.65 4.438336272180818
v 13.45 0.65 4.85
v 3.25 0.65 3
v 3.25 0.65 11
v 11.6 0.65 11
v 13.45 0.65 9.15
v 13.403616637536373 0.65 9.561663727819182
v 13.266792405619476 0.65 9.952684917367483
v 13.046388242565856 0.65 10.303456133438658
v 12.753456133438657 0.65 10.596388242565855
v 12.402684917367482 0.65 10.816792405619475
v 12.011663727819181 0.65 10.953616637536374
v 9 0.65 7
v 9.036322728217435 0.65 6.700855419640553
v 9.143179967933488 0.65 6.41909603494529
v 9.314361564786124 0.65 6.171096677199007
v 9.539919066586055 0.65 5.97127016763293
v 9.80674389119683 0.65 5.831229696643232
v 10.099329149680845 0.65 5.759113907377433
v 10.400670850319152 0.65 5.759113907377432
v 10.693256108803167 0.65 5.831229696643231
v 10.960080933413943 0.65 5.9712701676329285
v 11.185638435213875 0.65 6.171096677199004
v 11.35682003206651 0.65 6.419096034945286
v 11.463677271782565 0.65 6.70085541964055
v 11.5 0.65 6.9999999999999964
v 11.463677271782565 0.65 7.299144580359443
v 11.356820032066514 0.65 7.580903965054707
v 11.18563843521388 0.65 7.828903322800991
v 10.960080933413948 0.65 8.028729832367068
v 10.693256108803174 0.65 8.168770303356766
v 10.400670850319159 0.65 8.240886092622567
v 10.099329149680852 0.65 8.240886092622569
v 9.806743891196835 0.65 8.16877030335677
v 9.539919066586059 0.65 8.028729832367073
v 9.314361564786125 0.65 7.828903322800996
v 9.143179967933488 0.65 7.580903965054713
v 9.036322728217435 0.65 7.299144580359449
v 3.25 0 3
v 3.25 0 11
v 3.25 0.65 11
v 3.25 0.65 3
v 11.6 0.65 11
v 11.6 -0.65 11
v 3.25 0.65 11
v 3.25 0 11
v 3.25 -0.65 11
v 11.6 -0.65 3
v 11.6 0.65 3
v 3.25 -0.65 3
v 3.25 0 3
v 3.25 0.65 3
v 9 0.65 7
v 9 -0.65 7
v 9.036322728217435 -0.65 7.299144580359447
v 9.143179967933488 -0.65 7.58090396505471
v 9.314361564786124 -0.65 7.828903322800993
v 9.539919066586055 -0.65 8.02872983236707
v 9.80674389119683 -0.65 8.168770303356768
v 10.099329149680845 -0.65 8.240886092622567
v 10.400670850319152 -0.65 8.240886092622567
v 10.693256108803167 -0.65 8.16877030335677
v 10.960080933413943 -0.65 8.028729832367071
v 11.185638435213875 -0.65 7.828903322800996
v 11.35682003206651 -0.65 7.580903965054714
v 11.463677271782565 -0.65 7.29914458035945
v 11.5 -0.65 7.0000000000000036
v 11.463677271782565 -0.65 6.700855419640557
v 11.356820032066514 -0.65 6.419096034945293
v 11.18563843521388 -0.65 6.171096677199009
v 10.960080933413948 -0.65 5.971270167632932
v 10.693256108803174 -0.65 5.831229696643233
v 10.400670850319159 -0.65 5.759113907377433
v 10.099329149680852 -0.65 5.759113907377432
v 9.806743891196835 -0.65 5.83122969664323
v 9.539919066586059 -0.65 5.971270167632928
v 9.314361564786125 -0.65 6.171096677199004
v 9.143179967933488 -0.65 6.419096034945287
v 9.036322728217435 -0.65 6.700855419640551
v 9 -0.65 7
v 9 0.65 7
v 9.036322728217435 0.65 6.700855419640553
v 9.143179967933488 0.65 6.41909603494529
v 9.314361564786124 0.65 6.171096677199007
v 9.539919066586055 0.65 5.97127016763293
v 9.80674389119683 0.65 5.831229696643232
v 10.099329149680845 0.65 5.759113907377433
v 10.400670850319152 0.65 5.759113907377432
v 10.693256108803167 0.65 5.831229696643231
v 10.960080933413943 0.65 5.9712701676329285
v 11.185638435213875 0.65 6.171096677199004
v 11.35682003206651 0.65 6.419096034945286
v 11.463677271782565 0.65 6.70085541964055
v 11.5 0.65 6.9999999999999964
v 11.463677271782565 0.65 7.299144580359443
v 11.356820032066514 0.65 7.580903965054707
v 11.18563843521388 0.65 7.828903322800991
v 10.960080933413948 0.65 8.028729832367068
v 10.693256108803174 0.65 8.168770303356766
v 10.400670850319159 0.65 8.240886092622567
v 10.099329149680852 0.65 8.240886092622569
v 9.806743891196835 0.65 8.16877030335677
v 9.539919066586059 0.65 8.028729832367073
v 9.314361564786125 0.65 7.828903322800996
v 9.143179967933488 0.65 7.580903965054713
v 9.036322728217435 0.65 7.299144580359449
v 3.25 0 3
v 3.25 0 11
v 3.25 -0.65 3
v 3.25 -0.65 11
v 13.45 0.65 9.15
v 13.403616637536373 0.65 9.561663727819182
v 13.266792405619476 0.65 9.952684917367483
v 13.046388242565856 0.65 10.303456133438658
v 12.753456133438657 0.65 10.596388242565855
v 12.402684917367482 0.65 10.816792405619475
v 12.011663727819181 0.65 10.953616637536374
v 11.6 0.65 11
v 11.6 -0.65 11
v 12.011663727819181 -0.65 10.953616637536374
v 12.402684917367482 -0.65 10.816792405619477
v 12.753456133438657 -0.65 10.596388242565856
v 13.046388242565854 -0.65 10.303456133438658
v 13.266792405619475 -0.65 9.952684917367483
v 13.403616637536373 -0.65 9.561663727819182
v 13.45 -0.65 9.15
v 13.45 0.65 4.85
v 13.45 -0.65 4.85
v 13.45 0.65 9.15
v 13.45 -0.65 9.15
v 3.25 -0.65 3
v 11.6 -0.65 3
v 3.25 -0.65 11
v 11.6 -0.65 11
v 12.011663727819181 -0.65 10.953616637536374
v 12.402684917367482 -0.65 10.816792405619477
v 12.753456133438657 -0.65 10.596388242565856
v 13.046388242565854 -0.65 10.303456133438658
v 13.266792405619475 -0.65 9.952684917367483
v 13.403616637536373 -0.65 9.561663727819182
v 13.45 -0.65 9.15
v 13.45 -0.65 4.85
v 13.403616637536373 -0.65 4.438336272180819
v 13.266792405619476 -0.65 4.047315082632517
v 13.046388242565856 -0.65 3.696543866561343
v 12.753456133438657 -0.65 3.4036117574341445
v 12.402684917367482 -0.65 3.1832075943805243
v 12.011663727819181 -0.65 3.046383362463626
v 9 -0.65 7
v 9.036322728217435 -0.65 7.299144580359447
v 9.143179967933488 -0.65 7.58090396505471
v 9.314361564786124 -0.65 7.828903322800993
v 9.539919066586055 -0.65 8.02872983236707
v 9.80674389119683 -0.65 8.168770303356768
v 10.099329149680845 -0.65 8.240886092622567
v 10.400670850319152 -0.65 8.240886092622567
v 10.693256108803167 -0.65 8.16877030335677
v 10.960080933413943 -0.65 8.028729832367071
v 11.185638435213875 -0.65 7.828903322800996
v 11.35682003206651 -0.65 7.580903965054714
v 11.463677271782565 -0.65 7.29914458035945
v 11.5 -0.65 7.0000000000000036
v 11.463677271782565 -0.65 6.700855419640557
v 11.356820032066514 -0.65 6.419096034945293
v 11.18563843521388 -0.65 6.171096677199009
v 10.960080933413948 -0.65 5.971270167632932
v 10.693256108803174 -0.65 5.831229696643233
v 10.400670850319159 -0.65 5.759113907377433
v 10.099329149680852 -0.65 5.759113907377432
v 9.806743891196835 -0.65 5.83122969664323
v 9.539919066586059 -0.65 5.971270167632928
v 9.314361564786125 -0.65 6.171096677199004
v 9.143179967933488 -0.65 6.419096034945287
v 9.036322728217435 -0.65 6.700855419640551
v 11.6 0.65 3
v 12.011663727819181 0.65 3.046383362463626
v 12.402684917367482 0.65 3.183207594380524
v 12.753456133438657 0.65 3.403611757434144
v 13.046388242565854 0.65 3.696543866561342
v 13.266792405619475 0.65 4.047315082632517
v 13.403616637536373 0.65 4.438336272180818
v 13.45 0.65 4.85
v 13.45 -0.65 4.85
v 13.403616637536373 -0.65 4.438336272180819
v 13.266792405619476 -0.65 4.047315082632517
v 13.046388242565856 -0.65 3.696543866561343
v 12.753456133438657 -0.65 3.4036117574341445
v 12.402684917367482 -0.65 3.1832075943805243
v 12.011663727819181 -0.65 3.046383362463626
v 11.6 -0.65 3
vn 0 1 0
vn 0 1 0
vn 0 1 0
vn 0 1 0
vn 0 1 0
vn 0 1 0
vn 0 1 0
vn 0 1 0
vn 0 1 0
vn 0 1 0
vn 0 1 0
vn 0 1 0
vn 0 1 0
vn 0 1 0
vn 0 1 0
vn 0 1 0
vn 0 1 0
vn 0 1 0
vn 0 1 0
vn 0 1 0
vn 0 1 0
vn 0 1 0
vn 0 1 0
vn 0 1 0
vn 0 1 0
vn 0 1 0
vn 0 1 0
vn 0 1 0
vn 0 1 0
vn 0 1 0
vn 0 1 0
vn 0 1 0
vn 0 1 0
vn 0 1 0
vn 0 1 0
vn 0 1 0
vn 0 1 0
vn 0 1 0
vn 0 1 0
vn 0 1 0
vn 0 1 0
vn 0 1 0
vn 0 1 0
vn 0 1 0
vn -1 0 0
vn -1 0 0
vn -1 0 0
vn -1 0 0
vn 0 0 1
vn 0 0 1
vn 0 0 1
vn 0 0 1
vn 0 0 1
vn 0 0 -1
vn 0 0 -1
vn 0 0 -1
vn 0 0 -1
vn 0 0 -1
vn 0.9927088733787653 8.235236730063796e-17 -0.12053668617919822
vn 0.9927088733787653 0 -0.12053668617919822
vn 0.9798256550392538 2.1782681305317765e-16 -0.19985416114481386
vn 0.9035254831583115 7.97058701699878e-16 -0.42853436418044694
vn 0.7747157022179396 6.147091586131743e-16 -0.6323097189961298
vn 0.6008822318232951 6.747801149315484e-16 -0.7993375654121704
vn 0.3921276953959303 2.6853342774652423e-16 -0.919910794861913
vn 0.1605841068250238 5.807018062349213e-16 -0.9870221601540715
vn -0.08029205239015198 8.972994696002478e-16 -0.9967713811717193
vn -0.3165018924366616 2.779204233324594e-17 -0.948591878567391
vn -0.5343178303161787 9.333256498243514e-17 -0.8452836542878438
vn -0.7210811854488807 4.588768094049137e-16 -0.6928505784017484
vn -0.8659378521832461 4.820166250271236e-16 -0.5001516131697133
vn -0.9604693863354042 -5.829833728384091e-16 -0.2783856280638283
vn -1 -8.674924842317683e-19 0
vn -0.9709418166702946 1.3080308872658526e-15 0.23931566735378643
vn -0.9035254831583115 5.188523677684815e-16 0.42853436418044694
vn -0.7485107929751862 -2.255983361836848e-16 0.6631226076674344
vn -0.5680647507330577 -7.956236080996107e-17 0.822983863131343
vn -0.3546049074985718 -4.359530442375012e-17 0.9350162349274633
vn -0.12053668638936572 1.941382663161903e-17 0.9927088733532464
vn 0.08029205239015198 2.1629107764582744e-16 0.9967713811717193
vn 0.3546048814437308 -2.0667519871969957e-16 0.9350162448087614
vn 0.6008822318232951 -2.9843712982763596e-16 0.7993375654121704
vn 0.7485107633901565 -3.3637811145377017e-16 0.6631226410620324
vn 0.8854560388270303 -6.081537833451906e-16 0.4647231469431501
vn 0.9798256550392538 -2.1753789541485464e-16 0.19985416114481386
vn 0.9927088733787653 0 0.12053668617919822
vn 0.9927088733787653 -8.192178336499369e-17 0.12053668617919822
vn 0.9604693863354042 -4.611915277755082e-16 0.2783856280638283
vn 0.8854560265636152 -9.52220358416343e-16 0.4647231703091362
vn 0.7485107633901565 -3.9003770055809586e-16 0.6631226410620324
vn 0.5343178303161787 -5.800152510535047e-17 0.8452836542878438
vn 0.3546049074985718 -4.636285758339593e-16 0.9350162349274633
vn 0.1605841068250238 -3.514787032698322e-16 0.9870221601540715
vn -0.12053669352152915 9.38690498548138e-18 0.9927088724872449
vn -0.3546049074985718 -2.177467147960359e-17 0.9350162349274633
vn -0.5680647507330577 -1.3319198730844444e-16 0.822983863131343
vn -0.7485107633901565 -3.479014650814191e-16 0.6631226410620324
vn -0.8659378263684625 -4.820165577179979e-16 0.5001516578641548
vn -0.9709418200839709 6.026424351544243e-16 0.23931565350395673
vn -1 -1.7349849684635366e-18 0
vn -0.9798256550392538 -1.092345524443933e-15 -0.19985416114481386
vn -0.9035254831583115 -5.188523677684815e-16 -0.42853436418044694
vn -0.7747157022179396 7.625526413371581e-17 -0.6323097189961298
vn -0.6008822318232951 -6.443932844233361e-17 -0.7993375654121704
vn -0.3921276953959303 -5.837774406026617e-16 -0.919910794861913
vn -0.1605841068250238 -1.254233612481413e-17 -0.9870221601540715
vn 0.08029205239015198 4.64717314308593e-16 -0.9967713811717193
vn 0.3165018924366616 -1.1096206240910468e-16 -0.948591878567391
vn 0.5343178303161787 2.3084063607080034e-16 -0.8452836542878438
vn 0.7210811854488807 3.0236029050012287e-16 -0.6928505784017484
vn 0.8659378263684625 6.478382800566203e-16 -0.5001516578641548
vn 0.9604693863354042 4.616776717282422e-16 -0.2783856280638283
vn -1 0 0
vn -1 0 0
vn -1 0 0
vn -1 0 0
vn 0.9937122100189533 0 0.11196447498759578
vn 0.974927909041244 -3.2414870485940313e-16 0.22252094771609193
vn 0.9009688810127419 -1.230451771011181e-15 0.43388371189369135
vn 0.8046809644761854 -1.0995388973432294e-15 0.5937074577682817
vn 0.6523935574230116 3.878295066073905e-16 0.7578803640634502
vn 0.4673924890340224 1.2079908874386317e-15 0.8840499200806373
vn 0.25895437128765914 4.3233182883898813e-16 0.9658895555864622
vn 0.11196447498759578 0 0.9937122100189533
vn 0.11196447498759578 0 0.9937122100189533
vn 0.1857739476547939 0 0.9825925098293564
vn 0.3997636261603702 8.201613896745788e-16 0.916618264709531
vn 0.5937074577682817 1.0995388973432294e-15 0.8046809644761854
vn 0.7578803640634502 -3.878295066073905e-16 0.6523935574230116
vn 0.9009688689332263 -9.063030842571924e-16 0.4338837369770652
vn 0.9749279122739302 0 0.22252093355276922
vn 0.9937122100189533 0 0.11196447498759578
vn 1 0 0
vn 1 0 0
vn 1 0 0
vn 1 0 0
vn 0 -1 0
vn 0 -1 0
vn 0 -1 0
vn 0 -1 0
vn 0 -1 0
vn 0 -1 0
vn 0 -1 0
vn 0 -1 0
vn 0 -1 0
vn 0 -1 0
vn 0 -1 0
vn 0 -1 0
vn 0 -1 0
vn 0 -1 0
vn 0 -1 0
vn 0 -1 0
vn 0 -1 0
vn 0 -1 0
vn 0 -1 0
vn 0 -1 0
vn 0 -1 0
vn 0 -1 0
vn 0 -1 0
vn 0 -1 0
vn 0 -1 0
vn 0 -1 0
vn 0 -1 0
vn 0 -1 0
vn 0 -1 0
vn 0 -1 0
vn 0 -1 0
vn 0 -1 0
vn 0 -1 0
vn 0 -1 0
vn 0 -1 0
vn 0 -1 0
vn 0 -1 0
vn 0 -1 0
vn 0 -1 0
vn 0 -1 0
vn 0 -1 0
vn 0 -1 0
vn 0 -1 0
vn 0 -1 0
vn 0.11196447498759578 0 -0.9937122100189533
vn 0.22252094771609193 -8.103717621485078e-17 -0.974927909041244
vn 0.43388371189369135 -3.0761294275279526e-16 -0.9009688810127419
vn 0.6234897816135448 -8.313238536092947e-17 -0.7818314986130287
vn 0.8046809644761854 8.188088249557456e-16 -0.5937074577682817
vn 0.916618264709531 7.432953650925321e-16 -0.3997636261603702
vn 0.9825925098293564 -1.0338271866308984e-16 -0.1857739476547939
vn 0.9937122100189533 0 -0.11196447498759578
vn 0.9937122100189533 -3.8247857359056955e-17 -0.11196447498759578
vn 0.9658895555864622 3.2894910369045827e-16 -0.25895437128765914
vn 0.8840499200806373 1.0870210262593483e-15 -0.4673924890340224
vn 0.7578803640634502 3.491344753166256e-16 -0.6523935574230116
vn 0.6234898180475098 -2.670791851751619e-16 -0.7818314695579113
vn 0.4338837369770652 -2.265757710642981e-16 -0.9009688689332263
vn 0.22252093355276922 0 -0.9749279122739302
vn 0.11196447498759578 0 -0.9937122100189533
f 361//361 330//330 331//331
f 361//361 362//362 330//330
f 363//363 330//330 362//362
f 360//360 361//361 331//331
f 364//364 330//330 363//363
f 359//359 360//360 331//331
f 339//339 329//329 330//330
f 339//339 330//330 364//364
f 358//358 359//359 331//331
f 340//340 329//329 339//339
f 357//357 358//358 331//331
f 341//341 329//329 340//340
f 356//356 336//336 335//335
f 356//356 337//337 336//336
f 356//356 338//338 337//337
f 356//356 331//331 338//338
f 356//356 357//357 331//331
f 342//342 329//329 341//341
f 334//334 356//356 335//335
f 343//343 329//329 342//342
f 333//333 356//356 334//334
f 332//332 353//353 354//354
f 332//332 354//354 355//355
f 332//332 355//355 356//356
f 332//332 356//356 333//333
f 352//352 353//353 332//332
f 321//321 343//343 344//344
f 321//321 344//344 345//345
f 321//321 345//345 346//346
f 321//321 346//346 347//347
f 321//321 347//347 348//348
f 321//321 329//329 343//343
f 328//328 352//352 332//332
f 328//328 348//348 349//349
f 328//328 349//349 350//350
f 328//328 350//350 351//351
f 328//328 351//351 352//352
f 327//327 348//348 328//328
f 322//322 321//321 348//348
f 323//323 322//322 348//348
f 326//326 348//348 327//327
f 325//325 348//348 326//326
f 324//324 323//323 348//348
f 324//324 348//348 325//325
f 367//367 365//365 366//366
f 367//367 368//368 365//365
f 370//370 372//372 373//373
f 369//369 371//371 372//372
f 369//369 372//372 370//370
f 377//377 375//375 374//374
f 377//377 374//374 376//376
f 378//378 375//375 377//377
f 379//379 381//381 380//380
f 432//432 382//382 381//381
f 432//432 381//381 379//379
f 431//431 383//383 382//382
f 431//431 382//382 432//432
f 430//430 384//384 383//383
f 430//430 383//383 431//431
f 429//429 385//385 384//384
f 429//429 384//384 430//430
f 428//428 386//386 385//385
f 428//428 385//385 429//429
f 427//427 387//387 386//386
f 427//427 386//386 428//428
f 426//426 388//388 387//387
f 426//426 387//387 427//427
f 425//425 389//389 388//388
f 425//425 388//388 426//426
f 424//424 390//390 389//389
f 424//424 389//389 425//425
f 423//423 391//391 390//390
f 423//423 390//390 424//424
f 422//422 391//391 423//423
f 422//422 392//392 391//391
f 421//421 392//392 422//422
f 421//421 393//393 392//392
f 420//420 393//393 421//421
f 419//419 394//394 393//393
f 419//419 393//393 420//420
f 419//419 395//395 394//394
f 418//418 396//396 395//395
f 418//418 395//395 419//419
f 417//417 396//396 418//418
f 416//416 397//397 396//396
f 416//416 398//398 397//397
f 416//416 396//396 417//417
f 415//415 398//398 416//416
f 414//414 399//399 398//398
f 414//414 400//400 399//399
f 414//414 398//398 415//415
f 413//413 401//401 400//400
f 413//413 400//400 414//414
f 412//412 401//401 413//413
f 411//411 402//402 401//401
f 411//411 401//401 412//412
f 410//410 403//403 402//402
f 410//410 404//404 403//403
f 410//410 402//402 411//411
f 409//409 404//404 410//410
f 408//408 405//405 404//404
f 408//408 404//404 409//409
f 407//407 406//406 405//405
f 407//407 405//405 408//408
f 434//434 433//433 435//435
f 434//434 435//435 436//436
f 444//444 445//445 446//446
f 443//443 446//446 447//447
f 443//443 444//444 446//446
f 442//442 447//447 448//448
f 442//442 443//443 447//447
f 441//441 448//448 449//449
f 441//441 442//442 448//448
f 440//440 449//449 450//450
f 440//440 441//441 449//449
f 439//439 440//440 450//450
f 438//438 450//450 451//451
f 438//438 451//451 452//452
f 438//438 439//439 450//450
f 437//437 438//438 452//452
f 453//453 455//455 456//456
f 453//453 456//456 454//454
f 479//479 460//460 459//459
f 479//479 459//459 478//478
f 477//477 478//478 459//459
f 480//480 460//460 479//479
f 476//476 477//477 459//459
f 481//481 460//460 480//480
f 475//475 459//459 457//457
f 475//475 476//476 459//459
f 482//482 460//460 481//481
f 500//500 475//475 457//457
f 483//483 460//460 482//482
f 499//499 500//500 457//457
f 484//484 461//461 460//460
f 484//484 462//462 461//461
f 484//484 463//463 462//462
f 484//484 464//464 463//463
f 484//484 460//460 483//483
f 498//498 499//499 457//457
f 465//465 464//464 484//484
f 497//497 498//498 457//457
f 466//466 465//465 484//484
f 467//467 484//484 485//485
f 467//467 485//485 486//486
f 467//467 486//486 487//487
f 467//467 466//466 484//484
f 488//488 467//467 487//487
f 468//468 488//488 489//489
f 468//468 489//489 490//490
f 468//468 490//490 491//491
f 468//468 491//491 492//492
f 468//468 467//467 488//488
f 458//458 492//492 493//493
f 458//458 493//493 494//494
f 458//458 494//494 495//495
f 458//458 495//495 496//496
f 458//458 496//496 497//497
f 458//458 497//497 457//457
f 469//469 468//468 492//492
f 474//474 492//492 458//458
f 470//470 469//469 492//492
f 473//473 492//492 474//474
f 471//471 470//470 492//492
f 472//472 492//492 473//473
f 472//472 471//471 492//492
f 507//507 508//508 509//509
f 507//507 509//509 510//510
f 506//506 510//510 511//511
f 506//506 507//507 510//510
f 505//505 511//511 512//512
f 505//505 506//506 511//511
f 504//504 512//512 513//513
f 504//504 513//513 514//514
f 504//504 505//505 512//512
f 503//503 504//504 514//514
f 502//502 514//514 515//515
f 502//502 515//515 516//516
f 502//502 503//503 514//514
f 501//501 502//502 516//516
o part_2
v 1.25 1.53080849893419e-16 32.05
v 1.2136772717825652 0.2991445803594468 32.05
v 1.1068200320665127 0.5809039650547101 32.05
v 0.935638435213877 0.8289033228009933 32.05
v 0.7100809334139457 1.0287298323670697 32.05
v 0.4432561088031709 1.168770303356768 32.05
v 0.15067085031915556 1.2408860926225673 32.05
v -0.15067085031915178 1.2408860926225678 32.05
v -0.44325610880316735 1.1687703033567693 32.05
v -0.7100809334139426 1.028729832367072 32.05
v -0.9356384352138745 0.8289033228009961 32.05
v -1.106820032066511 0.5809039650547134 32.05
v -1.2136772717825641 0.29914458035945046 32.05
v -1.25 3.636830773662308e-15 32.05
v -1.213677271782566 -0.2991445803594434 32.05
v -1.1068200320665142 -0.580903965054707 32.05
v -0.9356384352138792 -0.8289033228009907 32.05
v -0.7100809334139486 -1.0287298323670677 32.05
v -0.4432561088031742 -1.1687703033567667 32.05
v -0.15067085031915903 -1.2408860926225669 32.05
v 0.15067085031914834 -1.2408860926225682 32.05
v 0.4432561088031651 -1.1687703033567702 32.05
v 0.7100809334139415 -1.0287298323670726 32.05
v 0.9356384352138745 -0.8289033228009962 32.05
v 1.1068200320665114 -0.5809039650547125 32.05
v 1.2136772717825648 -0.29914458035944846 32.05
v 1.25 1.53080849893419e-16 32.05
v 1.25 1.53080849893419e-16 16.3
v 1.2136772717825652 0.2991445803594468 16.3
v 1.1068200320665127 0.5809039650547101 16.3
v 0.935638435213877 0.8289033228009933 16.3
v 0.7100809334139457 1.0287298323670697 16.3
v 0.4432561088031709 1.168770303356768 16.3
v 0.15067085031915556 1.2408860926225673 16.3
v -0.15067085031915178 1.2408860926225678 16.3
v -0.44325610880316735 1.1687703033567693 16.3
v -0.7100809334139426 1.028729832367072 16.3
v -0.9356384352138745 0.8289033228009961 16.3
v -1.106820032066511 0.5809039650547134 16.3
v -1.2136772717825641 0.29914458035945046 16.3
v -1.25 3.636830773662308e-15 16.3
v -1.213677271782566 -0.2991445803594434 16.3
v -1.1068200320665142 -0.580903965054707 16.3
v -0.9356384352138792 -0.8289033228009907 16.3
v -0.7100809334139486 -1.0287298323670677 16.3
v -0.4432561088031742 -1.1687703033567667 16.3
v -0.15067085031915903 -1.2408860926225669 16.3
v 0.15067085031914834 -1.2408860926225682 16.3
v 0.4432561088031651 -1.1687703033567702 16.3
v 0.7100809334139415 -1.0287298323670726 16.3
v 0.9356384352138745 -0.8289033228009962 16.3
v 1.1068200320665114 -0.5809039650547125 16.3
v 1.2136772717825648 -0.29914458035944846 16.3
v 1.25 1.53080849893419e-16 16.3
v 1.25 1.53080849893419e-16 32.05
v 1.2136772717825652 0.2991445803594468 32.05
v 1.1068200320665127 0.5809039650547101 32.05
v 0.935638435213877 0.8289033228009933 32.05
v 0.7100809334139457 1.0287298323670697 32.05
v 0.4432561088031709 1.168770303356768 32.05
v 0.15067085031915556 1.2408860926225673 32.05
v -0.15067085031915178 1.2408860926225678 32.05
v -0.44325610880316735 1.1687703033567693 32.05
v -0.7100809334139426 1.028729832367072 32.05
v -0.9356384352138745 0.8289033228009961 32.05
v -1.106820032066511 0.5809039650547134 32.05
v -1.2136772717825641 0.29914458035945046 32.05
v -1.25 3.636830773662308e-15 32.05
v -1.213677271782566 -0.2991445803594434 32.05
v -1.1068200320665142 -0.580903965054707 32.05
v -0.9356384352138792 -0.8289033228009907 32.05
v -0.7100809334139486 -1.0287298323670677 32.05
v -0.4432561088031742 -1.1687703033567667 32.05
v -0.15067085031915903 -1.2408860926225669 32.05
v 0.15067085031914834 -1.2408860926225682 32.05
v 0.4432561088031651 -1.1687703033567702 32.05
v 0.7100809334139415 -1.0287298323670726 32.05
v 0.9356384352138745 -0.8289033228009962 32.05
v 1.1068200320665114 -0.5809039650547125 32.05
v 1.2136772717825648 -0.29914458035944846 32.05
v 1.25 1.53080849893419e-16 16.3
v 1.2136772717825652 0.2991445803594468 16.3
v 1.1068200320665127 0.5809039650547101 16.3
v 0.935638435213877 0.8289033228009933 16.3
v 0.7100809334139457 1.0287298323670697 16.3
v 0.4432561088031709 1.168770303356768 16.3
v 0.15067085031915556 1.2408860926225673 16.3
v -0.15067085031915178 1.2408860926225678 16.3
v -0.44325610880316735 1.1687703033567693 16.3
v -0.7100809334139426 1.028729832367072 16.3
v -0.9356384352138745 0.8289033228009961 16.3
v -1.106820032066511 0.5809039650547134 16.3
v -1.2136772717825641 0.29914458035945046 16.3
v -1.25 3.636830773662308e-15 16.3
v -1.213677271782566 -0.2991445803594434 16.3
v -1.1068200320665142 -0.580903965054707 16.3
v -0.9356384352138792 -0.8289033228009907 16.3
v -0.7100809334139486 -1.0287298323670677 16.3
v -0.4432561088031742 -1.1687703033567667 16.3
v -0.15067085031915903 -1.2408860926225669 16.3
v 0.15067085031914834 -1.2408860926225682 16.3
v 0.4432561088031651 -1.1687703033567702 16.3
v 0.7100809334139415 -1.0287298323670726 16.3
v 0.9356384352138745 -0.8289033228009962 16.3
v 1.1068200320665114 -0.5809039650547125 16.3
v 1.2136772717825648 -0.29914458035944846 16.3
vn 0.9927088742447667 0.1205366790470352 0
vn 0.9798256608752107 0.19985413253284684 0
vn 0.8854560265636152 0.4647231703091362 0
vn 0.7485107371801073 0.6631226706470623 0
vn 0.5680647507330577 0.822983863131343 0
vn 0.35460488773597626 0.9350162424224275 0
vn 0.1605841017554628 0.9870221609788663 0
vn -0.08029205239015198 0.9967713811717193 0
vn -0.3165019371487506 0.9485918636490027 0
vn -0.568064791103427 0.8229838352656872 0
vn -0.7485107371801073 0.6631226706470623 0
vn -0.8854560265636152 0.4647231703091362 0
vn -0.9709418200839709 0.23931565350395673 0
vn -0.9991819328436488 0.04044088375431577 0
vn -0.9798256608752107 -0.19985413253284684 0
vn -0.9035254716190987 -0.42853438850981995 0
vn -0.7485107371801073 -0.6631226706470623 0
vn -0.5680647507330577 -0.822983863131343 0
vn -0.3921276953959303 -0.919910794861913 0
vn -0.1605841017554628 -0.9870221609788663 0
vn 0.08029205239015198 -0.9967713811717193 0
vn 0.3165019371487506 -0.9485918636490027 0
vn 0.5343178572366243 -0.8452836372709828 0
vn 0.7485107371801073 -0.6631226706470623 0
vn 0.8854560265636152 -0.4647231703091362 0
vn 0.9604693896847012 -0.2783856165082846 0
vn 0.9927088742447667 -0.1205366790470352 0
vn 0.9927088742447667 0.1205366790470352 0
vn 0.9604693896847012 0.2783856165082846 0
vn 0.8854560265636152 0.4647231703091362 0
vn 0.7485107371801073 0.6631226706470623 0
vn 0.5680647507330577 0.822983863131343 0
vn 0.35460493355341205 0.9350162250461648 0
vn 0.08029205239015198 0.9967713811717193 0
vn -0.1605841162723648 0.987022158617031 0
vn -0.3921276916768722 0.919910796447225 0
vn -0.5680647507330577 0.822983863131343 0
vn -0.7485107371801073 0.6631226706470623 0
vn -0.8854560265636152 0.4647231703091362 0
vn -0.9709418200839709 0.23931565350395673 0
vn -0.9991819328436488 -0.04044088375431577 0
vn -0.9604693896847012 -0.2783856165082846 0
vn -0.8659378521832461 -0.5001516131697133 0
vn -0.7485107371801073 -0.6631226706470623 0
vn -0.5680647507330577 -0.822983863131343 0
vn -0.3165019371487506 -0.9485918636490027 0
vn -0.08029205239015198 -0.9967713811717193 0
vn 0.1605841162723648 -0.987022158617031 0
vn 0.3921276916768722 -0.919910796447225 0
vn 0.6008822223680425 -0.7993375725199225 0
vn 0.7485107371801073 -0.6631226706470623 0
vn 0.8854560265636152 -0.4647231703091362 0
vn 0.9798256608752107 -0.19985413253284684 0
vn 0.9927088742447667 -0.1205366790470352 0
vn 0 0 1
vn 0 0 1
vn 0 0 1
vn 0 0 1
vn 0 0 1
vn 0 0 1
vn 0 0 1
vn 0 0 1
vn 0 0 1
vn 0 0 1
vn 0 0 1
vn 0 0 1
vn 0 0 1
vn 0 0 1
vn 0 0 1
vn 0 0 1
vn 0 0 1
vn 0 0 1
vn 0 0 1
vn 0 0 1
vn 0 0 1
vn 0 0 1
vn 0 0 1
vn 0 0 1
vn 0 0 1
vn 0 0 1
vn 0 0 -1
vn 0 0 -1
vn 0 0 -1
vn 0 0 -1
vn 0 0 -1
vn 0 0 -1
vn 0 0 -1
vn 0 0 -1
vn 0 0 -1
vn 0 0 -1
vn 0 0 -1
vn 0 0 -1
vn 0 0 -1
vn 0 0 -1
vn 0 0 -1
vn 0 0 -1
vn 0 0 -1
vn 0 0 -1
vn 0 0 -1
vn 0 0 -1
vn 0 0 -1
vn 0 0 -1
vn 0 0 -1
vn 0 0 -1
vn 0 0 -1
vn 0 0 -1
f 518//518 517//517 544//544
f 518//518 544//544 545//545
f 519//519 545//545 546//546
f 519//519 546//546 547//547
f 519//519 518//518 545//545
f 520//520 519//519 547//547
f 521//521 547//547 548//548
f 521//521 548//548 549//549
f 521//521 520//520 547//547
f 522//522 521//521 549//549
f 523//523 549//549 550//550
f 523//523 522//522 549//549
f 524//524 550//550 551//551
f 524//524 523//523 550//550
f 525//525 551//551 552//552
f 525//525 524//524 551//551
f 526//526 552//552 553//553
f 526//526 553//553 554//554
f 526//526 525//525 552//552
f 527//527 526//526 554//554
f 528//528 527//527 554//554
f 528//528 554//554 555//555
f 528//528 555//555 556//556
f 529//529 528//528 556//556
f 530//530 529//529 556//556
f 530//530 556//556 557//557
f 531//531 530//530 557//557
f 531//531 557//557 558//558
f 532//532 531//531 558//558
f 532//532 558//558 559//559
f 533//533 532//532 559//559
f 533//533 559//559 560//560
f 533//533 560//560 561//561
f 534//534 533//533 561//561
f 535//535 534//534 561//561
f 535//535 561//561 562//562
f 536//536 535//535 562//562
f 536//536 562//562 563//563
f 537//537 536//536 563//563
f 537//537 563//563 564//564
f 538//538 537//537 564//564
f 538//538 564//564 565//565
f 539//539 538//538 565//565
f 539//539 565//565 566//566
f 540//540 539//539 566//566
f 540//540 566//566 567//567
f 540//540 567//567 568//568
f 541//541 540//540 568//568
f 542//542 568//568 569//569
f 542//542 541//541 568//568
f 543//543 569//569 570//570
f 543//543 542//542 569//569
f 580//580 578//578 579//579
f 594//594 595//595 596//596
f 593//593 594//594 596//596
f 582//582 580//580 581//581
f 590//590 591//591 592//592
f 590//590 592//592 593//593
f 586//586 584//584 585//585
f 588//588 589//589 590//590
f 587//587 571//571 572//572
f 587//587 572//572 573//573
f 587//587 573//573 574//574
f 587//587 574//574 575//575
f 587//587 575//575 576//576
f 587//587 576//576 577//577
f 587//587 577//577 578//578
f 587//587 582//582 583//583
f 587//587 583//583 584//584
f 587//587 596//596 571//571
f 587//587 588//588 590//590
f 587//587 580//580 582//582
f 587//587 578//578 580//580
f 587//587 584//584 586//586
f 587//587 593//593 596//596
f 587//587 590//590 593//593
f 606//606 605//605 604//604
f 620//620 622//622 621//621
f 619//619 622//622 620//620
f 608//608 607//607 606//606
f 616//616 618//618 617//617
f 616//616 619//619 618//618
f 612//612 611//611 610//610
f 614//614 616//616 615//615
f 613//613 598//598 597//597
f 613//613 599//599 598//598
f 613//613 600//600 599//599
f 613//613 601//601 600//600
f 613//613 602//602 601//601
f 613//613 603//603 602//602
f 613//613 604//604 603//603
f 613//613 609//609 608//608
f 613//613 610//610 609//609
f 613//613 597//597 622//622
f 613//613 616//616 614//614
f 613//613 608//608 606//606
f 613//613 606//606 604//604
f 613//613 612//612 610//610
f 613//613 622//622 619//619
f 613//613 619//619 616//616
o part_3
v 0.2 0 -70.7
v 0.19418836348521024 0.04786313285751155 -70.7
v 0.17709120513064183 0.09294463440875371 -70.7
v 0.14970214963422007 0.13262453164815904 -70.7
v 0.11361294934623103 0.16459677317873128 -70.7
v 0.070920977408507 0.18700324853708294 -70.7
v 0.024107336051064493 0.1985417748196108 -70.7
v -0.02410733605106473 0.1985417748196108 -70.7
v -0.07092097740850725 0.18700324853708297 -70.7
v -0.1136129493462313 0.1645967731787313 -70.7
v -0.14970214963422035 0.1326245316481591 -70.7
v -0.17709120513064208 0.09294463440875382 -70.7
v -0.19418836348521054 0.04786313285751171 -70.7
v -0.20000000000000018 2.0212861992297212e-16 -70.7
v -0.19418836348521065 -0.047863132857511315 -70.7
v -0.1770912051306423 -0.09294463440875346 -70.7
v -0.1497021496342206 -0.1326245316481588 -70.7
v -0.11361294934623163 -0.1645967731787311 -70.7
v -0.07092097740850767 -0.18700324853708283 -70.7
v -0.02410733605106522 -0.19854177481961077 -70.7
v 0.024107336051063962 -0.19854177481961088 -70.7
v 0.07092097740850646 -0.18700324853708317 -70.7
v 0.11361294934623052 -0.16459677317873161 -70.7
v 0.14970214963421963 -0.13262453164815952 -70.7
v 0.17709120513064153 -0.09294463440875432 -70.7
v 0.19418836348521007 -0.04786313285751225 -70.7
v 2 0 -65.7
v 1.877647008672701 0 -67.635935943224
v 1.530320011342084 0 -68.88923281978418
v 0.9759693416537814 0 -69.85033965094225
v 0.2 0 -70.7
v 0.19418836348521024 0.04786313285751155 -70.7
v 0.17709120513064183 0.09294463440875371 -70.7
v 0.14970214963422007 0.13262453164815904 -70.7
v 0.11361294934623103 0.16459677317873128 -70.7
v 0.070920977408507 0.18700324853708294 -70.7
v 0.024107336051064493 0.1985417748196108 -70.7
v -0.02410733605106473 0.1985417748196108 -70.7
v -0.07092097740850725 0.18700324853708297 -70.7
v -0.1136129493462313 0.1645967731787313 -70.7
v -0.14970214963422035 0.1326245316481591 -70.7
v -0.17709120513064208 0.09294463440875382 -70.7
v -0.19418836348521054 0.04786313285751171 -70.7
v -0.20000000000000018 2.0212861992297212e-16 -70.7
v -0.19418836348521065 -0.047863132857511315 -70.7
v -0.1770912051306423 -0.09294463440875346 -70.7
v -0.1497021496342206 -0.1326245316481588 -70.7
v -0.11361294934623163 -0.1645967731787311 -70.7
v -0.07092097740850767 -0.18700324853708283 -70.7
v -0.02410733605106522 -0.19854177481961077 -70.7
v 0.024107336051063962 -0.19854177481961088 -70.7
v 0.07092097740850646 -0.18700324853708317 -70.7
v 0.11361294934623052 -0.16459677317873161 -70.7
v 0.14970214963421963 -0.13262453164815952 -70.7
v 0.17709120513064153 -0.09294463440875432 -70.7
v 0.19418836348521007 -0.04786313285751225 -70.7
v 0.2 0 -70.7
v 2 0 -65.7
v 1.877647008672701 0 -67.635935943224
v 1.530320011342084 0 -68.88923281978418
v 0.9759693416537814 0 -69.85033965094225
v 1.941883634852104 -0.4786313285751155 -65.7
v 1.7709120513064198 -0.929446344087537 -65.7
v 1.4970214963422024 -1.3262453164815904 -65.7
v 1.1361294934623118 -1.6459677317873127 -65.7
v 0.7092097740850716 -1.8700324853708294 -65.7
v 0.24107336051064646 -1.985417748196108 -65.7
v -0.24107336051064576 -1.985417748196108 -65.7
v -0.7092097740850709 -1.8700324853708297 -65.7
v -1.1361294934623114 -1.645967731787313 -65.7
v -1.4970214963422017 -1.326245316481591 -65.7
v -1.7709120513064192 -0.9294463440875381 -65.7
v -1.9418836348521036 -0.4786313285751171 -65.7
v -2 2.44929359829471e-16 -65.7
v -1.9418836348521042 0.47863132857511487 -65.7
v -1.7709120513064203 0.9294463440875361 -65.7
v -1.4970214963422033 1.3262453164815893 -65.7
v -1.1361294934623132 1.6459677317873116 -65.7
v -0.7092097740850735 1.8700324853708288 -65.7
v -0.2410733605106489 1.9854177481961077 -65.7
v 0.24107336051064288 1.9854177481961084 -65.7
v 0.7092097740850678 1.870032485370831 -65.7
v 1.1361294934623083 1.6459677317873151 -65.7
v 1.497021496342199 1.3262453164815937 -65.7
v 1.7709120513064176 0.9294463440875415 -65.7
v 1.9418836348521027 0.47863132857512075 -65.7
v 1.1818993488408094 1.1818993488408092 -68.51280660832718
v -2.220446049250313e-16 1.6714580884906016 -68.5128066083272
v -1.1818993488408085 1.1818993488408092 -68.5128066083272
v -1.6714580884906018 0 -68.51280660832718
v -1.1818993488408092 -1.1818993488408087 -68.51280660832718
v -2.220446049250313e-16 -1.671458088490602 -68.51280660832718
v 1.1818993488408092 -1.1818993488408094 -68.51280660832718
v 2 0 -65.7
v 1.941883634852104 -0.4786313285751155 -65.7
v 1.7709120513064198 -0.929446344087537 -65.7
v 1.4970214963422024 -1.3262453164815904 -65.7
v 1.1361294934623118 -1.6459677317873127 -65.7
v 0.7092097740850716 -1.8700324853708294 -65.7
v 0.24107336051064646 -1.985417748196108 -65.7
v -0.24107336051064576 -1.985417748196108 -65.7
v -0.7092097740850709 -1.8700324853708297 -65.7
v -1.1361294934623114 -1.645967731787313 -65.7
v -1.4970214963422017 -1.326245316481591 -65.7
v -1.7709120513064192 -0.9294463440875381 -65.7
v -1.9418836348521036 -0.4786313285751171 -65.7
v -2 2.44929359829471e-16 -65.7
v -2 2.44929359829471e-16 -65.7
v -1.9418836348521042 0.47863132857511487 -65.7
v -1.7709120513064203 0.9294463440875361 -65.7
v -1.4970214963422033 1.3262453164815893 -65.7
v -1.1361294934623132 1.6459677317873116 -65.7
v -0.7092097740850735 1.8700324853708288 -65.7
v -0.2410733605106489 1.9854177481961077 -65.7
v 0.24107336051064288 1.9854177481961084 -65.7
v 0.7092097740850678 1.870032485370831 -65.7
v 1.1361294934623083 1.6459677317873151 -65.7
v 1.497021496342199 1.3262453164815937 -65.7
v 1.7709120513064176 0.9294463440875415 -65.7
v 1.9418836348521027 0.47863132857512075 -65.7
v -2 2.44929359829471e-16 0
v -1.9418836348521042 0.47863132857511487 0
v -1.7709120513064203 0.9294463440875361 0
v -1.4970214963422033 1.3262453164815893 0
v -1.1361294934623132 1.6459677317873116 0
v -0.7092097740850735 1.8700324853708288 0
v -0.2410733605106489 1.9854177481961077 0
v 0.24107336051064288 1.9854177481961084 0
v 0.7092097740850678 1.870032485370831 0
v 1.1361294934623083 1.6459677317873151 0
v 1.497021496342199 1.3262453164815937 0
v 1.7709120513064176 0.9294463440875415 0
v 1.9418836348521027 0.47863132857512075 0
v 2 5.818929237859693e-15 0
v 1.9418836348521056 -0.4786313285751095 0
v 1.770912051306423 -0.9294463440875311 0
v 1.4970214963422068 -1.326245316481585 0
v 1.1361294934623178 -1.6459677317873085 0
v 0.7092097740850787 -1.8700324853708268 0
v 0.24107336051065445 -1.985417748196107 0
v -0.24107336051063735 -1.985417748196109 0
v -0.7092097740850642 -1.8700324853708323 0
v -1.1361294934623065 -1.6459677317873163 0
v -1.497021496342199 -1.326245316481594 0
v -1.7709120513064183 -0.9294463440875401 0
v -1.9418836348521036 -0.47863132857511753 0
v -2 2.44929359829471e-16 0
v -2 2.44929359829471e-16 0
v -1.9418836348521042 0.47863132857511487 0
v -1.7709120513064203 0.9294463440875361 0
v -1.4970214963422033 1.3262453164815893 0
v -1.1361294934623132 1.6459677317873116 0
v -0.7092097740850735 1.8700324853708288 0
v -0.2410733605106489 1.9854177481961077 0
v 0.24107336051064288 1.9854177481961084 0
v 0.7092097740850678 1.870032485370831 0
v 1.1361294934623083 1.6459677317873151 0
v 1.497021496342199 1.3262453164815937 0
v 1.7709120513064176 0.9294463440875415 0
v 1.9418836348521027 0.47863132857512075 0
v 2 5.818929237859693e-15 0
v 1.9418836348521056 -0.4786313285751095 0
v 1.770912051306423 -0.9294463440875311 0
v 1.4970214963422068 -1.326245316481585 0
v 1.1361294934623178 -1.6459677317873085 0
v 0.7092097740850787 -1.8700324853708268 0
v 0.24107336051065445 -1.985417748196107 0
v -0.24107336051063735 -1.985417748196109 0
v -0.7092097740850642 -1.8700324853708323 0
v -1.1361294934623065 -1.6459677317873163 0
v -1.497021496342199 -1.326245316481594 0
v -1.7709120513064183 -0.9294463440875401 0
v -1.9418836348521036 -0.47863132857511753 0
vn 0 0 -1
vn 0 0 -1
vn 0 0 -1
vn 0 0 -1
vn 0 0 -1
vn 0 0 -1
vn 0 0 -1
vn 0 0 -1
vn 0 0 -1
vn 0 0 -1
vn 0 0 -1
vn 0 0 -1
vn 0 0 -1
vn 0 0 -1
vn 0 0 -1
vn 0 0 -1
vn 0 0 -1
vn 0 0 -1
vn 0 0 -1
vn 0 0 -1
vn 0 0 -1
vn 0 0 -1
vn 0 0 -1
vn 0 0 -1
vn 0 0 -1
vn 0 0 -1
vn 0.9907608115987165 0.12030013752359527 -0.0626170193482302
vn 0.882861682026381 0.4453602477194433 -0.14902852129986896
vn 0.8619447144415749 0.36588128526404834 -0.35097321028785067
vn 0.7173406841839747 0.4577509908315208 -0.525248867878102
vn 0.7354520991849501 0.08930004934617529 -0.6716663688106032
vn 0.728938129639795 0.1796671069449246 -0.6605822687896478
vn 0.6976092163926397 0.3661335552489115 -0.6158632972704571
vn 0.6349084790361946 0.562479830620507 -0.5296297417942762
vn 0.6337442941352551 0.5372403724598387 -0.556543755557657
vn 0.32401268019767526 0.7869118646291066 -0.5251528352556633
vn 0.10026839802647639 0.8257845974409509 -0.5550009432302713
vn -0.10026839802647639 0.8257845974409509 -0.5550009432302713
vn -0.32401268019767526 0.7869118646291066 -0.5251528352556633
vn -0.474059155923651 0.6867933148716717 -0.5509835381683706
vn -0.6214472857152319 0.5505541745242364 -0.5573987549242532
vn -0.7840669422792587 0.3305754821135119 -0.5253178853325602
vn -0.8138736559526446 0.20060184799116962 -0.5453151114069773
vn -0.8297092069974413 0 -0.5581958722739511
vn -0.8138736559526446 -0.20060184799116962 -0.5453151114069773
vn -0.7840669652412917 -0.33057546666438803 -0.5253178607823393
vn -0.6214472857152319 -0.5505541745242364 -0.5573987549242532
vn -0.474059155923651 -0.6867933148716717 -0.5509835381683706
vn -0.32401268019767526 -0.7869118646291066 -0.5251528352556633
vn -0.10026839802647639 -0.8257845974409509 -0.5550009432302713
vn 0.10026839802647639 -0.8257845974409509 -0.5550009432302713
vn 0.32401266366622455 -0.7869118968593456 -0.5251527971601642
vn 0.6337442941352551 -0.5372403724598387 -0.556543755557657
vn 0.6349084790361946 -0.562479830620507 -0.5296297417942762
vn 0.6976092163926397 -0.3661335552489115 -0.6158632972704571
vn 0.728938129639795 -0.1796671069449246 -0.6605822687896478
vn 0.7354520991849501 -0.08930004934617529 -0.6716663688106032
vn 0.9907608115987165 -0.12030013752359527 -0.0626170193482302
vn 0.882861682026381 -0.4453602477194433 -0.14902852129986896
vn 0.8619447144415749 -0.36588128526404834 -0.35097321028785067
vn 0.7173406841839747 -0.4577509908315208 -0.525248867878102
vn 0.9669128280241528 -0.23832262104353857 -0.09100500701210319
vn 0.8723051996093382 -0.4578211229871691 -0.17170747823341934
vn 0.7155262857486069 -0.6339008834370669 -0.2935844075909162
vn 0.7811597517695251 -0.6111522263745262 -0.12760250159316636
vn 0.3665968927184911 -0.9184528221995897 -0.14849623443965224
vn 0.11966194831205114 -0.9855047360361874 -0.12025569997471482
vn -0.11966194831205114 -0.9855047360361874 -0.12025569997471482
vn -0.3665968927184911 -0.9184528221995897 -0.14849623443965224
vn -0.5635709433401893 -0.816473403493547 -0.1255347490152131
vn -0.7433632566404323 -0.6585623513348636 -0.11707560839571345
vn -0.8983352067237879 -0.41360810096040207 -0.1480614574440602
vn -0.9623315649685525 -0.23719342851236164 -0.1328805348263157
vn -0.9932476395539722 0 -0.11601347559858056
vn -0.9623315649685525 0.23719342851236164 -0.1328805348263157
vn -0.8983352067237879 0.41360810096040207 -0.1480614574440602
vn -0.7433632566404323 0.6585623513348636 -0.11707560839571345
vn -0.5635709433401893 0.816473403493547 -0.1255347490152131
vn -0.3665968927184911 0.9184528221995897 -0.14849623443965224
vn -0.11966194831205114 0.9855047360361874 -0.12025569997471482
vn 0.11966194831205114 0.9855047360361874 -0.12025569997471482
vn 0.3665968927184911 0.9184528221995897 -0.14849623443965224
vn 0.7811597517695251 0.6111522263745262 -0.12760250159316636
vn 0.7155262857486069 0.6339008834370669 -0.2935844075909162
vn 0.8723051996093382 0.4578211229871691 -0.17170747823341934
vn 0.9669128280241528 0.23832262104353857 -0.09100500701210319
vn 0.6555566539846857 0.6917205820299657 -0.3029325169283231
vn 0 0.9497448953956469 -0.3130249729173564
vn -0.6606949176248346 0.682337482069469 -0.3128862195556241
vn -0.9524947305595219 0 -0.3045550660493826
vn -0.6606949176248346 -0.682337482069469 -0.3128862195556241
vn 0 -0.9497448953956469 -0.3130249729173564
vn 0.6555566199954029 -0.6917206090584106 -0.3029325287651761
vn 1 0 -3.144454494150523e-18
vn 0.9604693863354042 -0.2783856280638283 -4.942065232013201e-18
vn 0.8659378521832461 -0.5001516131697133 -3.387401452788158e-18
vn 0.7485107371801073 -0.6631226706470623 3.1329981408720564e-18
vn 0.5680647103626842 -0.8229838909969985 8.634580456880227e-19
vn 0.31650191925358023 -0.9485918696198066 -5.65145133623639e-18
vn 0.12053668638936572 -0.9927088733532464 -1.2453598211339413e-18
vn -0.12053668638936572 -0.9927088733532464 -1.074510523313644e-18
vn -0.39212762345560587 -0.9199108255277021 -4.777748778546577e-18
vn -0.5680647103626842 -0.8229838909969985 5.318042062847775e-19
vn -0.7485107371801073 -0.6631226706470623 1.929918296766354e-18
vn -0.8854560143001997 -0.4647231936751213 -1.9958937347998486e-18
vn -0.9604693863354042 -0.2783856280638283 -3.6321667266518084e-19
vn -0.9927088733277274 -0.12053668659953318 -4.381024383314236e-19
vn -0.9927088733277274 0.12053668659953318 0
vn -0.9709418132078369 0.2393156814015289 0
vn -0.8854560143001997 0.4647231936751213 0
vn -0.7747157022179396 0.6323097189961298 0
vn -0.6008822318232951 0.7993375654121704 0
vn -0.3546048616811362 0.9350162523037245 0
vn -0.12053668638936572 0.9927088733532464 0
vn 0.12053668638936572 0.9927088733532464 0
vn 0.35460488773597626 0.9350162424224275 0
vn 0.5343178146488391 0.8452836641914291 0
vn 0.7485107371801073 0.6631226706470623 0
vn 0.8854560143001997 0.4647231936751213 0
vn 0.9604693863354042 0.2783856280638283 0
vn -0.9927088733277274 0.12053668659953318 0
vn -0.9709418166702946 0.23931566735378643 0
vn -0.8854560265636152 0.4647231703091362 0
vn -0.7210811270575795 0.6928506391722322 0
vn -0.5343177608079511 0.8452836982251444 0
vn -0.35460488773597626 0.9350162424224275 0
vn -0.12053667925720311 0.9927088742192477 0
vn 0.12053668638936572 0.9927088733532464 0
vn 0.35460488773597626 0.9350162424224275 0
vn 0.6008821937394689 0.7993375940407428 0
vn 0.7485107371801073 0.6631226706470623 0
vn 0.8854560143001997 0.4647231936751213 0
vn 0.9798256579572323 0.19985414683883038 -3.5817755335141085e-18
vn 1 0 0
vn 0.9798256579572323 -0.19985414683883038 2.827442042667589e-18
vn 0.9035254941042091 -0.42853434110202293 3.2519934427754447e-18
vn 0.7485107667651385 -0.6631226372524651 1.4382637952346891e-18
vn 0.5680647103626842 -0.8229838909969985 1.01033777238235e-18
vn 0.3921276486754008 -0.9199108147773356 4.562455537359252e-18
vn 0.12053667925720311 -0.9927088742192477 -1.4795913329891709e-18
vn -0.12053668638936572 -0.9927088733532464 -1.3458459299086846e-18
vn -0.31650191925358023 -0.9485918696198066 3.4626735058117115e-18
vn -0.5680647228674031 -0.8229838823656151 1.5792336100253812e-18
vn -0.7485107371801073 -0.6631226706470623 1.2218686318071596e-18
vn -0.8854560143001997 -0.4647231936751213 5.185479388631828e-19
vn -0.9798256579572323 -0.19985414683883038 -1.0981485213634975e-18
vn -0.9927088733277274 -0.12053668659953318 0
vn 0 0 1
vn 0 0 1
vn 0 0 1
vn 0 0 1
vn 0 0 1
vn 0 0 1
vn 0 0 1
vn 0 0 1
vn 0 0 1
vn 0 0 1
vn 0 0 1
vn 0 0 1
vn 0 0 1
vn 0 0 1
vn 0 0 1
vn 0 0 1
vn 0 0 1
vn 0 0 1
vn 0 0 1
vn 0 0 1
vn 0 0 1
vn 0 0 1
vn 0 0 1
vn 0 0 1
vn 0 0 1
vn 0 0 1
f 633//633 624//624 623//623
f 633//633 625//625 624//624
f 633//633 626//626 625//625
f 633//633 627//627 626//626
f 633//633 628//628 627//627
f 633//633 629//629 628//628
f 633//633 630//630 629//629
f 633//633 631//631 630//630
f 633//633 632//632 631//631
f 633//633 635//635 634//634
f 633//633 636//636 635//635
f 633//633 637//637 636//636
f 633//633 638//638 637//637
f 633//633 639//639 638//638
f 633//633 640//640 639//639
f 633//633 641//641 640//640
f 633//633 642//642 641//641
f 633//633 643//643 642//642
f 633//633 644//644 643//643
f 633//633 645//645 644//644
f 633//633 646//646 645//645
f 633//633 647//647 646//646
f 633//633 648//648 647//647
f 633//633 623//623 648//648
f 650//650 705//705 706//706
f 650//650 706//706 707//707
f 650//650 707//707 708//708
f 650//650 708//708 649//649
f 654//654 652//652 653//653
f 655//655 652//652 654//654
f 656//656 652//652 655//655
f 657//657 652//652 656//656
f 681//681 680//680 684//684
f 681//681 684//684 685//685
f 681//681 685//685 686//686
f 681//681 686//686 687//687
f 676//676 683//683 675//675
f 677//677 683//683 676//676
f 678//678 683//683 677//677
f 679//679 683//683 678//678
f 709//709 650//650 651//651
f 709//709 651//651 652//652
f 709//709 657//657 658//658
f 709//709 652//652 657//657
f 709//709 704//704 705//705
f 709//709 705//705 650//650
f 710//710 658//658 659//659
f 710//710 659//659 660//660
f 710//710 660//660 661//661
f 710//710 701//701 702//702
f 710//710 702//702 703//703
f 710//710 703//703 704//704
f 710//710 704//704 709//709
f 710//710 709//709 658//658
f 711//711 701//701 710//710
f 711//711 661//661 662//662
f 711//711 662//662 663//663
f 711//711 663//663 664//664
f 711//711 698//698 699//699
f 711//711 699//699 700//700
f 711//711 700//700 701//701
f 711//711 710//710 661//661
f 712//712 664//664 665//665
f 712//712 665//665 666//666
f 712//712 666//666 667//667
f 712//712 667//667 668//668
f 712//712 694//694 695//695
f 712//712 695//695 696//696
f 712//712 696//696 697//697
f 712//712 697//697 698//698
f 712//712 711//711 664//664
f 712//712 698//698 711//711
f 713//713 712//712 668//668
f 713//713 668//668 669//669
f 713//713 669//669 670//670
f 713//713 670//670 671//671
f 713//713 691//691 692//692
f 713//713 692//692 693//693
f 713//713 693//693 694//694
f 713//713 694//694 712//712
f 714//714 671//671 672//672
f 714//714 672//672 673//673
f 714//714 673//673 674//674
f 714//714 713//713 671//671
f 714//714 688//688 689//689
f 714//714 689//689 690//690
f 714//714 690//690 691//691
f 714//714 691//691 713//713
f 715//715 714//714 674//674
f 715//715 688//688 714//714
f 715//715 674//674 675//675
f 715//715 682//682 681//681
f 715//715 683//683 682//682
f 715//715 687//687 688//688
f 715//715 675//675 683//683
f 715//715 681//681 687//687
f 731//731 730//730 743//743
f 731//731 743//743 744//744
f 731//731 744//744 745//745
f 732//732 731//731 745//745
f 733//733 745//745 746//746
f 733//733 732//732 745//745
f 734//734 746//746 747//747
f 734//734 733//733 746//746
f 735//735 747//747 748//748
f 735//735 748//748 749//749
f 735//735 734//734 747//747
f 736//736 735//735 749//749
f 737//737 749//749 750//750
f 737//737 750//750 751//751
f 737//737 736//736 749//749
f 738//738 737//737 751//751
f 739//739 751//751 752//752
f 739//739 738//738 751//751
f 740//740 752//752 753//753
f 740//740 753//753 754//754
f 740//740 739//739 752//752
f 741//741 740//740 754//754
f 742//742 741//741 754//754
f 742//742 754//754 755//755
f 716//716 742//742 755//755
f 716//716 755//755 756//756
f 716//716 756//756 757//757
f 717//717 716//716 757//757
f 717//717 757//757 758//758
f 718//718 717//717 758//758
f 718//718 758//758 759//759
f 719//719 718//718 759//759
f 720//720 719//719 759//759
f 720//720 759//759 760//760
f 720//720 760//760 761//761
f 721//721 720//720 761//761
f 721//721 761//761 762//762
f 722//722 721//721 762//762
f 723//723 722//722 762//762
f 723//723 762//762 763//763
f 723//723 763//763 764//764
f 724//724 723//723 764//764
f 724//724 764//764 765//765
f 725//725 724//724 765//765
f 726//726 725//725 765//765
f 726//726 765//765 766//766
f 726//726 766//766 767//767
f 727//727 726//726 767//767
f 728//728 767//767 768//768
f 728//728 727//727 767//767
f 729//729 768//768 769//769
f 729//729 728//728 768//768
f 794//794 770//770 795//795
f 780//780 778//778 777//777
f 780//780 779//779 778//778
f 792//792 794//794 793//793
f 782//782 775//775 774//774
f 782//782 776//776 775//775
f 782//782 777//777 776//776
f 782//782 781//781 780//780
f 782//782 780//780 777//777
f 783//783 772//772 771//771
f 783//783 773//773 772//772
f 783//783 774//774 773//773
f 783//783 782//782 774//774
f 788//788 790//790 789//789
f 785//785 784//784 783//783
f 786//786 771//771 770//770
f 786//786 788//788 787//787
f 786//786 791//791 790//790
f 786//786 792//792 791//791
f 786//786 770//770 794//794
f 786//786 794//794 792//792
f 786//786 783//783 771//771
f 786//786 790//790 788//788
f 786//786 785//785 783//783
o part_4
v -16.4755880016466 -1.25 22.5567063198509
v -16.26406084031923 -1.2136772717825652 22.768233481178267
v -16.064826868738262 -1.1068200320665127 22.967467452759237
v -15.889464841145955 -0.935638435213877 23.142829480351544
v -15.748166161170944 -0.7100809334139457 23.284128160326556
v -15.64914259449357 -0.4432561088031709 23.383151727003927
v -15.598149030873104 -0.15067085031915556 23.434145290624397
v -15.598149030873103 0.15067085031915178 23.434145290624397
v -15.64914259449357 0.44325610880316735 23.38315172700393
v -15.748166161170943 0.7100809334139426 23.284128160326556
v -15.889464841145953 0.9356384352138745 23.142829480351544
v -16.06482686873826 1.106820032066511 22.96746745275924
v -16.264060840319228 1.2136772717825641 22.76823348117827
v -16.475588001646596 1.25 22.556706319850903
v -16.687115162973967 1.213677271782566 22.345179158523532
v -16.886349134554937 1.1068200320665142 22.145945186942562
v -17.06171116214724 0.9356384352138792 21.97058315935026
v -17.203009842122253 0.7100809334139486 21.829284479375247
v -17.302033408799627 0.4432561088031742 21.730260912697872
v -17.353026972420096 0.15067085031915903 21.679267349077403
v -17.353026972420096 -0.15067085031914834 21.679267349077403
v -17.30203340879963 -0.4432561088031651 21.73026091269787
v -17.203009842122256 -0.7100809334139415 21.829284479375243
v -17.061711162147247 -0.9356384352138745 21.970583159350255
v -16.88634913455494 -1.1068200320665114 22.14594518694256
v -16.68711516297397 -1.2136772717825648 22.34517915852353
v -16.4755880016466 -1.25 22.5567063198509
v -1.20208152801713 -1.25 7.28319984622144
v -0.990554366689761 -1.2136772717825652 7.494727007548809
v -0.7913203951087913 -1.1068200320665127 7.693960979129779
v -0.6159583675164858 -0.935638435213877 7.869323006722085
v -0.4746596875414747 -0.7100809334139457 8.010621686697096
v -0.37563612086410103 -0.4432561088031709 8.109645253374469
v -0.3246425572436342 -0.15067085031915556 8.160638816994936
v -0.3246425572436339 0.15067085031915178 8.160638816994936
v -0.37563612086410003 0.44325610880316735 8.10964525337447
v -0.47465968754147303 0.7100809334139426 8.010621686697098
v -0.6159583675164838 0.9356384352138745 7.8693230067220865
v -0.7913203951087888 1.106820032066511 7.693960979129781
v -0.9905543666897585 1.2136772717825641 7.4947270075488115
v -1.2020815280171273 1.25 7.283199846221443
v -1.4136086893444966 1.213677271782566 7.071672684894073
v -1.6128426609254665 1.1068200320665142 6.8724387133131035
v -1.7882046885177723 0.9356384352138792 6.697076685720798
v -1.9295033684927838 0.7100809334139486 6.555778005745786
v -2.028526935170158 0.4432561088031742 6.456754439068412
v -2.0795204987906253 0.15067085031915903 6.405760875447945
v -2.079520498790626 -0.15067085031914834 6.405760875447944
v -2.0285269351701607 -0.4432561088031651 6.456754439068409
v -1.9295033684927874 -0.7100809334139415 6.555778005745783
v -1.7882046885177763 -0.9356384352138745 6.697076685720794
v -1.6128426609254705 -1.1068200320665114 6.8724387133131
v -1.4136086893445001 -1.2136772717825648 7.07167268489407
v -1.20208152801713 -1.25 7.28319984622144
v -16.4755880016466 -1.25 22.5567063198509
v -16.26406084031923 -1.2136772717825652 22.768233481178267
v -16.064826868738262 -1.1068200320665127 22.967467452759237
v -15.889464841145955 -0.935638435213877 23.142829480351544
v -15.748166161170944 -0.7100809334139457 23.284128160326556
v -15.64914259449357 -0.4432561088031709 23.383151727003927
v -15.598149030873104 -0.15067085031915556 23.434145290624397
v -15.598149030873103 0.15067085031915178 23.434145290624397
v -15.64914259449357 0.44325610880316735 23.38315172700393
v -15.748166161170943 0.7100809334139426 23.284128160326556
v -15.889464841145953 0.9356384352138745 23.142829480351544
v -16.06482686873826 1.106820032066511 22.96746745275924
v -16.264060840319228 1.2136772717825641 22.76823348117827
v -16.475588001646596 1.25 22.556706319850903
v -16.687115162973967 1.213677271782566 22.345179158523532
v -16.886349134554937 1.1068200320665142 22.145945186942562
v -17.06171116214724 0.9356384352138792 21.97058315935026
v -17.203009842122253 0.7100809334139486 21.829284479375247
v -17.302033408799627 0.4432561088031742 21.730260912697872
v -17.353026972420096 0.15067085031915903 21.679267349077403
v -17.353026972420096 -0.15067085031914834 21.679267349077403
v -17.30203340879963 -0.4432561088031651 21.73026091269787
v -17.203009842122256 -0.7100809334139415 21.829284479375243
v -17.061711162147247 -0.9356384352138745 21.970583159350255
v -16.88634913455494 -1.1068200320665114 22.14594518694256
v -16.68711516297397 -1.2136772717825648 22.34517915852353
v -1.20208152801713 -1.25 7.28319984622144
v -0.990554366689761 -1.2136772717825652 7.494727007548809
v -0.7913203951087913 -1.1068200320665127 7.693960979129779
v -0.6159583675164858 -0.935638435213877 7.869323006722085
v -0.4746596875414747 -0.7100809334139457 8.010621686697096
v -0.37563612086410103 -0.4432561088031709 8.109645253374469
v -0.3246425572436342 -0.15067085031915556 8.160638816994936
v -0.3246425572436339 0.15067085031915178 8.160638816994936
v -0.37563612086410003 0.44325610880316735 8.10964525337447
v -0.47465968754147303 0.7100809334139426 8.010621686697098
v -0.6159583675164838 0.9356384352138745 7.8693230067220865
v -0.7913203951087888 1.106820032066511 7.693960979129781
v -0.9905543666897585 1.2136772717825641 7.4947270075488115
v -1.2020815280171273 1.25 7.283199846221443
v -1.4136086893444966 1.213677271782566 7.071672684894073
v -1.6128426609254665 1.1068200320665142 6.8724387133131035
v -1.7882046885177723 0.9356384352138792 6.697076685720798
v -1.9295033684927838 0.7100809334139486 6.555778005745786
v -2.028526935170158 0.4432561088031742 6.456754439068412
v -2.0795204987906253 0.15067085031915903 6.405760875447945
v -2.079520498790626 -0.15067085031914834 6.405760875447944
v -2.0285269351701607 -0.4432561088031651 6.456754439068409
v -1.9295033684927874 -0.7100809334139415 6.555778005745783
v -1.7882046885177763 -0.9356384352138745 6.697076685720794
v -1.6128426609254705 -1.1068200320665114 6.8724387133131
v -1.4136086893445001 -1.2136772717825648 7.07167268489407
vn 0.08523229626333957 -0.9927088754248935 0.08523229626333957
vn 0.1968483781742531 -0.9604693810946461 0.1968483781742531
vn 0.35366057169478515 -0.8659378730931195 0.35366057169478515
vn 0.4899193552235109 -0.7210811679379505 0.4899193552235109
vn 0.5977057909186884 -0.5343178595223357 0.5977057909186884
vn 0.6707557444324909 -0.3165019156681838 0.6707557444324909
vn 0.7048238031689671 -0.08029204800518243 0.7048238031689671
vn 0.6979300635034502 0.16058409920082406 0.6979300635034502
vn 0.6504751668478879 0.3921276764376939 0.6504751668478879
vn 0.5652170349450047 0.6008821904632842 0.5652170349450047
vn 0.4471104944377117 0.7747156972253304 0.4471104944377117
vn 0.3030195731506506 0.9035254709056049 0.3030195731506506
vn 0.14131822296781796 0.9798256578159382 0.14131822296781796
vn -0.0285960214264893 0.9991819329417199 -0.0285960214264893
vn -0.1968483781742531 0.9604693810946461 -0.1968483781742531
vn -0.35366057169478515 0.8659378730931195 -0.35366057169478515
vn -0.4899193552235109 0.7210811679379505 -0.4899193552235109
vn -0.5977057909186884 0.5343178595223357 -0.5977057909186884
vn -0.6611563265612502 0.35460488391457207 -0.6611563265612502
vn -0.7019511772715633 0.12053667265248723 -0.7019511772715633
vn -0.6979300635034502 -0.16058409920082406 -0.6979300635034502
vn -0.6611563265612502 -0.35460488391457207 -0.6611563265612502
vn -0.581937458613468 -0.5680647749376793 -0.581937458613468
vn -0.4471104944377117 -0.7747156972253304 -0.4471104944377117
vn -0.3286088956007737 -0.8854560336143628 -0.3286088956007737
vn -0.1968483531586479 -0.9604693913485512 -0.1968483531586479
vn -0.08523229626333957 -0.9927088754248935 -0.08523229626333957
vn 0.08523229626333957 -0.9927088754248935 0.08523229626333957
vn 0.14131822296781796 -0.9798256578159382 0.14131822296781796
vn 0.3030195731506506 -0.9035254709056049 0.3030195731506506
vn 0.4471104944377117 -0.7747156972253304 0.4471104944377117
vn 0.5652170349450047 -0.6008821904632842 0.5652170349450047
vn 0.6504751668478879 -0.3921276764376939 0.6504751668478879
vn 0.6979300635034502 -0.16058409920082406 0.6979300635034502
vn 0.7048238031689671 0.08029204800518243 0.7048238031689671
vn 0.6707557444324909 0.3165019156681838 0.6707557444324909
vn 0.5977057909186884 0.5343178595223357 0.5977057909186884
vn 0.4899193552235109 0.7210811679379505 0.4899193552235109
vn 0.35366059404200934 0.8659378548393102 0.35366059404200934
vn 0.1968483531586479 0.9604693913485512 0.1968483531586479
vn 0.0285960214264893 0.9991819329417199 0.0285960214264893
vn -0.14131822296781796 0.9798256578159382 -0.14131822296781796
vn -0.3030195731506506 0.9035254709056049 -0.3030195731506506
vn -0.44711051232460114 0.7747156765792631 -0.44711051232460114
vn -0.5652170349450047 0.6008821904632842 -0.5652170349450047
vn -0.6611563335483822 0.3546048578597322 -0.6611563335483822
vn -0.7019511772715633 0.12053667265248723 -0.7019511772715633
vn -0.7048238031689671 -0.08029204800518243 -0.7048238031689671
vn -0.6611563335483822 -0.3546048578597322 -0.6611563335483822
vn -0.581937458613468 -0.5680647749376793 -0.581937458613468
vn -0.4899193552235109 -0.7210811679379505 -0.4899193552235109
vn -0.3286088956007737 -0.8854560336143628 -0.3286088956007737
vn -0.14131822296781796 -0.9798256578159382 -0.14131822296781796
vn -0.08523229626333957 -0.9927088754248935 -0.08523229626333957
vn -0.7071067811865475 0 0.7071067811865475
vn -0.7071067811865475 0 0.7071067811865475
vn -0.7071067811865475 0 0.7071067811865475
vn -0.7071067811865475 -1.4845302975552747e-15 0.7071067811865475
vn -0.7071067811865475 1.8077009010344053e-15 0.7071067811865475
vn -0.7071067811865475 0 0.7071067811865475
vn -0.7071067811865475 -1.6980512135863408e-15 0.7071067811865475
vn -0.7071067811865475 0 0.7071067811865475
vn -0.7071067811865475 -4.3836554054830347e-16 0.7071067811865475
vn -0.7071067811865475 2.4804030416358953e-15 0.7071067811865475
vn -0.7071067811865475 2.5863402709917972e-14 0.7071067811865475
vn -0.7071067811865475 5.730854553821359e-16 0.7071067811865475
vn -0.7071067811865475 0 0.7071067811865475
vn -0.7071067811865475 0 0.7071067811865475
vn -0.7071067811865475 0 0.7071067811865475
vn -0.7071067811865475 0 0.7071067811865475
vn -0.7071067811865475 0 0.7071067811865475
vn -0.7071067811865475 0 0.7071067811865475
vn -0.7071067811865475 0 0.7071067811865475
vn -0.7071067811865475 0 0.7071067811865475
vn -0.7071067811865475 0 0.7071067811865475
vn -0.7071067811865475 0 0.7071067811865475
vn -0.7071067811865475 1.00205807766864e-15 0.7071067811865475
vn -0.7071067811865475 5.1726805419835944e-14 0.7071067811865475
vn -0.7071067811865475 8.104621018688271e-16 0.7071067811865475
vn -0.7071067811865475 0 0.7071067811865475
vn 0.7071067811865475 8.490256067931705e-17 -0.7071067811865475
vn 0.7071067811865475 7.873587616763671e-17 -0.7071067811865475
vn 0.7071067811865475 6.025669670114684e-16 -0.7071067811865475
vn 0.7071067811865475 4.453591316182305e-16 -0.7071067811865475
vn 0.7071067811865475 -9.038504505172027e-16 -0.7071067811865475
vn 0.7071067811865475 0 -0.7071067811865475
vn 0.7071067811865475 6.792204854345364e-16 -0.7071067811865475
vn 0.7071067811865475 -3.786910994927807e-16 -0.7071067811865475
vn 0.7071067811865475 -3.111627862806628e-17 -0.7071067811865475
vn 0.7071067811865475 1.1905984248828149e-15 -0.7071067811865475
vn 0.7071067811865475 -3.831615435885282e-15 -0.7071067811865475
vn 0.7071067811865475 -1.6200441058100062e-15 -0.7071067811865475
vn 0.7071067811865475 -2.851440140073536e-16 -0.7071067811865475
vn 0.7071067811865475 4.470217726188509e-15 -0.7071067811865475
vn 0.7071067811865475 1.13403092700656e-15 -0.7071067811865475
vn 0.7071067811865475 -2.213609260700859e-15 -0.7071067811865475
vn 0.7071067811865475 -1.5263684885349612e-17 -0.7071067811865475
vn 0.7071067811865475 -9.67361193747507e-16 -0.7071067811865475
vn 0.7071067811865475 -1.995632951290984e-15 -0.7071067811865475
vn 0.7071067811865475 -5.062637764481825e-16 -0.7071067811865475
vn 0.7071067811865475 -5.379554193964471e-17 -0.7071067811865475
vn 0.7071067811865475 4.169091473176299e-16 -0.7071067811865475
vn 0.7071067811865475 1.824735337695162e-16 -0.7071067811865475
vn 0.7071067811865475 -3.193012775005135e-16 -0.7071067811865475
vn 0.7071067811865475 8.25470678918087e-17 -0.7071067811865475
vn 0.7071067811865475 1.656773576824528e-16 -0.7071067811865475
f 796//796 823//823 824//824
f 797//797 824//824 825//825
f 797//797 796//796 824//824
f 798//798 825//825 826//826
f 798//798 797//797 825//825
f 799//799 826//826 827//827
f 799//799 798//798 826//826
f 800//800 827//827 828//828
f 800//800 799//799 827//827
f 801//801 828//828 829//829
f 801//801 800//800 828//828
f 802//802 829//829 830//830
f 802//802 801//801 829//829
f 803//803 830//830 831//831
f 803//803 802//802 830//830
f 804//804 831//831 832//832
f 804//804 803//803 831//831
f 805//805 832//832 833//833
f 805//805 804//804 832//832
f 806//806 833//833 834//834
f 806//806 805//805 833//833
f 807//807 806//806 834//834
f 807//807 834//834 835//835
f 808//808 807//807 835//835
f 808//808 835//835 836//836
f 809//809 808//808 836//836
f 809//809 836//836 837//837
f 810//810 809//809 837//837
f 810//810 837//837 838//838
f 811//811 810//810 838//838
f 811//811 838//838 839//839
f 812//812 811//811 839//839
f 812//812 839//839 840//840
f 813//813 812//812 840//840
f 813//813 840//840 841//841
f 814//814 813//813 841//841
f 815//815 814//814 841//841
f 815//815 841//841 842//842
f 815//815 842//842 843//843
f 816//816 815//815 843//843
f 816//816 843//843 844//844
f 817//817 816//816 844//844
f 818//818 817//817 844//844
f 818//818 844//844 845//845
f 818//818 845//845 846//846
f 819//819 818//818 846//846
f 819//819 846//846 847//847
f 820//820 819//819 847//847
f 821//821 847//847 848//848
f 821//821 820//820 847//847
f 822//822 848//848 849//849
f 822//822 821//821 848//848
f 872//872 873//873 874//874
f 861//861 859//859 860//860
f 869//869 870//870 871//871
f 864//864 862//862 863//863
f 865//865 861//861 862//862
f 865//865 862//862 864//864
f 866//866 850//850 851//851
f 866//866 851//851 852//852
f 866//866 852//852 853//853
f 866//866 853//853 854//854
f 866//866 854//854 855//855
f 866//866 855//855 856//856
f 866//866 856//856 857//857
f 866//866 857//857 858//858
f 866//866 858//858 859//859
f 866//866 867//867 868//868
f 866//866 868//868 869//869
f 866//866 871//871 872//872
f 866//866 874//874 875//875
f 866//866 875//875 850//850
f 866//866 872//872 874//874
f 866//866 859//859 861//861
f 866//866 861//861 865//865
f 866//866 869//869 871//871
f 898//898 900//900 899//899
f 887//887 886//886 885//885
f 888//888 885//885 884//884
f 888//888 887//887 885//885
f 890//890 889//889 888//888
f 891//891 890//890 888//888
f 893//893 895//895 894//894
f 893//893 896//896 895//895
f 892//892 877//877 876//876
f 892//892 878//878 877//877
f 892//892 879//879 878//878
f 892//892 880//880 879//879
f 892//892 881//881 880//880
f 892//892 882//882 881//881
f 892//892 883//883 882//882
f 892//892 884//884 883//883
f 892//892 897//897 896//896
f 892//892 898//898 897//897
f 892//892 901//901 900//900
f 892//892 876//876 901//901
f 892//892 900//900 898//898
f 892//892 888//888 884//884
f 892//892 896//896 893//893
f 892//892 891//891 888//888