# Power Module PM07 - tessellated from source STEP
s 1
o PM07
v -126.94999999999997 3.8999999999999995 5.2
v -126.94999999999997 4.336751087324792 5.146968816802545
v -126.94999999999997 4.748119788979877 4.990957246817108
v -126.94999999999997 5.11019885128945 4.74103211541226
v -126.94999999999997 5.401945555255922 4.411718162784359
v -126.94999999999997 5.606404642900881 4.022153918852627
v -126.94999999999997 5.711693695228948 3.5949794414659646
v -126.94999999999997 5.711693695228948 3.1550205585340354
v -126.94999999999997 5.606404642900881 2.7278460811473724
v -126.94999999999997 5.401945555255923 2.33828183721564
v -126.94999999999997 5.110198851289451 2.00896788458774
v -126.94999999999997 4.748119788979878 1.7590427531828918
v -126.94999999999997 4.336751087324793 1.6030311831974549
v -126.94999999999997 3.899999999999999 1.5499999999999996
v -121.44999999999999 3.8999999999999995 5.2
v -121.44999999999999 4.336751087324792 5.146968816802545
v -121.44999999999999 4.748119788979877 4.990957246817108
v -121.44999999999999 5.11019885128945 4.74103211541226
v -121.44999999999999 5.401945555255922 4.411718162784359
v -121.44999999999999 5.606404642900881 4.022153918852627
v -121.44999999999999 5.711693695228948 3.5949794414659646
v -121.44999999999999 5.711693695228948 3.1550205585340354
v -121.44999999999999 5.606404642900881 2.7278460811473724
v -121.44999999999999 5.401945555255923 2.33828183721564
v -121.44999999999999 5.110198851289451 2.00896788458774
v -121.44999999999999 4.748119788979878 1.7590427531828918
v -121.44999999999999 4.336751087324793 1.6030311831974549
v -121.44999999999999 3.899999999999999 1.5499999999999996
v -126.94999999999997 3.8999999999999995 -1.75
v -126.94999999999997 4.336751087324792 -1.8030311831974553
v -126.94999999999997 4.748119788979876 -1.9590427531828922
v -126.94999999999997 5.11019885128945 -2.2089678845877403
v -126.94999999999997 5.401945555255922 -2.5382818372156404
v -126.94999999999997 5.6064046429008805 -2.927846081147372
v -126.94999999999997 5.711693695228948 -3.355020558534035
v -126.94999999999997 5.711693695228948 -3.7949794414659643
v -126.94999999999997 5.606404642900881 -4.222153918852627
v -126.94999999999997 5.401945555255923 -4.611718162784359
v -126.94999999999997 5.110198851289451 -4.941032115412259
v -126.94999999999997 4.748119788979878 -5.190957246817108
v -126.94999999999997 4.336751087324793 -5.346968816802544
v -126.94999999999997 3.899999999999999 -5.4
v -121.44999999999999 3.8999999999999995 -1.75
v -121.44999999999999 4.336751087324792 -1.8030311831974553
v -121.44999999999999 4.748119788979876 -1.9590427531828922
v -121.44999999999999 5.11019885128945 -2.2089678845877403
v -121.44999999999999 5.401945555255922 -2.5382818372156404
v -121.44999999999999 5.6064046429008805 -2.927846081147372
v -121.44999999999999 5.711693695228948 -3.355020558534035
v -121.44999999999999 5.711693695228948 -3.7949794414659643
v -121.44999999999999 5.606404642900881 -4.222153918852627
v -121.44999999999999 5.401945555255923 -4.611718162784359
v -121.44999999999999 5.110198851289451 -4.941032115412259
v -121.44999999999999 4.748119788979878 -5.190957246817108
v -121.44999999999999 4.336751087324793 -5.346968816802544
v -121.44999999999999 3.899999999999999 -5.4
v -74.05000000000001 3.9000000814836504 -0.5000629221005369
v -74.05000000000001 4.376270844272119 -0.5546773740129296
v -74.05 4.775782572459688 -0.6913342643843757
v -74.05 5.052024631198216 -0.8440394861926024
v -74.05000000000001 5.274844891549545 -1.012611728599422
v -104.04999999999997 3.9000000000000057 -1.4000000000000026
v -104.0499999999993 3.5211288888889154 -1.434346666666656
v -104.04999999999926 3.0919822222222635 -1.5616533333333114
v -104.04999999999927 2.640000000000043 -1.8199999999999665
v -104.04999999999927 2.421167243367976 -2.009422529796194
v -104.04999999999924 2.1292502883506703 -2.371266820453625
v -104.04999999999924 1.9749327181853447 -2.6615844867358196
v -104.04999999999926 1.8552068315071382 -3.0255236492574413
v -104.04999999999927 1.801900711264917 -3.4125819997115903
v -104.04999999999927 1.816803633218005 -3.761194312283676
v -104.04999999999926 1.8776677410925162 -4.062557312902303
v -104.04999999999924 1.9786506383531928 -4.346961973661143
v -104.04999999999923 2.1149274851552775 -4.605991863884199
v -104.04999999999924 2.3383234324891395 -4.903451801277506
v -104.04999999999927 2.6254960837169756 -5.169020016309291
v -104.04999999999926 2.9269219598412364 -5.3609934866805
v -104.04999999999926 3.2254981524947905 -5.488732124083341
v -104.04999999999929 3.50794487868476 -5.5631847578282025
v -104.04999999999947 3.7114109273367184 -5.591617826667229
v -104.05 3.900000000000001 -5.599999999999998
v -74.05000000000003 2.525155108450459 -4.187388271400582
v -74.05000000000003 2.1821966127408183 -3.8080042903441167
v -74.05000000000003 1.9446740602737735 -3.366080064727348
v -74.05000000000003 1.8216712893846552 -2.90003763736276
v -74.05 1.8081697330007913 -2.417575833629492
v -74.04999999999998 1.8607385047225697 -2.0986649916717894
v -74.04999999999998 1.994771097691991 -1.7188303346199234
v -74.05000000000001 2.203902421098676 -1.362209904195883
v -74.05000000000001 2.432419423625426 -1.098306530438823
v -74.05000000000001 2.6707009170193694 -0.8984967262134309
v -74.05 2.9310238317041826 -0.7374463258618302
v -74.05 3.204132124865322 -0.6186623850546371
v -74.05 3.5572352345504203 -0.5284967263166691
v -115.04999999999998 -0.7250000000000003 -3.62500000018695
v -115.05000000000001 -0.7250000000000004 3.6250000000309144
v -104.05 -0.10000000000000113 -3.6500000000000004
v -104.05 -0.100000000000002 3.6499999999999995
v -104.05 0.016232730295789644 4.60726265715023
v -104.05 0.3581758973871576 5.508892688175073
v -104.05 0.905957007315592 6.302490632963179
v -104.05 1.6277410130753718 6.941935463574625
v -104.05 2.481580451829852 7.390064970741658
v -104.05 3.4178532789787006 7.620835496392217
v -104.05 4.382146721021285 7.620835496392218
v -104.05 5.318419548170135 7.390064970741664
v -104.05 6.172258986924616 6.941935463574632
v -104.05 6.894042992684398 6.302490632963188
v -104.05 7.441824102612834 5.508892688175084
v -104.05 7.783767269704205 4.607262657150242
v -104.05 7.9 3.6500000000000004
v -115.05 8.524999999999999 3.6250000000000013
v -115.05000000000001 3.900553330685632 8.250050180764726
v -115.05 4.929621701285507 8.133936033283454
v -115.05 5.907068377741149 7.7918095141332655
v -115.05 6.7838875306603565 7.240773459510661
v -115.05 7.516118455502076 6.5084549269543395
v -115.05 8.067049605494523 5.631569855586374
v -115.05 8.409059182657295 4.654082254872716
v -115.05 -0.6090240037015575 4.654236383948403
v -115.05 -0.26691241772447016 5.631854728926241
v -115.05 0.28417725219003653 6.508825732671794
v -115.05 1.0166068769546883 7.241167736426922
v -115.05 1.8936438055660094 7.792152483537932
v -115.05 2.8713030730163505 8.134147106983136
v -104.05 3.9000000000000017 5.599999999999999
v -104.05 4.38986377022164 5.542329879520983
v -104.05 4.854202824777903 5.370874462219882
v -104.05 5.263243820695236 5.097473470038144
v -104.05000000000001 5.599414291795755 4.73419180676568
v -104.05000000000001 5.8401470182737025 4.303635207966689
v -104.05000000000001 5.974329523305197 3.828990697290281
v -104.05000000000001 5.993620235701627 3.334384201049759
v -104.05000000000001 5.897563867152355 2.8518535668636558
v -104.05000000000001 5.69058224365849 2.402250675362661
v -104.05000000000001 5.384924240491752 2.0150757595082522
v -104.05000000000001 4.997895679062609 1.7095252584258742
v -104.05000000000001 4.548159291197224 1.5023059083048322
v -104.05000000000001 4.229330770422482 1.4255764770762085
v -104.04999999999998 3.900000000000001 1.4000000000000001
v -74.05000000000001 4.3562946456735006 4.649828089457674
v -74.05000000000003 4.839195380652372 4.478305693286563
v -74.05000000000004 5.258830763817373 4.201173768986557
v -74.05000000000001 5.588721110505715 3.848068486734552
v -74.05000000000001 5.829482349361743 3.4283422429892
v -74.05000000000001 5.933997551739651 3.122261703884852
v -74.05000000000001 5.9955060268792675 2.723254882880601
v -74.05000000000001 5.979525919050088 2.3092888696494547
v -74.05000000000001 5.902590470266044 1.9687814081444603
v -74.05000000000001 5.786623291918091 1.6797134172114967
v -74.05000000000001 5.6328662948041375 1.4145540155225778
v -74.05000000000003 5.447850092353593 1.180819592488831
v -74.05000000000003 5.167120933736573 0.9258011949261196
v -74.05000000000003 4.827300766034691 0.7158648849659486
v -74.05000000000004 4.486705052782539 0.5835784423647886
v -74.05000000000004 4.181813244606979 0.5189883249918821
v -74.05000000000003 3.900000042905991 0.49996819309344775
v -74.05000000000001 3.443705354326499 0.5501719105423262
v -74.05000000000001 3.9000000814836504 -0.5000629221005369
v -74.05000000000001 4.376270844272119 -0.5546773740129296
v -74.05 4.775782572459688 -0.6913342643843757
v -74.05 5.052024631198216 -0.8440394861926024
v -74.05000000000001 5.274844891549545 -1.012611728599422
v -34.05 3.899999897670266 -0.5000556199685386
v -34.05 4.413344310744783 -0.5637098392846953
v -34.05 4.895541012987117 -0.7509737450591503
v -34.05 5.31733220776057 -1.0504292811089428
v -34.05 5.653125266701447 -1.4439066649906773
v -34.05 5.88254558960218 -1.907531238864204
v -34.05 5.991672854901216 -2.4131720896937625
v -34.05 5.974058743086647 -2.9301764775335304
v -34.05 5.848423926857209 -3.383354454414049
v -34.05 5.625260055123951 -3.7972793083460936
v -34.05 5.315584407386931 -4.151167555605451
v -34.05 4.934925419600647 -4.427273755041762
v -34.05 4.502370930139018 -4.611752783649982
v -34.05 4.039616079714452 -4.695429795081455
v -34.05 3.993112219486774 -4.697934726006089
v -34.05 3.946567611682466 -4.699483616878728
v -34.05 3.900000102329734 -4.699944380031462
v -74.05000000000001 3.8999998370274946 -4.69993707789946
v -74.05000000000003 5.617803387259184 -1.3919957096558822
v -74.05000000000003 5.855325939726228 -1.8339199352726514
v -74.05000000000003 5.978328710615347 -2.299962362637241
v -74.05000000000004 5.99183026699921 -2.782424166370509
v -74.05000000000003 5.93926149527743 -3.101335008328212
v -74.05000000000001 5.805228902308007 -3.4811696653800817
v -74.05000000000001 5.596097578901318 -3.8377900958041264
v -74.05000000000001 5.367580576374569 -4.101693469561185
v -74.05000000000001 5.129299082980623 -4.301503273786577
v -74.05000000000003 4.868976168295806 -4.462553674138178
v -74.05000000000003 4.595867875099439 -4.581337614945369
v -74.05000000000003 4.242764752773859 -4.6715032736833315
v 31.550000000000008 0 23.900000000000006
v 31.550000000000008 1.7 23.900000000000006
v 31.550000000000008 1.7 20.899999999999995
v 31.191026503568672 1.7 20.943587273860917
v 30.852915241934355 1.7 21.07181596152018
v 30.555316012638812 1.7 21.277233877743342
v 30.31552420115952 1.7 21.547902879903262
v 30.147475635971883 1.7 21.86809266943619
v 30.060936688852923 1.7 22.21919497961701
v 30.060936688852923 1.7 22.580805020382982
v 30.14747563597188 1.7 22.931907330563803
v 30.31552420115952 1.7 23.25209712009673
v 30.55531601263881 1.7 23.52276612225665
v 30.85291524193435 1.7 23.728184038479817
v 31.191026503568665 1.7 23.85641272613908
v 31.550000000000008 0 20.899999999999995
v 31.191026503568672 0 20.943587273860917
v 30.852915241934355 0 21.07181596152018
v 30.555316012638812 0 21.277233877743342
v 30.31552420115952 0 21.547902879903262
v 30.147475635971883 0 21.86809266943619
v 30.060936688852923 0 22.21919497961701
v 30.060936688852923 0 22.580805020382982
v 30.14747563597188 0 22.931907330563803
v 30.31552420115952 0 23.25209712009673
v 30.55531601263881 0 23.52276612225665
v 30.85291524193435 0 23.728184038479817
v 31.191026503568665 0 23.85641272613908
v -13.049999999999992 0 23.89999999999999
v -13.049999999999992 1.7 23.89999999999999
v -13.049999999999992 1.7 20.899999999999988
v -13.408973496431328 1.7 20.94358727386091
v -13.747084758065645 1.7 21.071815961520173
v -14.044683987361184 1.7 21.277233877743335
v -14.284475798840477 1.7 21.54790287990325
v -14.452524364028115 1.7 21.868092669436184
v -14.539063311147075 1.7 22.219194979617
v -14.539063311147075 1.7 22.58080502038297
v -14.452524364028116 1.7 22.93190733056379
v -14.284475798840479 1.7 23.25209712009672
v -14.044683987361188 1.7 23.522766122256638
v -13.747084758065649 1.7 23.728184038479803
v -13.408973496431333 1.7 23.856412726139066
v -13.049999999999992 0 20.899999999999988
v -13.408973496431328 0 20.94358727386091
v -13.747084758065645 0 21.071815961520173
v -14.044683987361184 0 21.277233877743335
v -14.284475798840477 0 21.54790287990325
v -14.452524364028115 0 21.868092669436184
v -14.539063311147075 0 22.219194979617
v -14.539063311147075 0 22.58080502038297
v -14.452524364028116 0 22.93190733056379
v -14.284475798840479 0 23.25209712009672
v -14.044683987361188 0 23.522766122256638
v -13.747084758065649 0 23.728184038479803
v -13.408973496431333 0 23.856412726139066
v -13.049999999999992 0 -20.899999999999988
v -13.049999999999992 1.7 -20.899999999999988
v -13.049999999999992 1.7 -23.89999999999999
v -13.408973496431328 1.7 -23.856412726139066
v -13.747084758065645 1.7 -23.728184038479803
v -14.044683987361184 1.7 -23.52276612225664
v -14.284475798840477 1.7 -23.252097120096725
v -14.452524364028115 1.7 -22.931907330563792
v -14.539063311147075 1.7 -22.580805020382975
v -14.539063311147075 1.7 -22.219194979617004
v -14.452524364028116 1.7 -21.868092669436187
v -14.284475798840479 1.7 -21.547902879903255
v -14.044683987361188 1.7 -21.27723387774334
v -13.747084758065649 1.7 -21.071815961520173
v -13.408973496431333 1.7 -20.94358727386091
v -13.049999999999992 0 -23.89999999999999
v -13.408973496431328 0 -23.856412726139066
v -13.747084758065645 0 -23.728184038479803
v -14.044683987361184 0 -23.52276612225664
v -14.284475798840477 0 -23.252097120096725
v -14.452524364028115 0 -22.931907330563792
v -14.539063311147075 0 -22.580805020382975
v -14.539063311147075 0 -22.219194979617004
v -14.452524364028116 0 -21.868092669436187
v -14.284475798840479 0 -21.547902879903255
v -14.044683987361188 0 -21.27723387774334
v -13.747084758065649 0 -21.071815961520173
v -13.408973496431333 0 -20.94358727386091
v 31.550000000000008 0 -20.899999999999995
v 31.550000000000008 1.7 -20.899999999999995
v 31.550000000000008 1.7 -23.900000000000006
v 31.191026503568672 1.7 -23.85641272613908
v 30.852915241934355 1.7 -23.728184038479817
v 30.555316012638812 1.7 -23.522766122256655
v 30.31552420115952 1.7 -23.252097120096735
v 30.147475635971883 1.7 -22.931907330563806
v 30.060936688852923 1.7 -22.580805020382986
v 30.060936688852923 1.7 -22.219194979617015
v 30.14747563597188 1.7 -21.868092669436194
v 30.31552420115952 1.7 -21.547902879903265
v 30.55531601263881 1.7 -21.277233877743345
v 30.85291524193435 1.7 -21.07181596152018
v 31.191026503568665 1.7 -20.943587273860917
v 31.550000000000008 0 -23.900000000000006
v 31.191026503568672 0 -23.85641272613908
v 30.852915241934355 0 -23.728184038479817
v 30.555316012638812 0 -23.522766122256655
v 30.31552420115952 0 -23.252097120096735
v 30.147475635971883 0 -22.931907330563806
v 30.060936688852923 0 -22.580805020382986
v 30.060936688852923 0 -22.219194979617015
v 30.14747563597188 0 -21.868092669436194
v 30.31552420115952 0 -21.547902879903265
v 30.55531601263881 0 -21.277233877743345
v 30.85291524193435 0 -21.07181596152018
v 31.191026503568665 0 -20.943587273860917
v -74.05000000000003 3.89999997854668 4.700031806906553
v -74.05000000000001 4.3562946456735006 4.649828089457674
v -34.05 3.900000124372424 4.699845865707873
v -34.05 4.363250227345858 4.648267371918035
v -34.05 4.803676388396339 4.4956183648231915
v -34.05 5.1995791878160595 4.249573864546646
v -34.05 5.531452833780053 3.9222562728726382
v -34.05 5.782946196011256 3.5297922471857603
v -34.05 5.9416684119640335 3.0915181538745697
v -34.05 5.999806365697315 2.6290274787740913
v -34.04995632971528 5.953364227869622 2.1596676550345153
v -34.050049114158504 5.803624647269528 1.713215407197496
v -34.0500000416692 5.558635438205086 1.3120060236436482
v -34.050406263736 5.231116647529312 0.9757918395473627
v -34.049931969180946 4.836108830662412 0.7199935519955059
v -34.05 4.395590322282952 0.5591370732783882
v -34.05 4.232111427593379 0.526427720174218
v -34.05 4.066580567680227 0.506617351158337
v -34.05 3.8999998756275804 0.5001541342921277
v -74.05000000000003 3.900000042905991 0.49996819309344775
v -74.05000000000003 4.839195380652372 4.478305693286563
v -74.05000000000004 5.258830763817373 4.201173768986557
v -74.05000000000001 5.588721110505715 3.848068486734552
v -74.05000000000001 5.829482349361743 3.4283422429892
v -74.05000000000001 5.933997551739651 3.122261703884852
v -74.05000000000001 5.9955060268792675 2.723254882880601
v -74.05000000000001 5.979525919050088 2.3092888696494547
v -74.05000000000001 5.902590470266044 1.9687814081444603
v -74.05000000000001 5.786623291918091 1.6797134172114967
v -74.05000000000001 5.6328662948041375 1.4145540155225778
v -74.05000000000003 5.447850092353593 1.180819592488831
v -74.05000000000003 5.167120933736573 0.9258011949261196
v -74.05000000000003 4.827300766034691 0.7158648849659486
v -74.05000000000004 4.486705052782539 0.5835784423647886
v -74.05000000000004 4.181813244606979 0.5189883249918821
v -116.05 0.27499999999999963 8.249999999999996
v -116.05 7.524999999999991 8.249999999999996
v -116.05 -0.7250000000000004 7.24999999999999
v -116.05 -0.6999279121818254 7.4725209339563055
v -116.05 -0.6259688679024218 7.68388373911755
v -116.05 -0.5068314824680331 7.873489801858727
v -116.05 -0.34848980185873685 8.031831482468025
v -116.05 -0.1588837391175611 8.150968867902415
v -116.05 0.05247906604368327 8.22492791218182
v -116.05 -0.7250000000000004 -7.249999999999992
v -116.05 0.2750000000000066 -8.249999999999998
v -116.05 0.05247906604368438 -8.22492791218182
v -116.05 -0.1588837391175601 -8.150968867902417
v -116.05 -0.34848980185873596 -8.031831482468027
v -116.05 -0.5068314824680324 -7.873489801858729
v -116.05 -0.6259688679024213 -7.683883739117553
v -116.05 -0.6999279121818252 -7.472520933956307
v -116.05 7.52499999999999 -8.25
v -116.05 8.524999999999999 -7.249999999999993
v -116.05 8.499927912181823 -7.472520933956308
v -116.05 8.42596886790242 -7.683883739117553
v -116.05 8.30683148246803 -7.87348980185873
v -116.05 8.148489801858734 -8.031831482468027
v -116.05 7.958883739117558 -8.150968867902417
v -116.05 7.747520933956314 -8.224927912181823
v -116.05 8.524999999999999 7.24999999999999
v -116.05 7.747520933956313 8.22492791218182
v -116.05 7.9588837391175575 8.150968867902415
v -116.05 8.148489801858734 8.031831482468025
v -116.05 8.306831482468029 7.873489801858728
v -116.05 8.42596886790242 7.683883739117552
v -116.05 8.499927912181823 7.472520933956306
v -116.05 -0.22500000000000125 -7.749999999999999
v -116.05 -0.22500000000000167 5.649999999999996
v -116.05 -0.17485582436364844 6.095041867912625
v -116.05 -0.026937735804839713 6.517767478235112
v -116.05 0.2113370350639392 6.8969796037174635
v -116.05 0.5280203962825318 7.213662964936056
v -116.05 0.9072325217648827 7.451937735804835
v -116.05 1.3299581320873701 7.599855824363644
v -116.05 1.7750000000000001 7.649999999999999
v -116.05 6.024999999999998 7.649999999999997
v -116.05 6.470041867912626 7.599855824363644
v -116.05 6.892767478235114 7.451937735804835
v -116.05 7.271979603717464 7.213662964936057
v -116.05 7.5886629649360575 6.896979603717464
v -116.05 7.826937735804836 6.517767478235113
v -116.05 7.974855824363645 6.095041867912626
v -116.05 8.024999999999997 5.649999999999997
v -116.05 8.024999999999997 -7.75
v -74.05000000000003 3.89999997854668 4.700031806906553
v -34.05 3.900000124372424 4.699845865707873
v -74.05000000000001 3.443705354326499 0.5501719105423262
v -74.05000000000003 2.9608046193476296 0.7216943067134372
v -74.05000000000001 2.541169236182628 0.9988262310134446
v -74.05000000000003 2.2112788894942845 1.3519315132654508
v -74.05 1.9705176506382547 1.771657757010803
v -74.05 1.8660024482603463 2.077738296115151
v -74.05000000000001 1.804493973120732 2.476745117119404
v -74.05000000000001 1.8204740809499127 2.890711130350551
v -74.05000000000001 1.8974095297339588 3.231218591855544
v -74.05 2.013376708081912 3.520286582788506
v -74.05 2.1671337051958655 3.7854459844774238
v -74.05 2.3521499076464094 4.01918040751117
v -74.05000000000001 2.632879066263428 4.274198805073881
v -74.05 2.9726992339653076 4.484135115034051
v -74.04999999999998 3.3132949472174573 4.616421557635211
v -74.05000000000001 3.6181867553930207 4.681011675008119
v -74.05000000000003 3.900000042905991 0.49996819309344775
v -34.05 3.8999998756275804 0.5001541342921277
v -34.05 3.4367497739881085 0.5517326277802659
v -34.05 2.99632361407276 0.7043816339997424
v -34.05 2.600420815406868 0.9504261329142443
v -34.05 2.268547169664501 1.2777437228773336
v -34.05 2.0170538070164463 1.6702077466827623
v -34.05 1.8583315899566153 2.108481838147437
v -34.05 1.8002006261236716 2.570972608305531
v -34.05 1.8463877687867396 3.038949659768976
v -34.05 1.9955515844363887 3.4849159465493065
v -34.05 2.240212377912978 3.886508861052544
v -34.05 2.5681018377312412 4.223590861438037
v -34.05 2.9627782203301254 4.479259251862935
v -34.05 3.404412179346947 4.6408528269223615
v -34.05 3.567888603786009 4.673572284851627
v -34.05 3.733419448159365 4.693382650102096
v -34.05 3.404412179346947 4.6408528269223615
v -33.05 1.7 4.999999999999999
v -27.049999999999997 1.699999999999999 4.999999999999999
v -34.05 5.999806365697315 2.6290274787740913
v -34.05 3.900000124372424 4.699845865707873
v -34.05 4.363250227345858 4.648267371918035
v -34.05 4.803676388396339 4.4956183648231915
v -34.05 5.1995791878160595 4.249573864546646
v -34.05 5.531452833780053 3.9222562728726382
v -34.05 5.782946196011256 3.5297922471857603
v -34.05 5.9416684119640335 3.0915181538745697
v -34.05 3.567888603786009 4.673572284851627
v -34.05 3.733419448159365 4.693382650102096
v -34.05 1.8002006261236716 2.570972608305531
v -34.05 1.8463877687867396 3.038949659768976
v -34.05 1.9955515844363887 3.4849159465493065
v -34.05 2.240212377912978 3.886508861052544
v -34.05 2.5681018377312412 4.223590861438037
v -34.05 2.9627782203301254 4.479259251862935
v -34.05 3.404412179346947 4.6408528269223615
v -33.05 1.7 0.5
v -33.05 1.7 4.999999999999999
v -33.54998451003005 2.4413116839458597 4.591244521002584
v -33.55000080521489 2.3368269097620726 4.3609024039034585
v -33.55 2.2378027943489633 4.124311260113067
v -33.800001799454556 2.1676300514800797 3.7279580216464856
v -34.05 5.999806365697315 2.6290274787740913
v -34.04995632971528 5.953364227869622 2.1596676550345153
v -34.050049114158504 5.803624647269528 1.713215407197496
v -34.0500000416692 5.558635438205086 1.3120060236436482
v -34.050406263736 5.231116647529312 0.9757918395473627
v -34.049931969180946 4.836108830662412 0.7199935519955059
v -34.05 4.395590322282952 0.5591370732783882
v -27.049999999999997 1.699999999999999 4.999999999999999
v -27.049999999999994 1.6999999999999984 0.5
v -30.55000344959574 3.158371963991703 0.7581283680083997
v -34.05 4.395590322282952 0.5591370732783882
v -27.049999999999994 1.6999999999999984 0.5
v -33.05 1.7 0.5
v -34.05 1.8002006261236716 2.570972608305531
v -34.05 3.8999998756275804 0.5001541342921277
v -34.05 3.4367497739881085 0.5517326277802659
v -34.05 2.99632361407276 0.7043816339997424
v -34.05 2.600420815406868 0.9504261329142443
v -34.05 2.268547169664501 1.2777437228773336
v -34.05 2.0170538070164463 1.6702077466827623
v -34.05 1.8583315899566153 2.108481838147437
v -34.05 4.232111427593379 0.526427720174218
v -34.05 4.066580567680227 0.506617351158337
v -32.8061546129733 1.8478345498215092 1.1074153896805128
v -33.461876396177786 1.8958864072522865 1.4699114326773564
v -32.74211625873746 1.7373629493654774 0.9121226249447338
v -32.87267311829177 1.7324403416363767 0.9373403259402583
v -33.86149760820001 1.808496956746889 2.0620439515591844
v -33.91230195761531 1.789023967863598 2.263152289196234
v -33.55595629324584 1.8379701523831562 1.6347202828762326
v -33.600599378163736 1.817423007036888 1.7129168150909497
v -33.27830193795885 1.8240383616107347 1.415692374147302
v -33.34525029221756 1.8052582529741255 1.480923303706279
v -33.20773220539835 1.8478767277590764 1.3469742678158088
v -32.980196927987016 1.8071045688619216 1.208634158027617
v -33.36153621636675 1.7381527803650987 1.255629788856349
v -32.836432845652226 1.7668489554656104 1.0748667202042237
v -33.15869893632752 1.7772741708748172 1.3129572348970804
v -33.34690329878966 1.7579713803151162 1.421687717968957
v -32.727645173918084 1.7785732444878002 1.0367050312484607
v -30.224567641786876 1.840021475462382 0.5374239175862306
v -33.795841511161356 1.7914491000433461 2.0212870512906917
v -33.647644864004235 1.8003253611584558 1.7949342038505258
v -33.749219826618685 1.778640888322851 1.9688022386639803
v -33.59468202925919 1.782333019825664 1.7473590253390197
v -33.56075360701014 1.7684850000907946 1.688225532555704
v -33.658159727890904 1.7735706685470918 1.8267747412831845
v -33.48458325507863 1.7774967637243582 1.6157303824055478
v -33.63691908699103 1.7635883741143485 1.759391039026291
v -33.56294135296186 1.788456249242496 1.7071928967148788
v -33.41400837029675 1.7896903453202437 1.547705752172413
v -33.378722504774956 1.7972192912936984 1.5134775092998436
v -33.54585959725708 1.7579930807269617 1.617568571092923
v -33.268479057433574 1.787214635028699 1.4133524724411421
v -33.24895528363025 1.7907157565241034 1.3987113836142167
v -31.56546932836671 1.790170515362301 0.6678251594440657
v -31.531911311820235 1.7220536448558978 0.5688298816343791
v -33.88978238888316 1.7847466975192092 2.2356403200569908
v -33.83393390319349 1.783768195542059 2.11427365853748
v -33.814587650034746 1.7790706416721995 2.0852204606217786
v -30.85189634953526 1.763666427836792 0.56119635653335
v -29.358362472230674 1.7437789178751721 0.5049620998133497
v -33.806698999626875 1.7770192813355508 2.069591386489481
v -33.77461052230318 1.7763061709889734 2.0112716641112627
v -33.76751520078865 1.7741582652845374 1.995254724530644
v -33.4645370046848 1.7423176319160483 1.3707575560300596
v -31.17415796840103 1.7067328134236868 0.5151477127424622
v -30.461988596105595 1.7371273513226284 0.5254148899667705
v -33.84848857622984 1.780883609523855 2.1524807901951455
v -33.75910281373124 1.7712726056491095 1.9698614860768573
v -33.72163255457201 1.769284097356882 1.9046243531939757
v -30.25875440338728 1.719962707052351 0.511485543060747
v -29.12801065316915 1.711510573741395 0.5010189989554069
v -33.905009984712834 1.7857396600526425 2.270166308664782
v -33.82381051369004 1.7779981101878242 2.1031000810782516
v -33.80320079346581 1.776062787512742 2.061501915131018
v -31.081269500878115 1.7017658815205674 0.5036607217280018
v -30.15506722802725 1.7103401979684203 0.5054472828947049
v -33.864658131176256 1.7818686589354675 2.1864985715409713
v -33.83217104368384 1.7785069344907742 2.1199511926254506
v -33.47682642211121 1.7428644562342606 1.385454606772163
v -30.10270612059702 1.7052609240106127 0.502651064320681
v -29.069560165486738 1.7029131976577006 0.5002417498779465
v -33.86861917531379 1.7821234926052945 2.195043076969762
v -33.795665589822995 1.7748899755569438 2.044890660655117
v -33.76364017584781 1.7715342514957704 1.9780894089220087
v -33.69074856085072 1.7643006846229001 1.82790333563839
v -33.67582114934479 1.7635163297156773 1.803934206677721
v -33.654216770005824 1.7606833155517816 1.7528573197267607
v -31.057831750768123 1.700446736507152 0.5009073368967434
v -30.07639618694435 1.7026533061321079 0.501307552674992
v -33.906876829121956 1.7858678613625094 2.2744999614421006
v -33.83424084003252 1.7786362108855225 2.124174010604242
v -33.816046016365846 1.7768280658026514 2.08661210916023
v -33.79783686214145 1.7750198251977396 2.049058043481138
v -30.063208875133622 1.7013323812459493 0.5006493022480294
v -29.05489363525882 1.700730524175895 0.5000596382516781
v 8.885000000000003 1.7 25
v 34.050000000000004 1.7 25
v 34.050000000000004 0 25
v -34.05 0 25
v -34.05 1.7 25
v -6.284999999999999 1.7 25
v -6.284999999999998 1.5149999999999986 25
v -5.784999999999998 1.0149999999999986 25
v -4.264999999999999 1.0149999999999986 25
v -3.764999999999999 1.5149999999999986 25
v -3.764999999999999 1.7000000000000035 25
v -3.754999999999998 1.700000000000002 25
v -3.754999999999998 1.5149999999999986 25
v -3.2549999999999986 1.0149999999999986 25
v -1.7349999999999988 1.0149999999999986 25
v -1.2349999999999988 1.5149999999999986 25
v -1.2349999999999999 1.7 25
v -1.2249999999999979 1.700000000000002 25
v -1.2249999999999979 1.5149999999999986 25
v -0.7249999999999982 1.0149999999999986 25
v 0.7950000000000015 1.0149999999999986 25
v 1.2950000000000015 1.5149999999999986 25
v 1.2950000000000044 1.7 25
v 1.3050000000000024 1.700000000000002 25
v 1.3050000000000024 1.5149999999999986 25
v 1.805000000000002 1.0149999999999986 25
v 3.3250000000000015 1.0149999999999986 25
v 3.8250000000000015 1.5149999999999986 25
v 3.825000000000002 1.7 25
v 3.8350000000000026 1.700000000000002 25
v 3.8350000000000026 1.5149999999999986 25
v 4.335000000000002 1.0149999999999986 25
v 5.855000000000001 1.0149999999999986 25
v 6.355000000000001 1.5149999999999986 25
v 6.3549999999999995 1.7 25
v 6.365000000000004 1.700000000000002 25
v 6.365000000000004 1.5149999999999986 25
v 6.865000000000003 1.0149999999999986 25
v 8.385000000000003 1.0149999999999986 25
v 8.885000000000002 1.5149999999999986 25
v 7.3000000000000025 2.5000000000000013 23.349999999999998
v 7.3000000000000025 2.500000000000001 25
v 7.950000000000002 2.5000000000000013 25
v 7.950000000000002 2.5000000000000013 23.349999999999998
v 7.950000000000002 1.849999999999999 25
v 7.950000000000002 1.849999999999999 24
v 7.3000000000000025 1.849999999999999 25
v 7.3000000000000025 1.849999999999999 24
v 7.3000000000000025 1.849999999999999 25
v 7.3000000000000025 1.849999999999999 24
v 7.3000000000000025 1.7 24
v 7.3000000000000025 1.7000000000000002 23.349999999999998
v 7.3000000000000025 2.5000000000000013 23.349999999999998
v 7.3000000000000025 2.500000000000001 25
v 7.950000000000002 2.5000000000000013 23.349999999999998
v 7.950000000000002 2.5000000000000013 25
v 7.950000000000002 1.849999999999999 25
v 7.950000000000002 1.849999999999999 24
v 7.950000000000002 1.7 24
v 7.950000000000002 1.7000000000000002 23.349999999999998
v 7.3000000000000025 7.7 18.15
v 7.3000000000000025 7.699999999999999 25
v 7.950000000000002 7.7 25
v 7.950000000000002 7.7 18.15
v 7.950000000000002 7.049999999999998 25
v 7.950000000000002 7.049999999999998 18.800000000000004
v 7.3000000000000025 7.049999999999998 25
v 7.3000000000000025 7.049999999999998 18.800000000000004
v 7.3000000000000025 7.049999999999998 25
v 7.3000000000000025 7.049999999999998 18.800000000000004
v 7.3000000000000025 1.6999999999999997 18.800000000000004
v 7.3000000000000025 1.7 18.15
v 7.3000000000000025 7.7 18.15
v 7.3000000000000025 7.699999999999999 25
v 7.950000000000002 7.7 18.15
v 7.950000000000002 7.7 25
v 7.950000000000002 7.049999999999998 25
v 7.950000000000002 7.049999999999998 18.800000000000004
v 7.950000000000002 1.7 18.800000000000004
v 7.950000000000002 1.7 18.15
v 7.3000000000000025 5.100000000000004 20.75
v 7.3000000000000025 5.100000000000002 25
v 7.950000000000002 5.100000000000004 25
v 7.950000000000002 5.100000000000004 20.75
v 7.950000000000002 4.4499999999999975 25
v 7.950000000000002 4.4499999999999975 21.4
v 7.3000000000000025 4.4499999999999975 25
v 7.3000000000000025 4.4499999999999975 21.4
v 7.3000000000000025 4.4499999999999975 25
v 7.3000000000000025 4.4499999999999975 21.4
v 7.3000000000000025 1.7 21.4
v 7.3000000000000025 1.7000000000000002 20.75
v 7.3000000000000025 5.100000000000004 20.75
v 7.3000000000000025 5.100000000000002 25
v 7.950000000000002 5.100000000000004 20.75
v 7.950000000000002 5.100000000000004 25
v 7.950000000000002 4.4499999999999975 25
v 7.950000000000002 4.4499999999999975 21.4
v 7.950000000000002 1.7 21.4
v 7.950000000000002 1.7000000000000002 20.75
v 4.770000000000001 2.5000000000000013 23.349999999999998
v 4.770000000000001 2.500000000000001 25
v 5.420000000000002 2.5000000000000013 25
v 5.420000000000002 2.5000000000000013 23.349999999999998
v 5.420000000000002 1.849999999999999 25
v 5.420000000000002 1.849999999999999 24
v 4.770000000000001 1.849999999999999 25
v 4.770000000000001 1.849999999999999 24
v 4.770000000000001 1.849999999999999 25
v 4.770000000000001 1.849999999999999 24
v 4.770000000000001 1.7 24
v 4.770000000000001 1.7000000000000002 23.349999999999998
v 4.770000000000001 2.5000000000000013 23.349999999999998
v 4.770000000000001 2.500000000000001 25
v 5.420000000000002 2.5000000000000013 23.349999999999998
v 5.420000000000002 2.5000000000000013 25
v 5.420000000000002 1.849999999999999 25
v 5.420000000000002 1.849999999999999 24
v 5.420000000000002 1.7 24
v 5.420000000000002 1.7000000000000002 23.349999999999998
v 4.770000000000001 7.7 18.15
v 4.770000000000001 7.699999999999999 25
v 5.420000000000002 7.7 25
v 5.420000000000002 7.7 18.15
v 5.420000000000002 7.049999999999998 25
v 5.420000000000002 7.049999999999998 18.800000000000004
v 4.770000000000001 7.049999999999998 25
v 4.770000000000001 7.049999999999998 18.800000000000004
v 4.770000000000001 7.049999999999998 25
v 4.770000000000001 7.049999999999998 18.800000000000004
v 4.770000000000001 1.6999999999999997 18.800000000000004
v 4.770000000000001 1.7 18.15
v 4.770000000000001 7.7 18.15
v 4.770000000000001 7.699999999999999 25
v 5.420000000000002 7.7 18.15
v 5.420000000000002 7.7 25
v 5.420000000000002 7.049999999999998 25
v 5.420000000000002 7.049999999999998 18.800000000000004
v 5.420000000000002 1.7 18.800000000000004
v 5.420000000000002 1.7 18.15
v 4.770000000000001 5.100000000000004 20.75
v 4.770000000000001 5.100000000000002 25
v 5.420000000000002 5.100000000000004 25
v 5.420000000000002 5.100000000000004 20.75
v 5.420000000000002 4.4499999999999975 25
v 5.420000000000002 4.4499999999999975 21.4
v 4.770000000000001 4.4499999999999975 25
v 4.770000000000001 4.4499999999999975 21.4
v 4.770000000000001 4.4499999999999975 25
v 4.770000000000001 4.4499999999999975 21.4
v 4.770000000000001 1.7 21.4
v 4.770000000000001 1.7000000000000002 20.75
v 4.770000000000001 5.100000000000004 20.75
v 4.770000000000001 5.100000000000002 25
v 5.420000000000002 5.100000000000004 20.75
v 5.420000000000002 5.100000000000004 25
v 5.420000000000002 4.4499999999999975 25
v 5.420000000000002 4.4499999999999975 21.4
v 5.420000000000002 1.7 21.4
v 5.420000000000002 1.7000000000000002 20.75
v 2.240000000000002 2.5000000000000013 23.349999999999998
v 2.240000000000002 2.500000000000001 25
v 2.890000000000002 2.5000000000000013 25
v 2.890000000000002 2.5000000000000013 23.349999999999998
v 2.890000000000002 1.849999999999999 25
v 2.890000000000002 1.849999999999999 24
v 2.240000000000002 1.849999999999999 25
v 2.240000000000002 1.849999999999999 24
v 2.240000000000002 1.849999999999999 25
v 2.240000000000002 1.849999999999999 24
v 2.240000000000002 1.7 24
v 2.240000000000002 1.7000000000000002 23.349999999999998
v 2.240000000000002 2.5000000000000013 23.349999999999998
v 2.240000000000002 2.500000000000001 25
v 2.890000000000002 2.5000000000000013 23.349999999999998
v 2.890000000000002 2.5000000000000013 25
v 2.890000000000002 1.849999999999999 25
v 2.890000000000002 1.849999999999999 24
v 2.890000000000002 1.7 24
v 2.890000000000002 1.7000000000000002 23.349999999999998
v 2.240000000000002 7.7 18.15
v 2.240000000000002 7.699999999999999 25
v 2.890000000000002 7.7 25
v 2.890000000000002 7.7 18.15
v 2.890000000000002 7.049999999999998 25
v 2.890000000000002 7.049999999999998 18.800000000000004
v 2.240000000000002 7.049999999999998 25
v 2.240000000000002 7.049999999999998 18.800000000000004
v 2.240000000000002 7.049999999999998 25
v 2.240000000000002 7.049999999999998 18.800000000000004
v 2.240000000000002 1.6999999999999997 18.800000000000004
v 2.240000000000002 1.7 18.15
v 2.240000000000002 7.7 18.15
v 2.240000000000002 7.699999999999999 25
v 2.890000000000002 7.7 18.15
v 2.890000000000002 7.7 25
v 2.890000000000002 7.049999999999998 25
v 2.890000000000002 7.049999999999998 18.800000000000004
v 2.890000000000002 1.7 18.800000000000004
v 2.890000000000002 1.7 18.15
v 2.240000000000002 5.100000000000004 20.75
v 2.240000000000002 5.100000000000002 25
v 2.890000000000002 5.100000000000004 25
v 2.890000000000002 5.100000000000004 20.75
v 2.890000000000002 4.4499999999999975 25
v 2.890000000000002 4.4499999999999975 21.4
v 2.240000000000002 4.4499999999999975 25
v 2.240000000000002 4.4499999999999975 21.4
v 2.240000000000002 4.4499999999999975 25
v 2.240000000000002 4.4499999999999975 21.4
v 2.240000000000002 1.7 21.4
v 2.240000000000002 1.7000000000000002 20.75
v 2.240000000000002 5.100000000000004 20.75
v 2.240000000000002 5.100000000000002 25
v 2.890000000000002 5.100000000000004 20.75
v 2.890000000000002 5.100000000000004 25
v 2.890000000000002 4.4499999999999975 25
v 2.890000000000002 4.4499999999999975 21.4
v 2.890000000000002 1.7 21.4
v 2.890000000000002 1.7000000000000002 20.75
v -0.28999999999999815 2.5000000000000013 23.349999999999998
v -0.28999999999999815 2.500000000000001 25
v 0.3600000000000018 2.5000000000000013 25
v 0.3600000000000018 2.5000000000000013 23.349999999999998
v 0.3600000000000018 1.849999999999999 25
v 0.3600000000000018 1.849999999999999 24
v -0.28999999999999815 1.849999999999999 25
v -0.28999999999999815 1.849999999999999 24
v -0.28999999999999815 1.849999999999999 25
v -0.28999999999999815 1.849999999999999 24
v -0.28999999999999815 1.7 24
v -0.28999999999999815 1.7000000000000002 23.349999999999998
v -0.28999999999999815 2.5000000000000013 23.349999999999998
v -0.28999999999999815 2.500000000000001 25
v 0.3600000000000018 2.5000000000000013 23.349999999999998
v 0.3600000000000018 2.5000000000000013 25
v 0.3600000000000018 1.849999999999999 25
v 0.3600000000000018 1.849999999999999 24
v 0.3600000000000018 1.7 24
v 0.3600000000000018 1.7000000000000002 23.349999999999998
v -0.28999999999999815 7.7 18.15
v -0.28999999999999815 7.699999999999999 25
v 0.3600000000000018 7.7 25
v 0.3600000000000018 7.7 18.15
v 0.3600000000000018 7.049999999999998 25
v 0.3600000000000018 7.049999999999998 18.800000000000004
v -0.28999999999999815 7.049999999999998 25
v -0.28999999999999815 7.049999999999998 18.800000000000004
v -0.28999999999999815 7.049999999999998 25
v -0.28999999999999815 7.049999999999998 18.800000000000004
v -0.28999999999999815 1.6999999999999997 18.800000000000004
v -0.28999999999999815 1.7 18.15
v -0.28999999999999815 7.7 18.15
v -0.28999999999999815 7.699999999999999 25
v 0.3600000000000018 7.7 18.15
v 0.3600000000000018 7.7 25
v 0.3600000000000018 7.049999999999998 25
v 0.3600000000000018 7.049999999999998 18.800000000000004
v 0.3600000000000018 1.7 18.800000000000004
v 0.3600000000000018 1.7 18.15
v -0.28999999999999815 5.100000000000004 20.75
v -0.28999999999999815 5.100000000000002 25
v 0.3600000000000018 5.100000000000004 25
v 0.3600000000000018 5.100000000000004 20.75
v 0.3600000000000018 4.4499999999999975 25
v 0.3600000000000018 4.4499999999999975 21.4
v -0.28999999999999815 4.4499999999999975 25
v -0.28999999999999815 4.4499999999999975 21.4
v -0.28999999999999815 4.4499999999999975 25
v -0.28999999999999815 4.4499999999999975 21.4
v -0.28999999999999815 1.7 21.4
v -0.28999999999999815 1.7000000000000002 20.75
v -0.28999999999999815 5.100000000000004 20.75
v -0.28999999999999815 5.100000000000002 25
v 0.3600000000000018 5.100000000000004 20.75
v 0.3600000000000018 5.100000000000004 25
v 0.3600000000000018 4.4499999999999975 25
v 0.3600000000000018 4.4499999999999975 21.4
v 0.3600000000000018 1.7 21.4
v 0.3600000000000018 1.7000000000000002 20.75
v -2.8199999999999985 2.5000000000000013 23.349999999999998
v -2.8199999999999985 2.500000000000001 25
v -2.169999999999998 2.5000000000000013 25
v -2.169999999999998 2.5000000000000013 23.349999999999998
v -2.169999999999998 1.849999999999999 25
v -2.169999999999998 1.849999999999999 24
v -2.8199999999999985 1.849999999999999 25
v -2.8199999999999985 1.849999999999999 24
v -2.8199999999999985 1.849999999999999 25
v -2.8199999999999985 1.849999999999999 24
v -2.8199999999999985 1.7 24
v -2.8199999999999985 1.7000000000000002 23.349999999999998
v -2.8199999999999985 2.5000000000000013 23.349999999999998
v -2.8199999999999985 2.500000000000001 25
v -2.169999999999998 2.5000000000000013 23.349999999999998
v -2.169999999999998 2.5000000000000013 25
v -2.169999999999998 1.849999999999999 25
v -2.169999999999998 1.849999999999999 24
v -2.169999999999998 1.7 24
v -2.169999999999998 1.7000000000000002 23.349999999999998
v -2.8199999999999985 7.7 18.15
v -2.8199999999999985 7.699999999999999 25
v -2.169999999999998 7.7 25
v -2.169999999999998 7.7 18.15
v -2.169999999999998 7.049999999999998 25
v -2.169999999999998 7.049999999999998 18.800000000000004
v -2.8199999999999985 7.049999999999998 25
v -2.8199999999999985 7.049999999999998 18.800000000000004
v -2.8199999999999985 7.049999999999998 25
v -2.8199999999999985 7.049999999999998 18.800000000000004
v -2.8199999999999985 1.6999999999999997 18.800000000000004
v -2.8199999999999985 1.7 18.15
v -2.8199999999999985 7.7 18.15
v -2.8199999999999985 7.699999999999999 25
v -2.169999999999998 7.7 18.15
v -2.169999999999998 7.7 25
v -2.169999999999998 7.049999999999998 25
v -2.169999999999998 7.049999999999998 18.800000000000004
v -2.169999999999998 1.7 18.800000000000004
v -2.169999999999998 1.7 18.15
v -2.8199999999999985 5.100000000000004 20.75
v -2.8199999999999985 5.100000000000002 25
v -2.169999999999998 5.100000000000004 25
v -2.169999999999998 5.100000000000004 20.75
v -2.169999999999998 4.4499999999999975 25
v -2.169999999999998 4.4499999999999975 21.4
v -2.8199999999999985 4.4499999999999975 25
v -2.8199999999999985 4.4499999999999975 21.4
v -2.8199999999999985 4.4499999999999975 25
v -2.8199999999999985 4.4499999999999975 21.4
v -2.8199999999999985 1.7 21.4
v -2.8199999999999985 1.7000000000000002 20.75
v -2.8199999999999985 5.100000000000004 20.75
v -2.8199999999999985 5.100000000000002 25
v -2.169999999999998 5.100000000000004 20.75
v -2.169999999999998 5.100000000000004 25
v -2.169999999999998 4.4499999999999975 25
v -2.169999999999998 4.4499999999999975 21.4
v -2.169999999999998 1.7 21.4
v -2.169999999999998 1.7000000000000002 20.75
v -5.349999999999999 2.5000000000000013 23.349999999999998
v -5.349999999999999 2.500000000000001 25
v -4.699999999999999 2.5000000000000013 25
v -4.699999999999999 2.5000000000000013 23.349999999999998
v -4.699999999999999 1.849999999999999 25
v -4.699999999999999 1.849999999999999 24
v -5.349999999999999 1.849999999999999 25
v -5.349999999999999 1.849999999999999 24
v -5.349999999999999 1.849999999999999 25
v -5.349999999999999 1.849999999999999 24
v -5.349999999999999 1.7 24
v -5.349999999999999 1.7000000000000002 23.349999999999998
v -5.349999999999999 2.5000000000000013 23.349999999999998
v -5.349999999999999 2.500000000000001 25
v -4.699999999999999 2.5000000000000013 23.349999999999998
v -4.699999999999999 2.5000000000000013 25
v -4.699999999999999 1.849999999999999 25
v -4.699999999999999 1.849999999999999 24
v -4.699999999999999 1.7 24
v -4.699999999999999 1.7000000000000002 23.349999999999998
v -5.349999999999999 7.7 18.15
v -5.349999999999999 7.699999999999999 25
v -4.699999999999999 7.7 25
v -4.699999999999999 7.7 18.15
v -4.699999999999999 7.049999999999998 25
v -4.699999999999999 7.049999999999998 18.800000000000004
v -5.349999999999999 7.049999999999998 25
v -5.349999999999999 7.049999999999998 18.800000000000004
v -5.349999999999999 7.049999999999998 25
v -5.349999999999999 7.049999999999998 18.800000000000004
v -5.349999999999999 1.6999999999999997 18.800000000000004
v -5.349999999999999 1.7 18.15
v -5.349999999999999 7.7 18.15
v -5.349999999999999 7.699999999999999 25
v -4.699999999999999 7.7 18.15
v -4.699999999999999 7.7 25
v -4.699999999999999 7.049999999999998 25
v -4.699999999999999 7.049999999999998 18.800000000000004
v -4.699999999999999 1.7 18.800000000000004
v -4.699999999999999 1.7 18.15
v -5.349999999999999 5.100000000000004 20.75
v -5.349999999999999 5.100000000000002 25
v -4.699999999999999 5.100000000000004 25
v -4.699999999999999 5.100000000000004 20.75
v -4.699999999999999 4.4499999999999975 25
v -4.699999999999999 4.4499999999999975 21.4
v -5.349999999999999 4.4499999999999975 25
v -5.349999999999999 4.4499999999999975 21.4
v -5.349999999999999 4.4499999999999975 25
v -5.349999999999999 4.4499999999999975 21.4
v -5.349999999999999 1.7 21.4
v -5.349999999999999 1.7000000000000002 20.75
v -5.349999999999999 5.100000000000004 20.75
v -5.349999999999999 5.100000000000002 25
v -4.699999999999999 5.100000000000004 20.75
v -4.699999999999999 5.100000000000004 25
v -4.699999999999999 4.4499999999999975 25
v -4.699999999999999 4.4499999999999975 21.4
v -4.699999999999999 1.7 21.4
v -4.699999999999999 1.7000000000000002 20.75
v 7.765625000000005 1.040000000000001 -25
v 6.224375000000001 1.0399999999999991 -25
v 5.730000000000002 1.534375000000001 -25
v 5.235625000000001 1.040000000000001 -25
v 3.694375 1.0399999999999991 -25
v 3.200000000000008 1.5343750000000045 -25
v 2.705625000000003 1.040000000000001 -25
v 1.1643750000000057 1.0399999999999991 -25
v 0.6700000000000039 1.5343750000000045 -25
v 0.17562500000000564 1.040000000000001 -25
v -1.3656249999999952 1.0400000000000027 -25
v -1.859999999999997 1.534375000000001 -25
v -2.3543749999999988 1.040000000000001 -25
v -3.8956249999999946 1.040000000000001 -25
v -4.389999999999996 1.5343749999999994 -25
v -4.884374999999997 1.040000000000001 -25
v -6.425624999999996 1.0400000000000027 -25
v -6.919999999999994 1.5343749999999994 -25
v -7.414374999999997 1.040000000000001 -25
v -8.955624999999994 1.040000000000001 -25
v -9.455624999999996 1.540000000000001 -25
v -9.455624999999996 1.7 -25
v -34.05 1.7 -25
v -34.05 0 -25
v 34.050000000000004 0 -25
v 34.050000000000004 1.7 -25
v 10.795625000000003 1.7 -25
v 10.795625000000005 1.540000000000001 -25
v 10.295625000000005 1.040000000000001 -25
v 8.754375000000007 1.040000000000001 -25
v 8.260000000000005 1.5343750000000018 -25
v 8.754375000000007 1.040000000000001 -25
v 8.260000000000005 1.5343750000000018 -25
v 8.754375000000007 1.040000000000001 -27.55
v 8.260000000000007 1.5343750000000025 -27.55
v 8.260000000000007 8.015624999999998 -27.55
v 8.754375000000007 8.51 -27.55
v 8.754375000000007 8.51 -25
v 8.260000000000007 8.015624999999998 -25
v -9.455624999999996 1.7 -25
v -34.05 1.7 -25
v 10.795625000000003 1.7 -25
v 34.050000000000004 1.7 -25
v 34.050000000000004 1.7 25
v 8.885000000000003 1.7 25
v 6.365000000000004 1.700000000000002 25
v 6.3549999999999995 1.7 25
v 3.8350000000000026 1.700000000000002 25
v 3.825000000000002 1.7 25
v 1.3050000000000024 1.700000000000002 25
v 1.2950000000000044 1.7 25
v -1.2249999999999979 1.700000000000002 25
v -1.2349999999999999 1.7 25
v -3.754999999999998 1.700000000000002 25
v -3.764999999999999 1.7000000000000035 25
v -6.284999999999999 1.7 25
v -34.05 1.7 25
v -27.049999999999997 1.699999999999999 4.999999999999999
v -27.049999999999994 1.6999999999999984 0.5
v -33.05 1.7 0.5
v -33.05 1.7 4.999999999999999
v -27.049999999999997 1.7 -0.5000000000000004
v -27.049999999999997 1.7 -4.999999999999999
v -33.05 1.7 -5
v -33.05 1.7 -0.5
v 18.62 1.7 -7.399999999999995
v 18.174958132087372 1.7000000000000002 -7.450144175636348
v 17.752232521764885 1.7000000000000002 -7.598062264195157
v 17.373020396282534 1.7000000000000002 -7.836337035063935
v 17.05633703506394 1.7000000000000002 -8.153020396282528
v 16.818062264195163 1.7000000000000002 -8.532232521764879
v 16.670144175636352 1.7000000000000002 -8.954958132087366
v 16.620000000000005 1.7 -9.399999999999995
v 24.620000000000008 1.7 -7.399999999999997
v 26.620000000000005 1.7 -9.399999999999999
v 26.569855824363657 1.7000000000000002 -8.95495813208737
v 26.421937735804846 1.7000000000000002 -8.532232521764882
v 26.18366296493607 1.7000000000000002 -8.153020396282532
v 25.866979603717475 1.7000000000000002 -7.83633703506394
v 25.487767478235124 1.7000000000000002 -7.5980622641951605
v 25.065041867912637 1.7000000000000002 -7.450144175636352
v 26.620000000000005 1.7 -15.400000000000002
v 24.620000000000005 1.7 -17.400000000000002
v 25.065041867912633 1.7000000000000002 -17.34985582436365
v 25.48776747823512 1.7000000000000002 -17.20193773580484
v 25.86697960371747 1.7000000000000002 -16.963662964936063
v 26.183662964936065 1.7000000000000002 -16.64697960371747
v 26.421937735804843 1.7000000000000002 -16.26776747823512
v 26.569855824363653 1.7000000000000002 -15.84504186791263
v 18.62 1.7 -17.400000000000002
v 16.620000000000005 1.7 -15.400000000000002
v 16.670144175636352 1.7000000000000002 -15.84504186791263
v 16.818062264195163 1.7000000000000002 -16.26776747823512
v 17.05633703506394 1.7000000000000002 -16.64697960371747
v 17.373020396282534 1.7000000000000002 -16.963662964936063
v 17.752232521764885 1.7000000000000002 -17.20193773580484
v 18.174958132087372 1.7000000000000002 -17.34985582436365
v 29.830000000000002 1.7 -0.5800000000000024
v 33.95 1.7 -0.5800000000000024
v 33.95 1.7 -11.230000000000002
v 29.830000000000002 1.7 -11.230000000000002
v -12.199999999999994 1.7 18.6
v -7.939999999999994 1.7 18.6
v -7.939999999999996 1.7 5.2600000000000025
v -12.199999999999996 1.7 5.2600000000000025
v -5.349999999999999 1.7 21.4
v -4.699999999999999 1.7 21.4
v -4.699999999999999 1.7000000000000002 20.75
v -5.349999999999999 1.7000000000000002 20.75
v -5.349999999999999 1.7 24
v -4.699999999999999 1.7 24
v -4.699999999999999 1.7000000000000002 23.349999999999998
v -5.349999999999999 1.7000000000000002 23.349999999999998
v -2.8199999999999985 1.6999999999999997 18.800000000000004
v -2.169999999999998 1.7 18.800000000000004
v -2.169999999999998 1.7 18.15
v -2.8199999999999985 1.7 18.15
v -0.28999999999999815 1.7 21.4
v 0.3600000000000018 1.7 21.4
v 0.3600000000000018 1.7000000000000002 20.75
v -0.28999999999999815 1.7000000000000002 20.75
v -0.28999999999999815 1.7 24
v 0.3600000000000018 1.7 24
v 0.3600000000000018 1.7000000000000002 23.349999999999998
v -0.28999999999999815 1.7000000000000002 23.349999999999998
v 2.240000000000002 1.6999999999999997 18.800000000000004
v 2.890000000000002 1.7 18.800000000000004
v 2.890000000000002 1.7 18.15
v 2.240000000000002 1.7 18.15
v 4.770000000000001 1.7 21.4
v 5.420000000000002 1.7 21.4
v 5.420000000000002 1.7000000000000002 20.75
v 4.770000000000001 1.7000000000000002 20.75
v 4.770000000000001 1.7 24
v 5.420000000000002 1.7 24
v 5.420000000000002 1.7000000000000002 23.349999999999998
v 4.770000000000001 1.7000000000000002 23.349999999999998
v 7.3000000000000025 1.6999999999999997 18.800000000000004
v 7.950000000000002 1.7 18.800000000000004
v 7.950000000000002 1.7 18.15
v 7.3000000000000025 1.7 18.15
v 16.05000000000001 1.7 24.800000000000004
v 13.050000000000013 1.7 24.800000000000004
v 16.05000000000001 1.7 19.8
v 13.050000000000013 1.7 19.8
v 24.050000000000004 1.7 24.800000000000004
v 21.050000000000008 1.7 24.800000000000004
v 24.050000000000004 1.7 19.8
v 21.050000000000008 1.7 19.8
v -30.550000000000004 1.7 24.800000000000004
v -33.55 1.7 24.800000000000004
v -30.549999999999997 1.7 19.8
v -33.55 1.7 19.800000000000004
v -22.55000000000001 1.7 24.800000000000004
v -25.550000000000004 1.7 24.800000000000004
v -22.550000000000004 1.7 19.8
v -25.550000000000004 1.7 19.800000000000004
v 31.550000000000008 1.7 -23.900000000000006
v 31.191026503568672 1.7 -23.85641272613908
v 30.852915241934355 1.7 -23.728184038479817
v 30.555316012638812 1.7 -23.522766122256655
v 30.31552420115952 1.7 -23.252097120096735
v 30.147475635971883 1.7 -22.931907330563806
v 30.060936688852923 1.7 -22.580805020382986
v 30.060936688852923 1.7 -22.219194979617015
v 30.14747563597188 1.7 -21.868092669436194
v 30.31552420115952 1.7 -21.547902879903265
v 30.55531601263881 1.7 -21.277233877743345
v 30.85291524193435 1.7 -21.07181596152018
v 31.191026503568665 1.7 -20.943587273860917
v 31.550000000000008 1.7 -20.899999999999995
v 31.908973496431347 1.7 -20.943587273860917
v 32.24708475806566 1.7 -21.07181596152018
v 32.5446839873612 1.7 -21.277233877743342
v 32.7844757988405 1.7 -21.547902879903262
v 32.952524364028136 1.7 -21.868092669436194
v 33.039063311147096 1.7 -22.21919497961701
v 33.039063311147096 1.7 -22.580805020382982
v 32.952524364028136 1.7 -22.931907330563803
v 32.7844757988405 1.7 -23.252097120096735
v 32.5446839873612 1.7 -23.522766122256655
v 32.24708475806566 1.7 -23.728184038479817
v 31.908973496431347 1.7 -23.85641272613908
v -13.049999999999992 1.7 -23.89999999999999
v -13.408973496431328 1.7 -23.856412726139066
v -13.747084758065645 1.7 -23.728184038479803
v -14.044683987361184 1.7 -23.52276612225664
v -14.284475798840477 1.7 -23.252097120096725
v -14.452524364028115 1.7 -22.931907330563792
v -14.539063311147075 1.7 -22.580805020382975
v -14.539063311147075 1.7 -22.219194979617004
v -14.452524364028116 1.7 -21.868092669436187
v -14.284475798840479 1.7 -21.547902879903255
v -14.044683987361188 1.7 -21.27723387774334
v -13.747084758065649 1.7 -21.071815961520173
v -13.408973496431333 1.7 -20.94358727386091
v -13.049999999999992 1.7 -20.899999999999988
v -12.691026503568654 1.7 -20.94358727386091
v -12.352915241934339 1.7 -21.071815961520173
v -12.055316012638798 1.7 -21.277233877743335
v -11.815524201159507 1.7 -21.547902879903255
v -11.647475635971869 1.7 -21.868092669436184
v -11.560936688852909 1.7 -22.219194979617004
v -11.560936688852909 1.7 -22.58080502038297
v -11.647475635971869 1.7 -22.931907330563792
v -11.815524201159507 1.7 -23.25209712009672
v -12.055316012638798 1.7 -23.52276612225664
v -12.352915241934337 1.7 -23.728184038479803
v -12.691026503568654 1.7 -23.856412726139066
v -13.049999999999992 1.7 20.899999999999988
v -13.408973496431328 1.7 20.94358727386091
v -13.747084758065645 1.7 21.071815961520173
v -14.044683987361184 1.7 21.277233877743335
v -14.284475798840477 1.7 21.54790287990325
v -14.452524364028115 1.7 21.868092669436184
v -14.539063311147075 1.7 22.219194979617
v -14.539063311147075 1.7 22.58080502038297
v -14.452524364028116 1.7 22.93190733056379
v -14.284475798840479 1.7 23.25209712009672
v -14.044683987361188 1.7 23.522766122256638
v -13.747084758065649 1.7 23.728184038479803
v -13.408973496431333 1.7 23.856412726139066
v -13.049999999999992 1.7 23.89999999999999
v -12.691026503568654 1.7 23.856412726139066
v -12.352915241934339 1.7 23.728184038479803
v -12.055316012638798 1.7 23.52276612225664
v -11.815524201159507 1.7 23.25209712009672
v -11.647475635971869 1.7 22.931907330563792
v -11.560936688852909 1.7 22.58080502038297
v -11.560936688852909 1.7 22.219194979617004
v -11.647475635971869 1.7 21.868092669436184
v -11.815524201159507 1.7 21.547902879903255
v -12.055316012638798 1.7 21.277233877743335
v -12.352915241934337 1.7 21.071815961520173
v -12.691026503568654 1.7 20.94358727386091
v 31.550000000000008 1.7 20.899999999999995
v 31.191026503568672 1.7 20.943587273860917
v 30.852915241934355 1.7 21.07181596152018
v 30.555316012638812 1.7 21.277233877743342
v 30.31552420115952 1.7 21.547902879903262
v 30.147475635971883 1.7 21.86809266943619
v 30.060936688852923 1.7 22.21919497961701
v 30.060936688852923 1.7 22.580805020382982
v 30.14747563597188 1.7 22.931907330563803
v 30.31552420115952 1.7 23.25209712009673
v 30.55531601263881 1.7 23.52276612225665
v 30.85291524193435 1.7 23.728184038479817
v 31.191026503568665 1.7 23.85641272613908
v 31.550000000000008 1.7 23.900000000000006
v 31.908973496431347 1.7 23.85641272613908
v 32.24708475806566 1.7 23.728184038479817
v 32.5446839873612 1.7 23.522766122256655
v 32.7844757988405 1.7 23.252097120096735
v 32.952524364028136 1.7 22.931907330563803
v 33.039063311147096 1.7 22.580805020382986
v 33.039063311147096 1.7 22.219194979617015
v 32.952524364028136 1.7 21.868092669436194
v 32.7844757988405 1.7 21.547902879903262
v 32.5446839873612 1.7 21.277233877743342
v 32.24708475806566 1.7 21.07181596152018
v 31.908973496431347 1.7 20.943587273860917
v 9.850000000000005 1.7 -18.599999999999998
v 9.850000000000005 1.7000000000000002 -19.249999999999996
v 9.200000000000005 1.7 -19.249999999999996
v 9.200000000000005 1.7 -18.599999999999998
v 9.850000000000005 1.7 -21.2
v 9.850000000000005 1.7000000000000002 -21.849999999999998
v 9.200000000000005 1.7 -21.849999999999998
v 9.200000000000005 1.7 -21.2
v 9.850000000000005 1.7 -23.8
v 9.850000000000005 1.7 -24.45
v 9.200000000000005 1.7 -24.45
v 9.200000000000005 1.7 -23.8
v 7.320000000000005 1.7 -18.599999999999998
v 7.320000000000005 1.7000000000000002 -19.249999999999996
v 6.670000000000004 1.7 -19.249999999999996
v 6.670000000000004 1.7 -18.599999999999998
v 7.320000000000005 1.7 -21.2
v 7.320000000000005 1.7000000000000002 -21.849999999999998
v 6.670000000000004 1.7 -21.849999999999998
v 6.670000000000004 1.7 -21.2
v 7.320000000000005 1.7 -23.8
v 7.320000000000005 1.7 -24.45
v 6.670000000000004 1.7 -24.45
v 6.670000000000004 1.7 -23.8
v 4.7900000000000045 1.7 -18.599999999999998
v 4.7900000000000045 1.7000000000000002 -19.249999999999996
v 4.140000000000005 1.7 -19.249999999999996
v 4.140000000000005 1.7 -18.599999999999998
v 4.7900000000000045 1.7 -21.2
v 4.7900000000000045 1.7000000000000002 -21.849999999999998
v 4.140000000000005 1.7 -21.849999999999998
v 4.140000000000005 1.7 -21.2
v 4.7900000000000045 1.7 -23.8
v 4.7900000000000045 1.7 -24.45
v 4.140000000000005 1.7 -24.45
v 4.140000000000005 1.7 -23.8
v 2.2600000000000042 1.7 -18.599999999999998
v 2.2600000000000042 1.7000000000000002 -19.249999999999996
v 1.6100000000000043 1.7 -19.249999999999996
v 1.6100000000000043 1.7 -18.599999999999998
v 2.2600000000000042 1.7 -21.2
v 2.2600000000000042 1.7000000000000002 -21.849999999999998
v 1.6100000000000043 1.7 -21.849999999999998
v 1.6100000000000043 1.7 -21.2
v 2.2600000000000042 1.7 -23.8
v 2.2600000000000042 1.7 -24.45
v 1.6100000000000043 1.7 -24.45
v 1.6100000000000043 1.7 -23.8
v -0.2699999999999959 1.7 -18.599999999999998
v -0.2699999999999959 1.7000000000000002 -19.249999999999996
v -0.9199999999999959 1.7 -19.249999999999996
v -0.9199999999999959 1.7 -18.599999999999998
v -0.2699999999999959 1.7 -21.2
v -0.2699999999999959 1.7000000000000002 -21.849999999999998
v -0.9199999999999959 1.7 -21.849999999999998
v -0.9199999999999959 1.7 -21.2
v -0.2699999999999959 1.7 -23.8
v -0.2699999999999959 1.7 -24.45
v -0.9199999999999959 1.7 -24.45
v -0.9199999999999959 1.7 -23.8
v -2.799999999999997 1.7 -18.599999999999998
v -2.799999999999997 1.7000000000000002 -19.249999999999996
v -3.449999999999997 1.7 -19.249999999999996
v -3.449999999999997 1.7 -18.599999999999998
v -2.799999999999997 1.7 -21.2
v -2.799999999999997 1.7000000000000002 -21.849999999999998
v -3.449999999999997 1.7 -21.849999999999998
v -3.449999999999997 1.7 -21.2
v -2.799999999999997 1.7 -23.8
v -2.799999999999997 1.7 -24.45
v -3.449999999999997 1.7 -24.45
v -3.449999999999997 1.7 -23.8
v -5.3299999999999965 1.7 -18.599999999999998
v -5.3299999999999965 1.7000000000000002 -19.249999999999996
v -5.979999999999996 1.7 -19.249999999999996
v -5.979999999999996 1.7 -18.599999999999998
v -5.3299999999999965 1.7 -21.2
v -5.3299999999999965 1.7000000000000002 -21.849999999999998
v -5.979999999999996 1.7 -21.849999999999998
v -5.979999999999996 1.7 -21.2
v -5.3299999999999965 1.7 -23.8
v -5.3299999999999965 1.7 -24.45
v -5.979999999999996 1.7 -24.45
v -5.979999999999996 1.7 -23.8
v -7.859999999999996 1.7 -18.599999999999998
v -7.859999999999996 1.7000000000000002 -19.249999999999996
v -8.509999999999994 1.7 -19.249999999999996
v -8.509999999999994 1.7 -18.599999999999998
v -7.859999999999996 1.7 -21.2
v -7.859999999999996 1.7000000000000002 -21.849999999999998
v -8.509999999999994 1.7 -21.849999999999998
v -8.509999999999994 1.7 -21.2
v -7.859999999999996 1.7 -23.8
v -7.859999999999996 1.7 -24.45
v -8.509999999999994 1.7 -24.45
v -8.509999999999994 1.7 -23.8
v -18.550000000000008 1.7 -19.8
v -18.550000000000015 1.7 -24.800000000000004
v -21.550000000000008 1.7 -24.800000000000004
v -21.550000000000008 1.7 -19.800000000000004
v -22.550000000000004 1.7 -19.8
v -22.55000000000001 1.7 -24.800000000000004
v -25.550000000000004 1.7 -24.800000000000004
v -25.550000000000004 1.7 -19.800000000000004
v -26.55 1.7 -19.8
v -26.550000000000008 1.7 -24.800000000000004
v -29.55 1.7 -24.800000000000004
v -29.55 1.7 -19.800000000000004
v -30.549999999999997 1.7 -19.8
v -30.550000000000004 1.7 -24.800000000000004
v -33.55 1.7 -24.800000000000004
v -33.55 1.7 -19.800000000000004
v 28.05 1.7 -19.8
v 28.05 1.7 -24.800000000000004
v 25.050000000000004 1.7 -24.800000000000004
v 25.050000000000004 1.7 -19.8
v 24.050000000000004 1.7 -19.8
v 24.050000000000004 1.7 -24.800000000000004
v 21.050000000000008 1.7 -24.800000000000004
v 21.050000000000008 1.7 -19.8
v 20.050000000000008 1.7 -19.8
v 20.050000000000008 1.7 -24.800000000000004
v 17.05000000000001 1.7 -24.800000000000004
v 17.05000000000001 1.7 -19.8
v 16.05000000000001 1.7 -19.8
v 16.05000000000001 1.7 -24.800000000000004
v 13.050000000000013 1.7 -24.800000000000004
v 13.050000000000013 1.7 -19.8
v -18.550000000000015 1.7 24.800000000000004
v -21.550000000000008 1.7 24.800000000000004
v -18.550000000000008 1.7 19.8
v -21.550000000000008 1.7 19.800000000000004
v -26.550000000000008 1.7 24.800000000000004
v -29.55 1.7 24.800000000000004
v -26.55 1.7 19.8
v -29.55 1.7 19.800000000000004
v 28.05 1.7 24.800000000000004
v 25.050000000000004 1.7 24.800000000000004
v 28.05 1.7 19.8
v 25.050000000000004 1.7 19.8
v 20.050000000000008 1.7 24.800000000000004
v 17.05000000000001 1.7 24.800000000000004
v 20.050000000000008 1.7 19.8
v 17.05000000000001 1.7 19.8
v 7.3000000000000025 1.7 24
v 7.950000000000002 1.7 24
v 7.950000000000002 1.7000000000000002 23.349999999999998
v 7.3000000000000025 1.7000000000000002 23.349999999999998
v 7.3000000000000025 1.7 21.4
v 7.950000000000002 1.7 21.4
v 7.950000000000002 1.7000000000000002 20.75
v 7.3000000000000025 1.7000000000000002 20.75
v 4.770000000000001 1.6999999999999997 18.800000000000004
v 5.420000000000002 1.7 18.800000000000004
v 5.420000000000002 1.7 18.15
v 4.770000000000001 1.7 18.15
v 2.240000000000002 1.7 24
v 2.890000000000002 1.7 24
v 2.890000000000002 1.7000000000000002 23.349999999999998
v 2.240000000000002 1.7000000000000002 23.349999999999998
v 2.240000000000002 1.7 21.4
v 2.890000000000002 1.7 21.4
v 2.890000000000002 1.7000000000000002 20.75
v 2.240000000000002 1.7000000000000002 20.75
v -0.28999999999999815 1.6999999999999997 18.800000000000004
v 0.3600000000000018 1.7 18.800000000000004
v 0.3600000000000018 1.7 18.15
v -0.28999999999999815 1.7 18.15
v -2.8199999999999985 1.7 24
v -2.169999999999998 1.7 24
v -2.169999999999998 1.7000000000000002 23.349999999999998
v -2.8199999999999985 1.7000000000000002 23.349999999999998
v -2.8199999999999985 1.7 21.4
v -2.169999999999998 1.7 21.4
v -2.169999999999998 1.7000000000000002 20.75
v -2.8199999999999985 1.7000000000000002 20.75
v -5.349999999999999 1.6999999999999997 18.800000000000004
v -4.699999999999999 1.7 18.800000000000004
v -4.699999999999999 1.7 18.15
v -5.349999999999999 1.7 18.15
v -14.249999999999991 1.7 -0.3699999999999988
v -9.989999999999988 1.7 -0.3699999999999988
v -9.989999999999991 1.7 -16.09
v -14.249999999999995 1.7 -16.09
v -6.55999999999999 1.7 -0.3699999999999988
v -2.299999999999988 1.7 -0.3699999999999988
v -2.299999999999988 1.7 -16.09
v -6.55999999999999 1.7 -16.09
v 29.830000000000002 1.7 11.469999999999995
v 33.95 1.7 11.469999999999995
v 33.949999999999996 1.7 0.8199999999999961
v 29.830000000000002 1.7 0.8199999999999961
v 24.620000000000008 1.7 -0.7000000000000002
v 25.065041867912637 1.7000000000000002 -0.6498558243636479
v 25.487767478235124 1.7000000000000002 -0.5019377358048389
v 25.866979603717475 1.7000000000000002 -0.26366296493606023
v 26.18366296493607 1.7000000000000002 0.05302039628253219
v 26.421937735804846 1.7000000000000002 0.432232521764883
v 26.569855824363657 1.7000000000000002 0.8549581320873705
v 26.620000000000005 1.7 1.2999999999999992
v 18.62 1.7 -0.6999999999999994
v 16.620000000000005 1.7 1.2999999999999996
v 16.670144175636352 1.7000000000000002 0.8549581320873711
v 16.818062264195163 1.7000000000000002 0.4322325217648837
v 17.05633703506394 1.7000000000000002 0.053020396282532856
v 17.373020396282534 1.7000000000000002 -0.2636629649360598
v 17.752232521764885 1.7000000000000002 -0.5019377358048385
v 18.174958132087372 1.7000000000000002 -0.6498558243636474
v 16.620000000000005 1.7 7.3000000000000025
v 18.620000000000005 1.7 9.300000000000002
v 18.174958132087376 1.7000000000000002 9.24985582436365
v 17.75223252176489 1.7000000000000002 9.10193773580484
v 17.373020396282538 1.7000000000000002 8.863662964936061
v 17.056337035063944 1.7000000000000002 8.54697960371747
v 16.818062264195166 1.7000000000000002 8.167767478235119
v 16.670144175636356 1.7000000000000002 7.745041867912632
v 24.620000000000008 1.7 9.3
v 26.620000000000005 1.7 7.3
v 26.569855824363657 1.7000000000000002 7.7450418679126285
v 26.421937735804846 1.7000000000000002 8.167767478235117
v 26.18366296493607 1.7000000000000002 8.546979603717467
v 25.866979603717475 1.7000000000000002 8.86366296493606
v 25.487767478235124 1.7000000000000002 9.101937735804839
v 25.065041867912637 1.7000000000000002 9.249855824363648
v -34.05 1.7 -25
v -34.05 0 -25
v -34.05 1.7 25
v -34.05 0 25
v 34.050000000000004 1.7 25
v 34.050000000000004 0 25
v 34.050000000000004 1.7 -25
v 34.050000000000004 0 -25
v -34.05 0 -25
v -34.05 0 25
v 34.050000000000004 0 -25
v 34.050000000000004 0 25
v 31.550000000000008 0 23.900000000000006
v 31.908973496431347 0 23.85641272613908
v 32.24708475806566 0 23.728184038479817
v 32.5446839873612 0 23.522766122256655
v 32.7844757988405 0 23.252097120096735
v 32.952524364028136 0 22.931907330563803
v 33.039063311147096 0 22.580805020382986
v 33.039063311147096 0 22.219194979617015
v 32.952524364028136 0 21.868092669436194
v 32.7844757988405 0 21.547902879903262
v 32.5446839873612 0 21.277233877743342
v 32.24708475806566 0 21.07181596152018
v 31.908973496431347 0 20.943587273860917
v 31.550000000000008 0 20.899999999999995
v 31.191026503568672 0 20.943587273860917
v 30.852915241934355 0 21.07181596152018
v 30.555316012638812 0 21.277233877743342
v 30.31552420115952 0 21.547902879903262
v 30.147475635971883 0 21.86809266943619
v 30.060936688852923 0 22.21919497961701
v 30.060936688852923 0 22.580805020382982
v 30.14747563597188 0 22.931907330563803
v 30.31552420115952 0 23.25209712009673
v 30.55531601263881 0 23.52276612225665
v 30.85291524193435 0 23.728184038479817
v 31.191026503568665 0 23.85641272613908
v -13.049999999999992 0 23.89999999999999
v -12.691026503568654 0 23.856412726139066
v -12.352915241934339 0 23.728184038479803
v -12.055316012638798 0 23.52276612225664
v -11.815524201159507 0 23.25209712009672
v -11.647475635971869 0 22.931907330563792
v -11.560936688852909 0 22.58080502038297
v -11.560936688852909 0 22.219194979617004
v -11.647475635971869 0 21.868092669436184
v -11.815524201159507 0 21.547902879903255
v -12.055316012638798 0 21.277233877743335
v -12.352915241934337 0 21.071815961520173
v -12.691026503568654 0 20.94358727386091
v -13.049999999999992 0 20.899999999999988
v -13.408973496431328 0 20.94358727386091
v -13.747084758065645 0 21.071815961520173
v -14.044683987361184 0 21.277233877743335
v -14.284475798840477 0 21.54790287990325
v -14.452524364028115 0 21.868092669436184
v -14.539063311147075 0 22.219194979617
v -14.539063311147075 0 22.58080502038297
v -14.452524364028116 0 22.93190733056379
v -14.284475798840479 0 23.25209712009672
v -14.044683987361188 0 23.522766122256638
v -13.747084758065649 0 23.728184038479803
v -13.408973496431333 0 23.856412726139066
v -13.049999999999992 0 -20.899999999999988
v -12.691026503568654 0 -20.94358727386091
v -12.352915241934339 0 -21.071815961520173
v -12.055316012638798 0 -21.277233877743335
v -11.815524201159507 0 -21.547902879903255
v -11.647475635971869 0 -21.868092669436184
v -11.560936688852909 0 -22.219194979617004
v -11.560936688852909 0 -22.58080502038297
v -11.647475635971869 0 -22.931907330563792
v -11.815524201159507 0 -23.25209712009672
v -12.055316012638798 0 -23.52276612225664
v -12.352915241934337 0 -23.728184038479803
v -12.691026503568654 0 -23.856412726139066
v -13.049999999999992 0 -23.89999999999999
v -13.408973496431328 0 -23.856412726139066
v -13.747084758065645 0 -23.728184038479803
v -14.044683987361184 0 -23.52276612225664
v -14.284475798840477 0 -23.252097120096725
v -14.452524364028115 0 -22.931907330563792
v -14.539063311147075 0 -22.580805020382975
v -14.539063311147075 0 -22.219194979617004
v -14.452524364028116 0 -21.868092669436187
v -14.284475798840479 0 -21.547902879903255
v -14.044683987361188 0 -21.27723387774334
v -13.747084758065649 0 -21.071815961520173
v -13.408973496431333 0 -20.94358727386091
v 31.550000000000008 0 -20.899999999999995
v 31.908973496431347 0 -20.943587273860917
v 32.24708475806566 0 -21.07181596152018
v 32.5446839873612 0 -21.277233877743342
v 32.7844757988405 0 -21.547902879903262
v 32.952524364028136 0 -21.868092669436194
v 33.039063311147096 0 -22.21919497961701
v 33.039063311147096 0 -22.580805020382982
v 32.952524364028136 0 -22.931907330563803
v 32.7844757988405 0 -23.252097120096735
v 32.5446839873612 0 -23.522766122256655
v 32.24708475806566 0 -23.728184038479817
v 31.908973496431347 0 -23.85641272613908
v 31.550000000000008 0 -23.900000000000006
v 31.191026503568672 0 -23.85641272613908
v 30.852915241934355 0 -23.728184038479817
v 30.555316012638812 0 -23.522766122256655
v 30.31552420115952 0 -23.252097120096735
v 30.147475635971883 0 -22.931907330563806
v 30.060936688852923 0 -22.580805020382986
v 30.060936688852923 0 -22.219194979617015
v 30.14747563597188 0 -21.868092669436194
v 30.31552420115952 0 -21.547902879903265
v 30.55531601263881 0 -21.277233877743345
v 30.85291524193435 0 -21.07181596152018
v 31.191026503568665 0 -20.943587273860917
v 31.550000000000008 1.7 -20.899999999999995
v 31.908973496431347 1.7 -20.943587273860917
v 32.24708475806566 1.7 -21.07181596152018
v 32.5446839873612 1.7 -21.277233877743342
v 32.7844757988405 1.7 -21.547902879903262
v 32.952524364028136 1.7 -21.868092669436194
v 33.039063311147096 1.7 -22.21919497961701
v 33.039063311147096 1.7 -22.580805020382982
v 32.952524364028136 1.7 -22.931907330563803
v 32.7844757988405 1.7 -23.252097120096735
v 32.5446839873612 1.7 -23.522766122256655
v 32.24708475806566 1.7 -23.728184038479817
v 31.908973496431347 1.7 -23.85641272613908
v 31.550000000000008 1.7 -23.900000000000006
v 31.550000000000008 0 -20.899999999999995
v 31.908973496431347 0 -20.943587273860917
v 32.24708475806566 0 -21.07181596152018
v 32.5446839873612 0 -21.277233877743342
v 32.7844757988405 0 -21.547902879903262
v 32.952524364028136 0 -21.868092669436194
v 33.039063311147096 0 -22.21919497961701
v 33.039063311147096 0 -22.580805020382982
v 32.952524364028136 0 -22.931907330563803
v 32.7844757988405 0 -23.252097120096735
v 32.5446839873612 0 -23.522766122256655
v 32.24708475806566 0 -23.728184038479817
v 31.908973496431347 0 -23.85641272613908
v 31.550000000000008 0 -23.900000000000006
v -13.049999999999992 1.7 -20.899999999999988
v -12.691026503568654 1.7 -20.94358727386091
v -12.352915241934339 1.7 -21.071815961520173
v -12.055316012638798 1.7 -21.277233877743335
v -11.815524201159507 1.7 -21.547902879903255
v -11.647475635971869 1.7 -21.868092669436184
v -11.560936688852909 1.7 -22.219194979617004
v -11.560936688852909 1.7 -22.58080502038297
v -11.647475635971869 1.7 -22.931907330563792
v -11.815524201159507 1.7 -23.25209712009672
v -12.055316012638798 1.7 -23.52276612225664
v -12.352915241934337 1.7 -23.728184038479803
v -12.691026503568654 1.7 -23.856412726139066
v -13.049999999999992 1.7 -23.89999999999999
v -13.049999999999992 0 -20.899999999999988
v -12.691026503568654 0 -20.94358727386091
v -12.352915241934339 0 -21.071815961520173
v -12.055316012638798 0 -21.277233877743335
v -11.815524201159507 0 -21.547902879903255
v -11.647475635971869 0 -21.868092669436184
v -11.560936688852909 0 -22.219194979617004
v -11.560936688852909 0 -22.58080502038297
v -11.647475635971869 0 -22.931907330563792
v -11.815524201159507 0 -23.25209712009672
v -12.055316012638798 0 -23.52276612225664
v -12.352915241934337 0 -23.728184038479803
v -12.691026503568654 0 -23.856412726139066
v -13.049999999999992 0 -23.89999999999999
v -13.049999999999992 1.7 23.89999999999999
v -12.691026503568654 1.7 23.856412726139066
v -12.352915241934339 1.7 23.728184038479803
v -12.055316012638798 1.7 23.52276612225664
v -11.815524201159507 1.7 23.25209712009672
v -11.647475635971869 1.7 22.931907330563792
v -11.560936688852909 1.7 22.58080502038297
v -11.560936688852909 1.7 22.219194979617004
v -11.647475635971869 1.7 21.868092669436184
v -11.815524201159507 1.7 21.547902879903255
v -12.055316012638798 1.7 21.277233877743335
v -12.352915241934337 1.7 21.071815961520173
v -12.691026503568654 1.7 20.94358727386091
v -13.049999999999992 1.7 20.899999999999988
v -13.049999999999992 0 23.89999999999999
v -12.691026503568654 0 23.856412726139066
v -12.352915241934339 0 23.728184038479803
v -12.055316012638798 0 23.52276612225664
v -11.815524201159507 0 23.25209712009672
v -11.647475635971869 0 22.931907330563792
v -11.560936688852909 0 22.58080502038297
v -11.560936688852909 0 22.219194979617004
v -11.647475635971869 0 21.868092669436184
v -11.815524201159507 0 21.547902879903255
v -12.055316012638798 0 21.277233877743335
v -12.352915241934337 0 21.071815961520173
v -12.691026503568654 0 20.94358727386091
v -13.049999999999992 0 20.899999999999988
v 31.550000000000008 1.7 23.900000000000006
v 31.908973496431347 1.7 23.85641272613908
v 32.24708475806566 1.7 23.728184038479817
v 32.5446839873612 1.7 23.522766122256655
v 32.7844757988405 1.7 23.252097120096735
v 32.952524364028136 1.7 22.931907330563803
v 33.039063311147096 1.7 22.580805020382986
v 33.039063311147096 1.7 22.219194979617015
v 32.952524364028136 1.7 21.868092669436194
v 32.7844757988405 1.7 21.547902879903262
v 32.5446839873612 1.7 21.277233877743342
v 32.24708475806566 1.7 21.07181596152018
v 31.908973496431347 1.7 20.943587273860917
v 31.550000000000008 1.7 20.899999999999995
v 31.550000000000008 0 23.900000000000006
v 31.908973496431347 0 23.85641272613908
v 32.24708475806566 0 23.728184038479817
v 32.5446839873612 0 23.522766122256655
v 32.7844757988405 0 23.252097120096735
v 32.952524364028136 0 22.931907330563803
v 33.039063311147096 0 22.580805020382986
v 33.039063311147096 0 22.219194979617015
v 32.952524364028136 0 21.868092669436194
v 32.7844757988405 0 21.547902879903262
v 32.5446839873612 0 21.277233877743342
v 32.24708475806566 0 21.07181596152018
v 31.908973496431347 0 20.943587273860917
v 31.550000000000008 0 20.899999999999995
v 9.850000000000005 7.199999999999997 -18.599999999999998
v 9.850000000000005 1.7 -18.599999999999998
v 9.200000000000005 7.199999999999997 -18.599999999999998
v 9.200000000000005 1.7 -18.599999999999998
v 9.850000000000005 7.7 -19.1
v 9.850000000000005 7.687463956090913 -18.988739533021842
v 9.850000000000005 7.6504844339512115 -18.88305813044122
v 9.850000000000005 7.590915741234017 -18.788255099070632
v 9.850000000000005 7.511744900929369 -18.709084258765984
v 9.850000000000005 7.416941869558781 -18.649515566048787
v 9.850000000000005 7.311260466978158 -18.612536043909085
v 9.850000000000005 7.199999999999997 -18.599999999999998
v 9.200000000000005 7.7 -19.1
v 9.200000000000005 7.687463956090913 -18.988739533021842
v 9.200000000000005 7.6504844339512115 -18.88305813044122
v 9.200000000000005 7.590915741234017 -18.788255099070632
v 9.200000000000005 7.511744900929369 -18.709084258765984
v 9.200000000000005 7.416941869558781 -18.649515566048787
v 9.200000000000005 7.311260466978158 -18.612536043909085
v 9.200000000000005 7.199999999999997 -18.599999999999998
v 9.200000000000005 7.7 -25
v 9.850000000000005 7.7 -25
v 9.200000000000005 7.7 -19.1
v 9.850000000000005 7.7 -19.1
v 9.850000000000005 7.05 -25
v 9.200000000000005 7.05 -25
v 9.850000000000005 7.049999999999999 -19.75
v 9.200000000000005 7.049999999999999 -19.75
v 9.200000000000005 7.049999999999999 -19.75
v 9.850000000000005 7.049999999999999 -19.75
v 9.200000000000005 6.549999999999995 -19.249999999999996
v 9.200000000000005 6.661260466978158 -19.262536043909083
v 9.200000000000005 6.76694186955878 -19.299515566048786
v 9.200000000000005 6.861744900929368 -19.359084258765982
v 9.200000000000005 6.940915741234017 -19.43825509907063
v 9.200000000000005 7.000484433951211 -19.53305813044122
v 9.200000000000005 7.037463956090913 -19.63873953302184
v 9.850000000000005 6.549999999999995 -19.249999999999996
v 9.850000000000005 6.661260466978158 -19.262536043909083
v 9.850000000000005 6.76694186955878 -19.299515566048786
v 9.850000000000005 6.861744900929368 -19.359084258765982
v 9.850000000000005 6.940915741234017 -19.43825509907063
v 9.850000000000005 7.000484433951211 -19.53305813044122
v 9.850000000000005 7.037463956090913 -19.63873953302184
v 9.850000000000005 1.7000000000000002 -19.249999999999996
v 9.850000000000005 6.549999999999995 -19.249999999999996
v 9.200000000000005 1.7 -19.249999999999996
v 9.200000000000005 6.549999999999995 -19.249999999999996
v 9.200000000000005 7.05 -25
v 9.200000000000005 7.7 -25
v 9.200000000000005 7.049999999999999 -19.75
v 9.200000000000005 6.549999999999995 -19.249999999999996
v 9.200000000000005 6.661260466978158 -19.262536043909083
v 9.200000000000005 6.76694186955878 -19.299515566048786
v 9.200000000000005 6.861744900929368 -19.359084258765982
v 9.200000000000005 6.940915741234017 -19.43825509907063
v 9.200000000000005 7.000484433951211 -19.53305813044122
v 9.200000000000005 7.037463956090913 -19.63873953302184
v 9.200000000000005 1.7 -19.249999999999996
v 9.200000000000005 1.7 -18.599999999999998
v 9.200000000000005 7.199999999999997 -18.599999999999998
v 9.200000000000005 7.7 -19.1
v 9.200000000000005 7.687463956090913 -18.988739533021842
v 9.200000000000005 7.6504844339512115 -18.88305813044122
v 9.200000000000005 7.590915741234017 -18.788255099070632
v 9.200000000000005 7.511744900929369 -18.709084258765984
v 9.200000000000005 7.416941869558781 -18.649515566048787
v 9.200000000000005 7.311260466978158 -18.612536043909085
v 9.850000000000005 6.549999999999995 -19.249999999999996
v 9.850000000000005 6.661260466978158 -19.262536043909083
v 9.850000000000005 6.76694186955878 -19.299515566048786
v 9.850000000000005 6.861744900929368 -19.359084258765982
v 9.850000000000005 6.940915741234017 -19.43825509907063
v 9.850000000000005 7.000484433951211 -19.53305813044122
v 9.850000000000005 7.037463956090913 -19.63873953302184
v 9.850000000000005 7.049999999999999 -19.75
v 9.850000000000005 1.7000000000000002 -19.249999999999996
v 9.850000000000005 1.7 -18.599999999999998
v 9.850000000000005 7.199999999999997 -18.599999999999998
v 9.850000000000005 7.7 -19.1
v 9.850000000000005 7.687463956090913 -18.988739533021842
v 9.850000000000005 7.6504844339512115 -18.88305813044122
v 9.850000000000005 7.590915741234017 -18.788255099070632
v 9.850000000000005 7.511744900929369 -18.709084258765984
v 9.850000000000005 7.416941869558781 -18.649515566048787
v 9.850000000000005 7.311260466978158 -18.612536043909085
v 9.850000000000005 7.7 -25
v 9.850000000000005 7.05 -25
v 9.850000000000005 4.599999999999996 -21.2
v 9.850000000000005 1.7 -21.2
v 9.200000000000005 4.599999999999996 -21.2
v 9.200000000000005 1.7 -21.2
v 9.850000000000005 5.1000000000000005 -21.700000000000003
v 9.850000000000005 5.087463956090913 -21.588739533021844
v 9.850000000000005 5.050484433951211 -21.483058130441222
v 9.850000000000005 4.990915741234017 -21.388255099070633
v 9.850000000000005 4.911744900929368 -21.309084258765985
v 9.850000000000005 4.8169418695587805 -21.24951556604879
v 9.850000000000005 4.711260466978158 -21.212536043909086
v 9.850000000000005 4.599999999999996 -21.2
v 9.200000000000005 5.1000000000000005 -21.700000000000003
v 9.200000000000005 5.087463956090913 -21.588739533021844
v 9.200000000000005 5.050484433951211 -21.483058130441222
v 9.200000000000005 4.990915741234017 -21.388255099070633
v 9.200000000000005 4.911744900929368 -21.309084258765985
v 9.200000000000005 4.8169418695587805 -21.24951556604879
v 9.200000000000005 4.711260466978158 -21.212536043909086
v 9.200000000000005 4.599999999999996 -21.2
v 9.200000000000005 5.1000000000000005 -25
v 9.850000000000005 5.1000000000000005 -25
v 9.200000000000005 5.1000000000000005 -21.700000000000003
v 9.850000000000005 5.1000000000000005 -21.700000000000003
v 9.850000000000005 4.4499999999999975 -25
v 9.200000000000005 4.449999999999995 -25
v 9.850000000000005 4.449999999999994 -22.35
v 9.200000000000005 4.449999999999994 -22.35
v 9.200000000000005 4.449999999999994 -22.35
v 9.850000000000005 4.449999999999994 -22.35
v 9.200000000000005 3.94999999999999 -21.849999999999998
v 9.200000000000005 4.061260466978151 -21.862536043909085
v 9.200000000000005 4.166941869558774 -21.899515566048787
v 9.200000000000005 4.2617449009293615 -21.959084258765984
v 9.200000000000005 4.34091574123401 -22.038255099070632
v 9.200000000000005 4.400484433951204 -22.13305813044122
v 9.200000000000005 4.437463956090906 -22.238739533021842
v 9.850000000000005 3.94999999999999 -21.849999999999998
v 9.850000000000005 4.061260466978151 -21.862536043909085
v 9.850000000000005 4.166941869558774 -21.899515566048787
v 9.850000000000005 4.2617449009293615 -21.959084258765984
v 9.850000000000005 4.34091574123401 -22.038255099070632
v 9.850000000000005 4.400484433951204 -22.13305813044122
v 9.850000000000005 4.437463956090906 -22.238739533021842
v 9.850000000000005 1.7000000000000002 -21.849999999999998
v 9.850000000000005 3.94999999999999 -21.849999999999998
v 9.200000000000005 1.7 -21.849999999999998
v 9.200000000000005 3.94999999999999 -21.849999999999998
v 9.200000000000005 4.449999999999995 -25
v 9.200000000000005 5.1000000000000005 -25
v 9.200000000000005 4.449999999999994 -22.35
v 9.200000000000005 3.94999999999999 -21.849999999999998
v 9.200000000000005 4.061260466978151 -21.862536043909085
v 9.200000000000005 4.166941869558774 -21.899515566048787
v 9.200000000000005 4.2617449009293615 -21.959084258765984
v 9.200000000000005 4.34091574123401 -22.038255099070632
v 9.200000000000005 4.400484433951204 -22.13305813044122
v 9.200000000000005 4.437463956090906 -22.238739533021842
v 9.200000000000005 1.7 -21.849999999999998
v 9.200000000000005 1.7 -21.2
v 9.200000000000005 4.599999999999996 -21.2
v 9.200000000000005 5.1000000000000005 -21.700000000000003
v 9.200000000000005 5.087463956090913 -21.588739533021844
v 9.200000000000005 5.050484433951211 -21.483058130441222
v 9.200000000000005 4.990915741234017 -21.388255099070633
v 9.200000000000005 4.911744900929368 -21.309084258765985
v 9.200000000000005 4.8169418695587805 -21.24951556604879
v 9.200000000000005 4.711260466978158 -21.212536043909086
v 9.850000000000005 3.94999999999999 -21.849999999999998
v 9.850000000000005 4.061260466978151 -21.862536043909085
v 9.850000000000005 4.166941869558774 -21.899515566048787
v 9.850000000000005 4.2617449009293615 -21.959084258765984
v 9.850000000000005 4.34091574123401 -22.038255099070632
v 9.850000000000005 4.400484433951204 -22.13305813044122
v 9.850000000000005 4.437463956090906 -22.238739533021842
v 9.850000000000005 4.449999999999994 -22.35
v 9.850000000000005 1.7000000000000002 -21.849999999999998
v 9.850000000000005 1.7 -21.2
v 9.850000000000005 4.599999999999996 -21.2
v 9.850000000000005 5.1000000000000005 -21.700000000000003
v 9.850000000000005 5.087463956090913 -21.588739533021844
v 9.850000000000005 5.050484433951211 -21.483058130441222
v 9.850000000000005 4.990915741234017 -21.388255099070633
v 9.850000000000005 4.911744900929368 -21.309084258765985
v 9.850000000000005 4.8169418695587805 -21.24951556604879
v 9.850000000000005 4.711260466978158 -21.212536043909086
v 9.850000000000005 5.1000000000000005 -25
v 9.850000000000005 4.4499999999999975 -25
v 9.850000000000005 1.9999999999999971 -23.8
v 9.850000000000005 1.7 -23.8
v 9.200000000000005 1.9999999999999971 -23.8
v 9.200000000000005 1.7 -23.8
v 9.850000000000005 2.5000000000000004 -24.300000000000004
v 9.850000000000005 2.4874639560909135 -24.188739533021845
v 9.850000000000005 2.4504844339512117 -24.083058130441223
v 9.850000000000005 2.390915741234017 -23.988255099070635
v 9.850000000000005 2.311744900929369 -23.909084258765986
v 9.850000000000005 2.216941869558781 -23.84951556604879
v 9.850000000000005 2.111260466978159 -23.812536043909088
v 9.850000000000005 1.9999999999999971 -23.8
v 9.200000000000005 2.5000000000000004 -24.300000000000004
v 9.200000000000005 2.4874639560909135 -24.188739533021845
v 9.200000000000005 2.4504844339512117 -24.083058130441223
v 9.200000000000005 2.390915741234017 -23.988255099070635
v 9.200000000000005 2.311744900929369 -23.909084258765986
v 9.200000000000005 2.216941869558781 -23.84951556604879
v 9.200000000000005 2.111260466978159 -23.812536043909088
v 9.200000000000005 1.9999999999999971 -23.8
v 9.200000000000005 2.5000000000000004 -25
v 9.850000000000005 2.5000000000000004 -25
v 9.200000000000005 2.5000000000000004 -24.300000000000004
v 9.850000000000005 2.5000000000000004 -24.300000000000004
v 9.850000000000005 1.850000000000001 -25
v 9.200000000000005 1.850000000000001 -25
v 9.850000000000005 1.850000000000001 -24.45
v 9.200000000000005 1.850000000000001 -24.45
v 9.850000000000005 1.7 -24.45
v 9.850000000000005 1.850000000000001 -24.45
v 9.200000000000005 1.7 -24.45
v 9.200000000000005 1.850000000000001 -24.45
v 9.200000000000005 1.850000000000001 -25
v 9.200000000000005 2.5000000000000004 -25
v 9.200000000000005 1.850000000000001 -24.45
v 9.200000000000005 1.7 -24.45
v 9.200000000000005 1.7 -23.8
v 9.200000000000005 1.9999999999999971 -23.8
v 9.200000000000005 2.5000000000000004 -24.300000000000004
v 9.200000000000005 2.4874639560909135 -24.188739533021845
v 9.200000000000005 2.4504844339512117 -24.083058130441223
v 9.200000000000005 2.390915741234017 -23.988255099070635
v 9.200000000000005 2.311744900929369 -23.909084258765986
v 9.200000000000005 2.216941869558781 -23.84951556604879
v 9.200000000000005 2.111260466978159 -23.812536043909088
v 9.850000000000005 1.7 -24.45
v 9.850000000000005 1.850000000000001 -24.45
v 9.850000000000005 1.7 -23.8
v 9.850000000000005 1.9999999999999971 -23.8
v 9.850000000000005 2.5000000000000004 -24.300000000000004
v 9.850000000000005 2.4874639560909135 -24.188739533021845
v 9.850000000000005 2.4504844339512117 -24.083058130441223
v 9.850000000000005 2.390915741234017 -23.988255099070635
v 9.850000000000005 2.311744900929369 -23.909084258765986
v 9.850000000000005 2.216941869558781 -23.84951556604879
v 9.850000000000005 2.111260466978159 -23.812536043909088
v 9.850000000000005 2.5000000000000004 -25
v 9.850000000000005 1.850000000000001 -25
v 7.320000000000005 7.199999999999997 -18.599999999999998
v 7.320000000000005 1.7 -18.599999999999998
v 6.670000000000004 7.199999999999997 -18.599999999999998
v 6.670000000000004 1.7 -18.599999999999998
v 7.320000000000005 7.7 -19.1
v 7.320000000000005 7.687463956090913 -18.988739533021842
v 7.320000000000005 7.6504844339512115 -18.88305813044122
v 7.320000000000005 7.590915741234017 -18.788255099070632
v 7.320000000000005 7.511744900929369 -18.709084258765984
v 7.320000000000005 7.416941869558781 -18.649515566048787
v 7.320000000000005 7.311260466978158 -18.612536043909085
v 7.320000000000005 7.199999999999997 -18.599999999999998
v 6.670000000000004 7.7 -19.1
v 6.670000000000004 7.687463956090913 -18.988739533021842
v 6.670000000000004 7.6504844339512115 -18.88305813044122
v 6.670000000000004 7.590915741234017 -18.788255099070632
v 6.670000000000004 7.511744900929369 -18.709084258765984
v 6.670000000000004 7.416941869558781 -18.649515566048787
v 6.670000000000004 7.311260466978158 -18.612536043909085
v 6.670000000000004 7.199999999999997 -18.599999999999998
v 6.670000000000004 7.7 -25
v 7.320000000000005 7.7 -25
v 6.670000000000004 7.7 -19.1
v 7.320000000000005 7.7 -19.1
v 7.320000000000005 7.05 -25
v 6.670000000000004 7.05 -25
v 7.320000000000005 7.049999999999999 -19.75
v 6.670000000000004 7.049999999999999 -19.75
v 6.670000000000004 7.049999999999999 -19.75
v 7.320000000000005 7.049999999999999 -19.75
v 6.670000000000004 6.549999999999995 -19.249999999999996
v 6.670000000000004 6.661260466978158 -19.262536043909083
v 6.670000000000004 6.76694186955878 -19.299515566048786
v 6.670000000000004 6.861744900929368 -19.359084258765982
v 6.670000000000004 6.940915741234017 -19.43825509907063
v 6.670000000000004 7.000484433951211 -19.53305813044122
v 6.670000000000004 7.037463956090913 -19.63873953302184
v 7.320000000000005 6.549999999999995 -19.249999999999996
v 7.320000000000005 6.661260466978158 -19.262536043909083
v 7.320000000000005 6.76694186955878 -19.299515566048786
v 7.320000000000005 6.861744900929368 -19.359084258765982
v 7.320000000000005 6.940915741234017 -19.43825509907063
v 7.320000000000005 7.000484433951211 -19.53305813044122
v 7.320000000000005 7.037463956090913 -19.63873953302184
v 7.320000000000005 1.7000000000000002 -19.249999999999996
v 7.320000000000005 6.549999999999995 -19.249999999999996
v 6.670000000000004 1.7 -19.249999999999996
v 6.670000000000004 6.549999999999995 -19.249999999999996
v 6.670000000000004 7.05 -25
v 6.670000000000004 7.7 -25
v 6.670000000000004 7.049999999999999 -19.75
v 6.670000000000004 6.549999999999995 -19.249999999999996
v 6.670000000000004 6.661260466978158 -19.262536043909083
v 6.670000000000004 6.76694186955878 -19.299515566048786
v 6.670000000000004 6.861744900929368 -19.359084258765982
v 6.670000000000004 6.940915741234017 -19.43825509907063
v 6.670000000000004 7.000484433951211 -19.53305813044122
v 6.670000000000004 7.037463956090913 -19.63873953302184
v 6.670000000000004 1.7 -19.249999999999996
v 6.670000000000004 1.7 -18.599999999999998
v 6.670000000000004 7.199999999999997 -18.599999999999998
v 6.670000000000004 7.7 -19.1
v 6.670000000000004 7.687463956090913 -18.988739533021842
v 6.670000000000004 7.6504844339512115 -18.88305813044122
v 6.670000000000004 7.590915741234017 -18.788255099070632
v 6.670000000000004 7.511744900929369 -18.709084258765984
v 6.670000000000004 7.416941869558781 -18.649515566048787
v 6.670000000000004 7.311260466978158 -18.612536043909085
v 7.320000000000005 6.549999999999995 -19.249999999999996
v 7.320000000000005 6.661260466978158 -19.262536043909083
v 7.320000000000005 6.76694186955878 -19.299515566048786
v 7.320000000000005 6.861744900929368 -19.359084258765982
v 7.320000000000005 6.940915741234017 -19.43825509907063
v 7.320000000000005 7.000484433951211 -19.53305813044122
v 7.320000000000005 7.037463956090913 -19.63873953302184
v 7.320000000000005 7.049999999999999 -19.75
v 7.320000000000005 1.7000000000000002 -19.249999999999996
v 7.320000000000005 1.7 -18.599999999999998
v 7.320000000000005 7.199999999999997 -18.599999999999998
v 7.320000000000005 7.7 -19.1
v 7.320000000000005 7.687463956090913 -18.988739533021842
v 7.320000000000005 7.6504844339512115 -18.88305813044122
v 7.320000000000005 7.590915741234017 -18.788255099070632
v 7.320000000000005 7.511744900929369 -18.709084258765984
v 7.320000000000005 7.416941869558781 -18.649515566048787
v 7.320000000000005 7.311260466978158 -18.612536043909085
v 7.320000000000005 7.7 -25
v 7.320000000000005 7.05 -25
v 7.320000000000005 4.599999999999996 -21.2
v 7.320000000000005 1.7 -21.2
v 6.670000000000004 4.599999999999996 -21.2
v 6.670000000000004 1.7 -21.2
v 7.320000000000005 5.1000000000000005 -21.700000000000003
v 7.320000000000005 5.087463956090913 -21.588739533021844
v 7.320000000000005 5.050484433951211 -21.483058130441222
v 7.320000000000005 4.990915741234017 -21.388255099070633
v 7.320000000000005 4.911744900929368 -21.309084258765985
v 7.320000000000005 4.8169418695587805 -21.24951556604879
v 7.320000000000005 4.711260466978158 -21.212536043909086
v 7.320000000000005 4.599999999999996 -21.2
v 6.670000000000004 5.1000000000000005 -21.700000000000003
v 6.670000000000004 5.087463956090913 -21.588739533021844
v 6.670000000000004 5.050484433951211 -21.483058130441222
v 6.670000000000004 4.990915741234017 -21.388255099070633
v 6.670000000000004 4.911744900929368 -21.309084258765985
v 6.670000000000004 4.8169418695587805 -21.24951556604879
v 6.670000000000004 4.711260466978158 -21.212536043909086
v 6.670000000000004 4.599999999999996 -21.2
v 6.670000000000004 5.1000000000000005 -25
v 7.320000000000005 5.1000000000000005 -25
v 6.670000000000004 5.1000000000000005 -21.700000000000003
v 7.320000000000005 5.1000000000000005 -21.700000000000003
v 7.320000000000005 4.4499999999999975 -25
v 6.670000000000004 4.449999999999995 -25
v 7.320000000000005 4.449999999999994 -22.35
v 6.670000000000004 4.449999999999994 -22.35
v 6.670000000000004 4.449999999999994 -22.35
v 7.320000000000005 4.449999999999994 -22.35
v 6.670000000000004 3.94999999999999 -21.849999999999998
v 6.670000000000004 4.061260466978151 -21.862536043909085
v 6.670000000000004 4.166941869558774 -21.899515566048787
v 6.670000000000004 4.2617449009293615 -21.959084258765984
v 6.670000000000004 4.34091574123401 -22.038255099070632
v 6.670000000000004 4.400484433951204 -22.13305813044122
v 6.670000000000004 4.437463956090906 -22.238739533021842
v 7.320000000000005 3.94999999999999 -21.849999999999998
v 7.320000000000005 4.061260466978151 -21.862536043909085
v 7.320000000000005 4.166941869558774 -21.899515566048787
v 7.320000000000005 4.2617449009293615 -21.959084258765984
v 7.320000000000005 4.34091574123401 -22.038255099070632
v 7.320000000000005 4.400484433951204 -22.13305813044122
v 7.320000000000005 4.437463956090906 -22.238739533021842
v 7.320000000000005 1.7000000000000002 -21.849999999999998
v 7.320000000000005 3.94999999999999 -21.849999999999998
v 6.670000000000004 1.7 -21.849999999999998
v 6.670000000000004 3.94999999999999 -21.849999999999998
v 6.670000000000004 4.449999999999995 -25
v 6.670000000000004 5.1000000000000005 -25
v 6.670000000000004 4.449999999999994 -22.35
v 6.670000000000004 3.94999999999999 -21.849999999999998
v 6.670000000000004 4.061260466978151 -21.862536043909085
v 6.670000000000004 4.166941869558774 -21.899515566048787
v 6.670000000000004 4.2617449009293615 -21.959084258765984
v 6.670000000000004 4.34091574123401 -22.038255099070632
v 6.670000000000004 4.400484433951204 -22.13305813044122
v 6.670000000000004 4.437463956090906 -22.238739533021842
v 6.670000000000004 1.7 -21.849999999999998
v 6.670000000000004 1.7 -21.2
v 6.670000000000004 4.599999999999996 -21.2
v 6.670000000000004 5.1000000000000005 -21.700000000000003
v 6.670000000000004 5.087463956090913 -21.588739533021844
v 6.670000000000004 5.050484433951211 -21.483058130441222
v 6.670000000000004 4.990915741234017 -21.388255099070633
v 6.670000000000004 4.911744900929368 -21.309084258765985
v 6.670000000000004 4.8169418695587805 -21.24951556604879
v 6.670000000000004 4.711260466978158 -21.212536043909086
v 7.320000000000005 3.94999999999999 -21.849999999999998
v 7.320000000000005 4.061260466978151 -21.862536043909085
v 7.320000000000005 4.166941869558774 -21.899515566048787
v 7.320000000000005 4.2617449009293615 -21.959084258765984
v 7.320000000000005 4.34091574123401 -22.038255099070632
v 7.320000000000005 4.400484433951204 -22.13305813044122
v 7.320000000000005 4.437463956090906 -22.238739533021842
v 7.320000000000005 4.449999999999994 -22.35
v 7.320000000000005 1.7000000000000002 -21.849999999999998
v 7.320000000000005 1.7 -21.2
v 7.320000000000005 4.599999999999996 -21.2
v 7.320000000000005 5.1000000000000005 -21.700000000000003
v 7.320000000000005 5.087463956090913 -21.588739533021844
v 7.320000000000005 5.050484433951211 -21.483058130441222
v 7.320000000000005 4.990915741234017 -21.388255099070633
v 7.320000000000005 4.911744900929368 -21.309084258765985
v 7.320000000000005 4.8169418695587805 -21.24951556604879
v 7.320000000000005 4.711260466978158 -21.212536043909086
v 7.320000000000005 5.1000000000000005 -25
v 7.320000000000005 4.4499999999999975 -25
v 7.320000000000005 1.9999999999999971 -23.8
v 7.320000000000005 1.7 -23.8
v 6.670000000000004 1.9999999999999971 -23.8
v 6.670000000000004 1.7 -23.8
v 7.320000000000005 2.5000000000000004 -24.300000000000004
v 7.320000000000005 2.4874639560909135 -24.188739533021845
v 7.320000000000005 2.4504844339512117 -24.083058130441223
v 7.320000000000005 2.390915741234017 -23.988255099070635
v 7.320000000000005 2.311744900929369 -23.909084258765986
v 7.320000000000005 2.216941869558781 -23.84951556604879
v 7.320000000000005 2.111260466978159 -23.812536043909088
v 7.320000000000005 1.9999999999999971 -23.8
v 6.670000000000004 2.5000000000000004 -24.300000000000004
v 6.670000000000004 2.4874639560909135 -24.188739533021845
v 6.670000000000004 2.4504844339512117 -24.083058130441223
v 6.670000000000004 2.390915741234017 -23.988255099070635
v 6.670000000000004 2.311744900929369 -23.909084258765986
v 6.670000000000004 2.216941869558781 -23.84951556604879
v 6.670000000000004 2.111260466978159 -23.812536043909088
v 6.670000000000004 1.9999999999999971 -23.8
v 6.670000000000004 2.5000000000000004 -25
v 7.320000000000005 2.5000000000000004 -25
v 6.670000000000004 2.5000000000000004 -24.300000000000004
v 7.320000000000005 2.5000000000000004 -24.300000000000004
v 7.320000000000005 1.850000000000001 -25
v 6.670000000000004 1.850000000000001 -25
v 7.320000000000005 1.850000000000001 -24.45
v 6.670000000000004 1.850000000000001 -24.45
v 7.320000000000005 1.7 -24.45
v 7.320000000000005 1.850000000000001 -24.45
v 6.670000000000004 1.7 -24.45
v 6.670000000000004 1.850000000000001 -24.45
v 6.670000000000004 1.850000000000001 -25
v 6.670000000000004 2.5000000000000004 -25
v 6.670000000000004 1.850000000000001 -24.45
v 6.670000000000004 1.7 -24.45
v 6.670000000000004 1.7 -23.8
v 6.670000000000004 1.9999999999999971 -23.8
v 6.670000000000004 2.5000000000000004 -24.300000000000004
v 6.670000000000004 2.4874639560909135 -24.188739533021845
v 6.670000000000004 2.4504844339512117 -24.083058130441223
v 6.670000000000004 2.390915741234017 -23.988255099070635
v 6.670000000000004 2.311744900929369 -23.909084258765986
v 6.670000000000004 2.216941869558781 -23.84951556604879
v 6.670000000000004 2.111260466978159 -23.812536043909088
v 7.320000000000005 1.7 -24.45
v 7.320000000000005 1.850000000000001 -24.45
v 7.320000000000005 1.7 -23.8
v 7.320000000000005 1.9999999999999971 -23.8
v 7.320000000000005 2.5000000000000004 -24.300000000000004
v 7.320000000000005 2.4874639560909135 -24.188739533021845
v 7.320000000000005 2.4504844339512117 -24.083058130441223
v 7.320000000000005 2.390915741234017 -23.988255099070635
v 7.320000000000005 2.311744900929369 -23.909084258765986
v 7.320000000000005 2.216941869558781 -23.84951556604879
v 7.320000000000005 2.111260466978159 -23.812536043909088
v 7.320000000000005 2.5000000000000004 -25
v 7.320000000000005 1.850000000000001 -25
v 4.7900000000000045 7.199999999999997 -18.599999999999998
v 4.7900000000000045 1.7 -18.599999999999998
v 4.140000000000005 7.199999999999997 -18.599999999999998
v 4.140000000000005 1.7 -18.599999999999998
v 4.7900000000000045 7.7 -19.1
v 4.7900000000000045 7.687463956090913 -18.988739533021842
v 4.7900000000000045 7.6504844339512115 -18.88305813044122
v 4.7900000000000045 7.590915741234017 -18.788255099070632
v 4.7900000000000045 7.511744900929369 -18.709084258765984
v 4.7900000000000045 7.416941869558781 -18.649515566048787
v 4.7900000000000045 7.311260466978158 -18.612536043909085
v 4.7900000000000045 7.199999999999997 -18.599999999999998
v 4.140000000000005 7.7 -19.1
v 4.140000000000005 7.687463956090913 -18.988739533021842
v 4.140000000000005 7.6504844339512115 -18.88305813044122
v 4.140000000000005 7.590915741234017 -18.788255099070632
v 4.140000000000005 7.511744900929369 -18.709084258765984
v 4.140000000000005 7.416941869558781 -18.649515566048787
v 4.140000000000005 7.311260466978158 -18.612536043909085
v 4.140000000000005 7.199999999999997 -18.599999999999998
v 4.140000000000005 7.7 -25
v 4.7900000000000045 7.7 -25
v 4.140000000000005 7.7 -19.1
v 4.7900000000000045 7.7 -19.1
v 4.7900000000000045 7.05 -25
v 4.140000000000005 7.05 -25
v 4.7900000000000045 7.049999999999999 -19.75
v 4.140000000000005 7.049999999999999 -19.75
v 4.140000000000005 7.049999999999999 -19.75
v 4.7900000000000045 7.049999999999999 -19.75
v 4.140000000000005 6.549999999999995 -19.249999999999996
v 4.140000000000005 6.661260466978158 -19.262536043909083
v 4.140000000000005 6.76694186955878 -19.299515566048786
v 4.140000000000005 6.861744900929368 -19.359084258765982
v 4.140000000000005 6.940915741234017 -19.43825509907063
v 4.140000000000005 7.000484433951211 -19.53305813044122
v 4.140000000000005 7.037463956090913 -19.63873953302184
v 4.7900000000000045 6.549999999999995 -19.249999999999996
v 4.7900000000000045 6.661260466978158 -19.262536043909083
v 4.7900000000000045 6.76694186955878 -19.299515566048786
v 4.7900000000000045 6.861744900929368 -19.359084258765982
v 4.7900000000000045 6.940915741234017 -19.43825509907063
v 4.7900000000000045 7.000484433951211 -19.53305813044122
v 4.7900000000000045 7.037463956090913 -19.63873953302184
v 4.7900000000000045 1.7000000000000002 -19.249999999999996
v 4.7900000000000045 6.549999999999995 -19.249999999999996
v 4.140000000000005 1.7 -19.249999999999996
v 4.140000000000005 6.549999999999995 -19.249999999999996
v 4.140000000000005 7.05 -25
v 4.140000000000005 7.7 -25
v 4.140000000000005 7.049999999999999 -19.75
v 4.140000000000005 6.549999999999995 -19.249999999999996
v 4.140000000000005 6.661260466978158 -19.262536043909083
v 4.140000000000005 6.76694186955878 -19.299515566048786
v 4.140000000000005 6.861744900929368 -19.359084258765982
v 4.140000000000005 6.940915741234017 -19.43825509907063
v 4.140000000000005 7.000484433951211 -19.53305813044122
v 4.140000000000005 7.037463956090913 -19.63873953302184
v 4.140000000000005 1.7 -19.249999999999996
v 4.140000000000005 1.7 -18.599999999999998
v 4.140000000000005 7.199999999999997 -18.599999999999998
v 4.140000000000005 7.7 -19.1
v 4.140000000000005 7.687463956090913 -18.988739533021842
v 4.140000000000005 7.6504844339512115 -18.88305813044122
v 4.140000000000005 7.590915741234017 -18.788255099070632
v 4.140000000000005 7.511744900929369 -18.709084258765984
v 4.140000000000005 7.416941869558781 -18.649515566048787
v 4.140000000000005 7.311260466978158 -18.612536043909085
v 4.7900000000000045 6.549999999999995 -19.249999999999996
v 4.7900000000000045 6.661260466978158 -19.262536043909083
v 4.7900000000000045 6.76694186955878 -19.299515566048786
v 4.7900000000000045 6.861744900929368 -19.359084258765982
v 4.7900000000000045 6.940915741234017 -19.43825509907063
v 4.7900000000000045 7.000484433951211 -19.53305813044122
v 4.7900000000000045 7.037463956090913 -19.63873953302184
v 4.7900000000000045 7.049999999999999 -19.75
v 4.7900000000000045 1.7000000000000002 -19.249999999999996
v 4.7900000000000045 1.7 -18.599999999999998
v 4.7900000000000045 7.199999999999997 -18.599999999999998
v 4.7900000000000045 7.7 -19.1
v 4.7900000000000045 7.687463956090913 -18.988739533021842
v 4.7900000000000045 7.6504844339512115 -18.88305813044122
v 4.7900000000000045 7.590915741234017 -18.788255099070632
v 4.7900000000000045 7.511744900929369 -18.709084258765984
v 4.7900000000000045 7.416941869558781 -18.649515566048787
v 4.7900000000000045 7.311260466978158 -18.612536043909085
v 4.7900000000000045 7.7 -25
v 4.7900000000000045 7.05 -25
v 4.7900000000000045 4.599999999999996 -21.2
v 4.7900000000000045 1.7 -21.2
v 4.140000000000005 4.599999999999996 -21.2
v 4.140000000000005 1.7 -21.2
v 4.7900000000000045 5.1000000000000005 -21.700000000000003
v 4.7900000000000045 5.087463956090913 -21.588739533021844
v 4.7900000000000045 5.050484433951211 -21.483058130441222
v 4.7900000000000045 4.990915741234017 -21.388255099070633
v 4.7900000000000045 4.911744900929368 -21.309084258765985
v 4.7900000000000045 4.8169418695587805 -21.24951556604879
v 4.7900000000000045 4.711260466978158 -21.212536043909086
v 4.7900000000000045 4.599999999999996 -21.2
v 4.140000000000005 5.1000000000000005 -21.700000000000003
v 4.140000000000005 5.087463956090913 -21.588739533021844
v 4.140000000000005 5.050484433951211 -21.483058130441222
v 4.140000000000005 4.990915741234017 -21.388255099070633
v 4.140000000000005 4.911744900929368 -21.309084258765985
v 4.140000000000005 4.8169418695587805 -21.24951556604879
v 4.140000000000005 4.711260466978158 -21.212536043909086
v 4.140000000000005 4.599999999999996 -21.2
v 4.140000000000005 5.1000000000000005 -25
v 4.7900000000000045 5.1000000000000005 -25
v 4.140000000000005 5.1000000000000005 -21.700000000000003
v 4.7900000000000045 5.1000000000000005 -21.700000000000003
v 4.7900000000000045 4.4499999999999975 -25
v 4.140000000000005 4.449999999999995 -25
v 4.7900000000000045 4.449999999999994 -22.35
v 4.140000000000005 4.449999999999994 -22.35
v 4.140000000000005 4.449999999999994 -22.35
v 4.7900000000000045 4.449999999999994 -22.35
v 4.140000000000005 3.94999999999999 -21.849999999999998
v 4.140000000000005 4.061260466978151 -21.862536043909085
v 4.140000000000005 4.166941869558774 -21.899515566048787
v 4.140000000000005 4.2617449009293615 -21.959084258765984
v 4.140000000000005 4.34091574123401 -22.038255099070632
v 4.140000000000005 4.400484433951204 -22.13305813044122
v 4.140000000000005 4.437463956090906 -22.238739533021842
v 4.7900000000000045 3.94999999999999 -21.849999999999998
v 4.7900000000000045 4.061260466978151 -21.862536043909085
v 4.7900000000000045 4.166941869558774 -21.899515566048787
v 4.7900000000000045 4.2617449009293615 -21.959084258765984
v 4.7900000000000045 4.34091574123401 -22.038255099070632
v 4.7900000000000045 4.400484433951204 -22.13305813044122
v 4.7900000000000045 4.437463956090906 -22.238739533021842
v 4.7900000000000045 1.7000000000000002 -21.849999999999998
v 4.7900000000000045 3.94999999999999 -21.849999999999998
v 4.140000000000005 1.7 -21.849999999999998
v 4.140000000000005 3.94999999999999 -21.849999999999998
v 4.140000000000005 4.449999999999995 -25
v 4.140000000000005 5.1000000000000005 -25
v 4.140000000000005 4.449999999999994 -22.35
v 4.140000000000005 3.94999999999999 -21.849999999999998
v 4.140000000000005 4.061260466978151 -21.862536043909085
v 4.140000000000005 4.166941869558774 -21.899515566048787
v 4.140000000000005 4.2617449009293615 -21.959084258765984
v 4.140000000000005 4.34091574123401 -22.038255099070632
v 4.140000000000005 4.400484433951204 -22.13305813044122
v 4.140000000000005 4.437463956090906 -22.238739533021842
v 4.140000000000005 1.7 -21.849999999999998
v 4.140000000000005 1.7 -21.2
v 4.140000000000005 4.599999999999996 -21.2
v 4.140000000000005 5.1000000000000005 -21.700000000000003
v 4.140000000000005 5.087463956090913 -21.588739533021844
v 4.140000000000005 5.050484433951211 -21.483058130441222
v 4.140000000000005 4.990915741234017 -21.388255099070633
v 4.140000000000005 4.911744900929368 -21.309084258765985
v 4.140000000000005 4.8169418695587805 -21.24951556604879
v 4.140000000000005 4.711260466978158 -21.212536043909086
v 4.7900000000000045 3.94999999999999 -21.849999999999998
v 4.7900000000000045 4.061260466978151 -21.862536043909085
v 4.7900000000000045 4.166941869558774 -21.899515566048787
v 4.7900000000000045 4.2617449009293615 -21.959084258765984
v 4.7900000000000045 4.34091574123401 -22.038255099070632
v 4.7900000000000045 4.400484433951204 -22.13305813044122
v 4.7900000000000045 4.437463956090906 -22.238739533021842
v 4.7900000000000045 4.449999999999994 -22.35
v 4.7900000000000045 1.7000000000000002 -21.849999999999998
v 4.7900000000000045 1.7 -21.2
v 4.7900000000000045 4.599999999999996 -21.2
v 4.7900000000000045 5.1000000000000005 -21.700000000000003
v 4.7900000000000045 5.087463956090913 -21.588739533021844
v 4.7900000000000045 5.050484433951211 -21.483058130441222
v 4.7900000000000045 4.990915741234017 -21.388255099070633
v 4.7900000000000045 4.911744900929368 -21.309084258765985
v 4.7900000000000045 4.8169418695587805 -21.24951556604879
v 4.7900000000000045 4.711260466978158 -21.212536043909086
v 4.7900000000000045 5.1000000000000005 -25
v 4.7900000000000045 4.4499999999999975 -25
v 4.7900000000000045 1.9999999999999971 -23.8
v 4.7900000000000045 1.7 -23.8
v 4.140000000000005 1.9999999999999971 -23.8
v 4.140000000000005 1.7 -23.8
v 4.7900000000000045 2.5000000000000004 -24.300000000000004
v 4.7900000000000045 2.4874639560909135 -24.188739533021845
v 4.7900000000000045 2.4504844339512117 -24.083058130441223
v 4.7900000000000045 2.390915741234017 -23.988255099070635
v 4.7900000000000045 2.311744900929369 -23.909084258765986
v 4.7900000000000045 2.216941869558781 -23.84951556604879
v 4.7900000000000045 2.111260466978159 -23.812536043909088
v 4.7900000000000045 1.9999999999999971 -23.8
v 4.140000000000005 2.5000000000000004 -24.300000000000004
v 4.140000000000005 2.4874639560909135 -24.188739533021845
v 4.140000000000005 2.4504844339512117 -24.083058130441223
v 4.140000000000005 2.390915741234017 -23.988255099070635
v 4.140000000000005 2.311744900929369 -23.909084258765986
v 4.140000000000005 2.216941869558781 -23.84951556604879
v 4.140000000000005 2.111260466978159 -23.812536043909088
v 4.140000000000005 1.9999999999999971 -23.8
v 4.140000000000005 2.5000000000000004 -25
v 4.7900000000000045 2.5000000000000004 -25
v 4.140000000000005 2.5000000000000004 -24.300000000000004
v 4.7900000000000045 2.5000000000000004 -24.300000000000004
v 4.7900000000000045 1.850000000000001 -25
v 4.140000000000005 1.850000000000001 -25
v 4.7900000000000045 1.850000000000001 -24.45
v 4.140000000000005 1.850000000000001 -24.45
v 4.7900000000000045 1.7 -24.45
v 4.7900000000000045 1.850000000000001 -24.45
v 4.140000000000005 1.7 -24.45
v 4.140000000000005 1.850000000000001 -24.45
v 4.140000000000005 1.850000000000001 -25
v 4.140000000000005 2.5000000000000004 -25
v 4.140000000000005 1.850000000000001 -24.45
v 4.140000000000005 1.7 -24.45
v 4.140000000000005 1.7 -23.8
v 4.140000000000005 1.9999999999999971 -23.8
v 4.140000000000005 2.5000000000000004 -24.300000000000004
v 4.140000000000005 2.4874639560909135 -24.188739533021845
v 4.140000000000005 2.4504844339512117 -24.083058130441223
v 4.140000000000005 2.390915741234017 -23.988255099070635
v 4.140000000000005 2.311744900929369 -23.909084258765986
v 4.140000000000005 2.216941869558781 -23.84951556604879
v 4.140000000000005 2.111260466978159 -23.812536043909088
v 4.7900000000000045 1.7 -24.45
v 4.7900000000000045 1.850000000000001 -24.45
v 4.7900000000000045 1.7 -23.8
v 4.7900000000000045 1.9999999999999971 -23.8
v 4.7900000000000045 2.5000000000000004 -24.300000000000004
v 4.7900000000000045 2.4874639560909135 -24.188739533021845
v 4.7900000000000045 2.4504844339512117 -24.083058130441223
v 4.7900000000000045 2.390915741234017 -23.988255099070635
v 4.7900000000000045 2.311744900929369 -23.909084258765986
v 4.7900000000000045 2.216941869558781 -23.84951556604879
v 4.7900000000000045 2.111260466978159 -23.812536043909088
v 4.7900000000000045 2.5000000000000004 -25
v 4.7900000000000045 1.850000000000001 -25
v 2.2600000000000042 7.199999999999997 -18.599999999999998
v 2.2600000000000042 1.7 -18.599999999999998
v 1.6100000000000043 7.199999999999997 -18.599999999999998
v 1.6100000000000043 1.7 -18.599999999999998
v 2.2600000000000042 7.7 -19.1
v 2.2600000000000042 7.687463956090913 -18.988739533021842
v 2.2600000000000042 7.6504844339512115 -18.88305813044122
v 2.2600000000000042 7.590915741234017 -18.788255099070632
v 2.2600000000000042 7.511744900929369 -18.709084258765984
v 2.2600000000000042 7.416941869558781 -18.649515566048787
v 2.2600000000000042 7.311260466978158 -18.612536043909085
v 2.2600000000000042 7.199999999999997 -18.599999999999998
v 1.6100000000000043 7.7 -19.1
v 1.6100000000000043 7.687463956090913 -18.988739533021842
v 1.6100000000000043 7.6504844339512115 -18.88305813044122
v 1.6100000000000043 7.590915741234017 -18.788255099070632
v 1.6100000000000043 7.511744900929369 -18.709084258765984
v 1.6100000000000043 7.416941869558781 -18.649515566048787
v 1.6100000000000043 7.311260466978158 -18.612536043909085
v 1.6100000000000043 7.199999999999997 -18.599999999999998
v 1.6100000000000043 7.7 -25
v 2.2600000000000042 7.7 -25
v 1.6100000000000043 7.7 -19.1
v 2.2600000000000042 7.7 -19.1
v 2.2600000000000042 7.05 -25
v 1.6100000000000043 7.05 -25
v 2.2600000000000042 7.049999999999999 -19.75
v 1.6100000000000043 7.049999999999999 -19.75
v 1.6100000000000043 7.049999999999999 -19.75
v 2.2600000000000042 7.049999999999999 -19.75
v 1.6100000000000043 6.549999999999995 -19.249999999999996
v 1.6100000000000043 6.661260466978158 -19.262536043909083
v 1.6100000000000043 6.76694186955878 -19.299515566048786
v 1.6100000000000043 6.861744900929368 -19.359084258765982
v 1.6100000000000043 6.940915741234017 -19.43825509907063
v 1.6100000000000043 7.000484433951211 -19.53305813044122
v 1.6100000000000043 7.037463956090913 -19.63873953302184
v 2.2600000000000042 6.549999999999995 -19.249999999999996
v 2.2600000000000042 6.661260466978158 -19.262536043909083
v 2.2600000000000042 6.76694186955878 -19.299515566048786
v 2.2600000000000042 6.861744900929368 -19.359084258765982
v 2.2600000000000042 6.940915741234017 -19.43825509907063
v 2.2600000000000042 7.000484433951211 -19.53305813044122
v 2.2600000000000042 7.037463956090913 -19.63873953302184
v 2.2600000000000042 1.7000000000000002 -19.249999999999996
v 2.2600000000000042 6.549999999999995 -19.249999999999996
v 1.6100000000000043 1.7 -19.249999999999996
v 1.6100000000000043 6.549999999999995 -19.249999999999996
v 1.6100000000000043 7.05 -25
v 1.6100000000000043 7.7 -25
v 1.6100000000000043 7.049999999999999 -19.75
v 1.6100000000000043 6.549999999999995 -19.249999999999996
v 1.6100000000000043 6.661260466978158 -19.262536043909083
v 1.6100000000000043 6.76694186955878 -19.299515566048786
v 1.6100000000000043 6.861744900929368 -19.359084258765982
v 1.6100000000000043 6.940915741234017 -19.43825509907063
v 1.6100000000000043 7.000484433951211 -19.53305813044122
v 1.6100000000000043 7.037463956090913 -19.63873953302184
v 1.6100000000000043 1.7 -19.249999999999996
v 1.6100000000000043 1.7 -18.599999999999998
v 1.6100000000000043 7.199999999999997 -18.599999999999998
v 1.6100000000000043 7.7 -19.1
v 1.6100000000000043 7.687463956090913 -18.988739533021842
v 1.6100000000000043 7.6504844339512115 -18.88305813044122
v 1.6100000000000043 7.590915741234017 -18.788255099070632
v 1.6100000000000043 7.511744900929369 -18.709084258765984
v 1.6100000000000043 7.416941869558781 -18.649515566048787
v 1.6100000000000043 7.311260466978158 -18.612536043909085
v 2.2600000000000042 6.549999999999995 -19.249999999999996
v 2.2600000000000042 6.661260466978158 -19.262536043909083
v 2.2600000000000042 6.76694186955878 -19.299515566048786
v 2.2600000000000042 6.861744900929368 -19.359084258765982
v 2.2600000000000042 6.940915741234017 -19.43825509907063
v 2.2600000000000042 7.000484433951211 -19.53305813044122
v 2.2600000000000042 7.037463956090913 -19.63873953302184
v 2.2600000000000042 7.049999999999999 -19.75
v 2.2600000000000042 1.7000000000000002 -19.249999999999996
v 2.2600000000000042 1.7 -18.599999999999998
v 2.2600000000000042 7.199999999999997 -18.599999999999998
v 2.2600000000000042 7.7 -19.1
v 2.2600000000000042 7.687463956090913 -18.988739533021842
v 2.2600000000000042 7.6504844339512115 -18.88305813044122
v 2.2600000000000042 7.590915741234017 -18.788255099070632
v 2.2600000000000042 7.511744900929369 -18.709084258765984
v 2.2600000000000042 7.416941869558781 -18.649515566048787
v 2.2600000000000042 7.311260466978158 -18.612536043909085
v 2.2600000000000042 7.7 -25
v 2.2600000000000042 7.05 -25
v 2.2600000000000042 4.599999999999996 -21.2
v 2.2600000000000042 1.7 -21.2
v 1.6100000000000043 4.599999999999996 -21.2
v 1.6100000000000043 1.7 -21.2
v 2.2600000000000042 5.1000000000000005 -21.700000000000003
v 2.2600000000000042 5.087463956090913 -21.588739533021844
v 2.2600000000000042 5.050484433951211 -21.483058130441222
v 2.2600000000000042 4.990915741234017 -21.388255099070633
v 2.2600000000000042 4.911744900929368 -21.309084258765985
v 2.2600000000000042 4.8169418695587805 -21.24951556604879
v 2.2600000000000042 4.711260466978158 -21.212536043909086
v 2.2600000000000042 4.599999999999996 -21.2
v 1.6100000000000043 5.1000000000000005 -21.700000000000003
v 1.6100000000000043 5.087463956090913 -21.588739533021844
v 1.6100000000000043 5.050484433951211 -21.483058130441222
v 1.6100000000000043 4.990915741234017 -21.388255099070633
v 1.6100000000000043 4.911744900929368 -21.309084258765985
v 1.6100000000000043 4.8169418695587805 -21.24951556604879
v 1.6100000000000043 4.711260466978158 -21.212536043909086
v 1.6100000000000043 4.599999999999996 -21.2
v 1.6100000000000043 5.1000000000000005 -25
v 2.2600000000000042 5.1000000000000005 -25
v 1.6100000000000043 5.1000000000000005 -21.700000000000003
v 2.2600000000000042 5.1000000000000005 -21.700000000000003
v 2.2600000000000042 4.4499999999999975 -25
v 1.6100000000000043 4.449999999999995 -25
v 2.2600000000000042 4.449999999999994 -22.35
v 1.6100000000000043 4.449999999999994 -22.35
v 1.6100000000000043 4.449999999999994 -22.35
v 2.2600000000000042 4.449999999999994 -22.35
v 1.6100000000000043 3.94999999999999 -21.849999999999998
v 1.6100000000000043 4.061260466978151 -21.862536043909085
v 1.6100000000000043 4.166941869558774 -21.899515566048787
v 1.6100000000000043 4.2617449009293615 -21.959084258765984
v 1.6100000000000043 4.34091574123401 -22.038255099070632
v 1.6100000000000043 4.400484433951204 -22.13305813044122
v 1.6100000000000043 4.437463956090906 -22.238739533021842
v 2.2600000000000042 3.94999999999999 -21.849999999999998
v 2.2600000000000042 4.061260466978151 -21.862536043909085
v 2.2600000000000042 4.166941869558774 -21.899515566048787
v 2.2600000000000042 4.2617449009293615 -21.959084258765984
v 2.2600000000000042 4.34091574123401 -22.038255099070632
v 2.2600000000000042 4.400484433951204 -22.13305813044122
v 2.2600000000000042 4.437463956090906 -22.238739533021842
v 2.2600000000000042 1.7000000000000002 -21.849999999999998
v 2.2600000000000042 3.94999999999999 -21.849999999999998
v 1.6100000000000043 1.7 -21.849999999999998
v 1.6100000000000043 3.94999999999999 -21.849999999999998
v 1.6100000000000043 4.449999999999995 -25
v 1.6100000000000043 5.1000000000000005 -25
v 1.6100000000000043 4.449999999999994 -22.35
v 1.6100000000000043 3.94999999999999 -21.849999999999998
v 1.6100000000000043 4.061260466978151 -21.862536043909085
v 1.6100000000000043 4.166941869558774 -21.899515566048787
v 1.6100000000000043 4.2617449009293615 -21.959084258765984
v 1.6100000000000043 4.34091574123401 -22.038255099070632
v 1.6100000000000043 4.400484433951204 -22.13305813044122
v 1.6100000000000043 4.437463956090906 -22.238739533021842
v 1.6100000000000043 1.7 -21.849999999999998
v 1.6100000000000043 1.7 -21.2
v 1.6100000000000043 4.599999999999996 -21.2
v 1.6100000000000043 5.1000000000000005 -21.700000000000003
v 1.6100000000000043 5.087463956090913 -21.588739533021844
v 1.6100000000000043 5.050484433951211 -21.483058130441222
v 1.6100000000000043 4.990915741234017 -21.388255099070633
v 1.6100000000000043 4.911744900929368 -21.309084258765985
v 1.6100000000000043 4.8169418695587805 -21.24951556604879
v 1.6100000000000043 4.711260466978158 -21.212536043909086
v 2.2600000000000042 3.94999999999999 -21.849999999999998
v 2.2600000000000042 4.061260466978151 -21.862536043909085
v 2.2600000000000042 4.166941869558774 -21.899515566048787
v 2.2600000000000042 4.2617449009293615 -21.959084258765984
v 2.2600000000000042 4.34091574123401 -22.038255099070632
v 2.2600000000000042 4.400484433951204 -22.13305813044122
v 2.2600000000000042 4.437463956090906 -22.238739533021842
v 2.2600000000000042 4.449999999999994 -22.35
v 2.2600000000000042 1.7000000000000002 -21.849999999999998
v 2.2600000000000042 1.7 -21.2
v 2.2600000000000042 4.599999999999996 -21.2
v 2.2600000000000042 5.1000000000000005 -21.700000000000003
v 2.2600000000000042 5.087463956090913 -21.588739533021844
v 2.2600000000000042 5.050484433951211 -21.483058130441222
v 2.2600000000000042 4.990915741234017 -21.388255099070633
v 2.2600000000000042 4.911744900929368 -21.309084258765985
v 2.2600000000000042 4.8169418695587805 -21.24951556604879
v 2.2600000000000042 4.711260466978158 -21.212536043909086
v 2.2600000000000042 5.1000000000000005 -25
v 2.2600000000000042 4.4499999999999975 -25
v 2.2600000000000042 1.9999999999999971 -23.8
v 2.2600000000000042 1.7 -23.8
v 1.6100000000000043 1.9999999999999971 -23.8
v 1.6100000000000043 1.7 -23.8
v 2.2600000000000042 2.5000000000000004 -24.300000000000004
v 2.2600000000000042 2.4874639560909135 -24.188739533021845
v 2.2600000000000042 2.4504844339512117 -24.083058130441223
v 2.2600000000000042 2.390915741234017 -23.988255099070635
v 2.2600000000000042 2.311744900929369 -23.909084258765986
v 2.2600000000000042 2.216941869558781 -23.84951556604879
v 2.2600000000000042 2.111260466978159 -23.812536043909088
v 2.2600000000000042 1.9999999999999971 -23.8
v 1.6100000000000043 2.5000000000000004 -24.300000000000004
v 1.6100000000000043 2.4874639560909135 -24.188739533021845
v 1.6100000000000043 2.4504844339512117 -24.083058130441223
v 1.6100000000000043 2.390915741234017 -23.988255099070635
v 1.6100000000000043 2.311744900929369 -23.909084258765986
v 1.6100000000000043 2.216941869558781 -23.84951556604879
v 1.6100000000000043 2.111260466978159 -23.812536043909088
v 1.6100000000000043 1.9999999999999971 -23.8
v 1.6100000000000043 2.5000000000000004 -25
v 2.2600000000000042 2.5000000000000004 -25
v 1.6100000000000043 2.5000000000000004 -24.300000000000004
v 2.2600000000000042 2.5000000000000004 -24.300000000000004
v 2.2600000000000042 1.850000000000001 -25
v 1.6100000000000043 1.850000000000001 -25
v 2.2600000000000042 1.850000000000001 -24.45
v 1.6100000000000043 1.850000000000001 -24.45
v 2.2600000000000042 1.7 -24.45
v 2.2600000000000042 1.850000000000001 -24.45
v 1.6100000000000043 1.7 -24.45
v 1.6100000000000043 1.850000000000001 -24.45
v 1.6100000000000043 1.850000000000001 -25
v 1.6100000000000043 2.5000000000000004 -25
v 1.6100000000000043 1.850000000000001 -24.45
v 1.6100000000000043 1.7 -24.45
v 1.6100000000000043 1.7 -23.8
v 1.6100000000000043 1.9999999999999971 -23.8
v 1.6100000000000043 2.5000000000000004 -24.300000000000004
v 1.6100000000000043 2.4874639560909135 -24.188739533021845
v 1.6100000000000043 2.4504844339512117 -24.083058130441223
v 1.6100000000000043 2.390915741234017 -23.988255099070635
v 1.6100000000000043 2.311744900929369 -23.909084258765986
v 1.6100000000000043 2.216941869558781 -23.84951556604879
v 1.6100000000000043 2.111260466978159 -23.812536043909088
v 2.2600000000000042 1.7 -24.45
v 2.2600000000000042 1.850000000000001 -24.45
v 2.2600000000000042 1.7 -23.8
v 2.2600000000000042 1.9999999999999971 -23.8
v 2.2600000000000042 2.5000000000000004 -24.300000000000004
v 2.2600000000000042 2.4874639560909135 -24.188739533021845
v 2.2600000000000042 2.4504844339512117 -24.083058130441223
v 2.2600000000000042 2.390915741234017 -23.988255099070635
v 2.2600000000000042 2.311744900929369 -23.909084258765986
v 2.2600000000000042 2.216941869558781 -23.84951556604879
v 2.2600000000000042 2.111260466978159 -23.812536043909088
v 2.2600000000000042 2.5000000000000004 -25
v 2.2600000000000042 1.850000000000001 -25
v -0.2699999999999959 7.199999999999997 -18.599999999999998
v -0.2699999999999959 1.7 -18.599999999999998
v -0.9199999999999959 7.199999999999997 -18.599999999999998
v -0.9199999999999959 1.7 -18.599999999999998
v -0.2699999999999959 7.7 -19.1
v -0.2699999999999959 7.687463956090913 -18.988739533021842
v -0.2699999999999959 7.6504844339512115 -18.88305813044122
v -0.2699999999999959 7.590915741234017 -18.788255099070632
v -0.2699999999999959 7.511744900929369 -18.709084258765984
v -0.2699999999999959 7.416941869558781 -18.649515566048787
v -0.2699999999999959 7.311260466978158 -18.612536043909085
v -0.2699999999999959 7.199999999999997 -18.599999999999998
v -0.9199999999999959 7.7 -19.1
v -0.9199999999999959 7.687463956090913 -18.988739533021842
v -0.9199999999999959 7.6504844339512115 -18.88305813044122
v -0.9199999999999959 7.590915741234017 -18.788255099070632
v -0.9199999999999959 7.511744900929369 -18.709084258765984
v -0.9199999999999959 7.416941869558781 -18.649515566048787
v -0.9199999999999959 7.311260466978158 -18.612536043909085
v -0.9199999999999959 7.199999999999997 -18.599999999999998
v -0.9199999999999959 7.7 -25
v -0.2699999999999959 7.7 -25
v -0.9199999999999959 7.7 -19.1
v -0.2699999999999959 7.7 -19.1
v -0.2699999999999959 7.05 -25
v -0.9199999999999959 7.05 -25
v -0.2699999999999959 7.049999999999999 -19.75
v -0.9199999999999959 7.049999999999999 -19.75
v -0.9199999999999959 7.049999999999999 -19.75
v -0.2699999999999959 7.049999999999999 -19.75
v -0.9199999999999959 6.549999999999995 -19.249999999999996
v -0.9199999999999959 6.661260466978158 -19.262536043909083
v -0.9199999999999959 6.76694186955878 -19.299515566048786
v -0.9199999999999959 6.861744900929368 -19.359084258765982
v -0.9199999999999959 6.940915741234017 -19.43825509907063
v -0.9199999999999959 7.000484433951211 -19.53305813044122
v -0.9199999999999959 7.037463956090913 -19.63873953302184
v -0.2699999999999959 6.549999999999995 -19.249999999999996
v -0.2699999999999959 6.661260466978158 -19.262536043909083
v -0.2699999999999959 6.76694186955878 -19.299515566048786
v -0.2699999999999959 6.861744900929368 -19.359084258765982
v -0.2699999999999959 6.940915741234017 -19.43825509907063
v -0.2699999999999959 7.000484433951211 -19.53305813044122
v -0.2699999999999959 7.037463956090913 -19.63873953302184
v -0.2699999999999959 1.7000000000000002 -19.249999999999996
v -0.2699999999999959 6.549999999999995 -19.249999999999996
v -0.9199999999999959 1.7 -19.249999999999996
v -0.9199999999999959 6.549999999999995 -19.249999999999996
v -0.9199999999999959 7.05 -25
v -0.9199999999999959 7.7 -25
v -0.9199999999999959 7.049999999999999 -19.75
v -0.9199999999999959 6.549999999999995 -19.249999999999996
v -0.9199999999999959 6.661260466978158 -19.262536043909083
v -0.9199999999999959 6.76694186955878 -19.299515566048786
v -0.9199999999999959 6.861744900929368 -19.359084258765982
v -0.9199999999999959 6.940915741234017 -19.43825509907063
v -0.9199999999999959 7.000484433951211 -19.53305813044122
v -0.9199999999999959 7.037463956090913 -19.63873953302184
v -0.9199999999999959 1.7 -19.249999999999996
v -0.9199999999999959 1.7 -18.599999999999998
v -0.9199999999999959 7.199999999999997 -18.599999999999998
v -0.9199999999999959 7.7 -19.1
v -0.9199999999999959 7.687463956090913 -18.988739533021842
v -0.9199999999999959 7.6504844339512115 -18.88305813044122
v -0.9199999999999959 7.590915741234017 -18.788255099070632
v -0.9199999999999959 7.511744900929369 -18.709084258765984
v -0.9199999999999959 7.416941869558781 -18.649515566048787
v -0.9199999999999959 7.311260466978158 -18.612536043909085
v -0.2699999999999959 6.549999999999995 -19.249999999999996
v -0.2699999999999959 6.661260466978158 -19.262536043909083
v -0.2699999999999959 6.76694186955878 -19.299515566048786
v -0.2699999999999959 6.861744900929368 -19.359084258765982
v -0.2699999999999959 6.940915741234017 -19.43825509907063
v -0.2699999999999959 7.000484433951211 -19.53305813044122
v -0.2699999999999959 7.037463956090913 -19.63873953302184
v -0.2699999999999959 7.049999999999999 -19.75
v -0.2699999999999959 1.7000000000000002 -19.249999999999996
v -0.2699999999999959 1.7 -18.599999999999998
v -0.2699999999999959 7.199999999999997 -18.599999999999998
v -0.2699999999999959 7.7 -19.1
v -0.2699999999999959 7.687463956090913 -18.988739533021842
v -0.2699999999999959 7.6504844339512115 -18.88305813044122
v -0.2699999999999959 7.590915741234017 -18.788255099070632
v -0.2699999999999959 7.511744900929369 -18.709084258765984
v -0.2699999999999959 7.416941869558781 -18.649515566048787
v -0.2699999999999959 7.311260466978158 -18.612536043909085
v -0.2699999999999959 7.7 -25
v -0.2699999999999959 7.05 -25
v -0.2699999999999959 4.599999999999996 -21.2
v -0.2699999999999959 1.7 -21.2
v -0.9199999999999959 4.599999999999996 -21.2
v -0.9199999999999959 1.7 -21.2
v -0.2699999999999959 5.1000000000000005 -21.700000000000003
v -0.2699999999999959 5.087463956090913 -21.588739533021844
v -0.2699999999999959 5.050484433951211 -21.483058130441222
v -0.2699999999999959 4.990915741234017 -21.388255099070633
v -0.2699999999999959 4.911744900929368 -21.309084258765985
v -0.2699999999999959 4.8169418695587805 -21.24951556604879
v -0.2699999999999959 4.711260466978158 -21.212536043909086
v -0.2699999999999959 4.599999999999996 -21.2
v -0.9199999999999959 5.1000000000000005 -21.700000000000003
v -0.9199999999999959 5.087463956090913 -21.588739533021844
v -0.9199999999999959 5.050484433951211 -21.483058130441222
v -0.9199999999999959 4.990915741234017 -21.388255099070633
v -0.9199999999999959 4.911744900929368 -21.309084258765985
v -0.9199999999999959 4.8169418695587805 -21.24951556604879
v -0.9199999999999959 4.711260466978158 -21.212536043909086
v -0.9199999999999959 4.599999999999996 -21.2
v -0.9199999999999959 5.1000000000000005 -25
v -0.2699999999999959 5.1000000000000005 -25
v -0.9199999999999959 5.1000000000000005 -21.700000000000003
v -0.2699999999999959 5.1000000000000005 -21.700000000000003
v -0.2699999999999959 4.4499999999999975 -25
v -0.9199999999999959 4.449999999999995 -25
v -0.2699999999999959 4.449999999999994 -22.35
v -0.9199999999999959 4.449999999999994 -22.35
v -0.9199999999999959 4.449999999999994 -22.35
v -0.2699999999999959 4.449999999999994 -22.35
v -0.9199999999999959 3.94999999999999 -21.849999999999998
v -0.9199999999999959 4.061260466978151 -21.862536043909085
v -0.9199999999999959 4.166941869558774 -21.899515566048787
v -0.9199999999999959 4.2617449009293615 -21.959084258765984
v -0.9199999999999959 4.34091574123401 -22.038255099070632
v -0.9199999999999959 4.400484433951204 -22.13305813044122
v -0.9199999999999959 4.437463956090906 -22.238739533021842
v -0.2699999999999959 3.94999999999999 -21.849999999999998
v -0.2699999999999959 4.061260466978151 -21.862536043909085
v -0.2699999999999959 4.166941869558774 -21.899515566048787
v -0.2699999999999959 4.2617449009293615 -21.959084258765984
v -0.2699999999999959 4.34091574123401 -22.038255099070632
v -0.2699999999999959 4.400484433951204 -22.13305813044122
v -0.2699999999999959 4.437463956090906 -22.238739533021842
v -0.2699999999999959 1.7000000000000002 -21.849999999999998
v -0.2699999999999959 3.94999999999999 -21.849999999999998
v -0.9199999999999959 1.7 -21.849999999999998
v -0.9199999999999959 3.94999999999999 -21.849999999999998
v -0.9199999999999959 4.449999999999995 -25
v -0.9199999999999959 5.1000000000000005 -25
v -0.9199999999999959 4.449999999999994 -22.35
v -0.9199999999999959 3.94999999999999 -21.849999999999998
v -0.9199999999999959 4.061260466978151 -21.862536043909085
v -0.9199999999999959 4.166941869558774 -21.899515566048787
v -0.9199999999999959 4.2617449009293615 -21.959084258765984
v -0.9199999999999959 4.34091574123401 -22.038255099070632
v -0.9199999999999959 4.400484433951204 -22.13305813044122
v -0.9199999999999959 4.437463956090906 -22.238739533021842
v -0.9199999999999959 1.7 -21.849999999999998
v -0.9199999999999959 1.7 -21.2
v -0.9199999999999959 4.599999999999996 -21.2
v -0.9199999999999959 5.1000000000000005 -21.700000000000003
v -0.9199999999999959 5.087463956090913 -21.588739533021844
v -0.9199999999999959 5.050484433951211 -21.483058130441222
v -0.9199999999999959 4.990915741234017 -21.388255099070633
v -0.9199999999999959 4.911744900929368 -21.309084258765985
v -0.9199999999999959 4.8169418695587805 -21.24951556604879
v -0.9199999999999959 4.711260466978158 -21.212536043909086
v -0.2699999999999959 3.94999999999999 -21.849999999999998
v -0.2699999999999959 4.061260466978151 -21.862536043909085
v -0.2699999999999959 4.166941869558774 -21.899515566048787
v -0.2699999999999959 4.2617449009293615 -21.959084258765984
v -0.2699999999999959 4.34091574123401 -22.038255099070632
v -0.2699999999999959 4.400484433951204 -22.13305813044122
v -0.2699999999999959 4.437463956090906 -22.238739533021842
v -0.2699999999999959 4.449999999999994 -22.35
v -0.2699999999999959 1.7000000000000002 -21.849999999999998
v -0.2699999999999959 1.7 -21.2
v -0.2699999999999959 4.599999999999996 -21.2
v -0.2699999999999959 5.1000000000000005 -21.700000000000003
v -0.2699999999999959 5.087463956090913 -21.588739533021844
v -0.2699999999999959 5.050484433951211 -21.483058130441222
v -0.2699999999999959 4.990915741234017 -21.388255099070633
v -0.2699999999999959 4.911744900929368 -21.309084258765985
v -0.2699999999999959 4.8169418695587805 -21.24951556604879
v -0.2699999999999959 4.711260466978158 -21.212536043909086
v -0.2699999999999959 5.1000000000000005 -25
v -0.2699999999999959 4.4499999999999975 -25
v -0.2699999999999959 1.9999999999999971 -23.8
v -0.2699999999999959 1.7 -23.8
v -0.9199999999999959 1.9999999999999971 -23.8
v -0.9199999999999959 1.7 -23.8
v -0.2699999999999959 2.5000000000000004 -24.300000000000004
v -0.2699999999999959 2.4874639560909135 -24.188739533021845
v -0.2699999999999959 2.4504844339512117 -24.083058130441223
v -0.2699999999999959 2.390915741234017 -23.988255099070635
v -0.2699999999999959 2.311744900929369 -23.909084258765986
v -0.2699999999999959 2.216941869558781 -23.84951556604879
v -0.2699999999999959 2.111260466978159 -23.812536043909088
v -0.2699999999999959 1.9999999999999971 -23.8
v -0.9199999999999959 2.5000000000000004 -24.300000000000004
v -0.9199999999999959 2.4874639560909135 -24.188739533021845
v -0.9199999999999959 2.4504844339512117 -24.083058130441223
v -0.9199999999999959 2.390915741234017 -23.988255099070635
v -0.9199999999999959 2.311744900929369 -23.909084258765986
v -0.9199999999999959 2.216941869558781 -23.84951556604879
v -0.9199999999999959 2.111260466978159 -23.812536043909088
v -0.9199999999999959 1.9999999999999971 -23.8
v -0.9199999999999959 2.5000000000000004 -25
v -0.2699999999999959 2.5000000000000004 -25
v -0.9199999999999959 2.5000000000000004 -24.300000000000004
v -0.2699999999999959 2.5000000000000004 -24.300000000000004
v -0.2699999999999959 1.850000000000001 -25
v -0.9199999999999959 1.850000000000001 -25
v -0.2699999999999959 1.850000000000001 -24.45
v -0.9199999999999959 1.850000000000001 -24.45
v -0.2699999999999959 1.7 -24.45
v -0.2699999999999959 1.850000000000001 -24.45
v -0.9199999999999959 1.7 -24.45
v -0.9199999999999959 1.850000000000001 -24.45
v -0.9199999999999959 1.850000000000001 -25
v -0.9199999999999959 2.5000000000000004 -25
v -0.9199999999999959 1.850000000000001 -24.45
v -0.9199999999999959 1.7 -24.45
v -0.9199999999999959 1.7 -23.8
v -0.9199999999999959 1.9999999999999971 -23.8
v -0.9199999999999959 2.5000000000000004 -24.300000000000004
v -0.9199999999999959 2.4874639560909135 -24.188739533021845
v -0.9199999999999959 2.4504844339512117 -24.083058130441223
v -0.9199999999999959 2.390915741234017 -23.988255099070635
v -0.9199999999999959 2.311744900929369 -23.909084258765986
v -0.9199999999999959 2.216941869558781 -23.84951556604879
v -0.9199999999999959 2.111260466978159 -23.812536043909088
v -0.2699999999999959 1.7 -24.45
v -0.2699999999999959 1.850000000000001 -24.45
v -0.2699999999999959 1.7 -23.8
v -0.2699999999999959 1.9999999999999971 -23.8
v -0.2699999999999959 2.5000000000000004 -24.300000000000004
v -0.2699999999999959 2.4874639560909135 -24.188739533021845
v -0.2699999999999959 2.4504844339512117 -24.083058130441223
v -0.2699999999999959 2.390915741234017 -23.988255099070635
v -0.2699999999999959 2.311744900929369 -23.909084258765986
v -0.2699999999999959 2.216941869558781 -23.84951556604879
v -0.2699999999999959 2.111260466978159 -23.812536043909088
v -0.2699999999999959 2.5000000000000004 -25
v -0.2699999999999959 1.850000000000001 -25
v -2.799999999999997 7.199999999999997 -18.599999999999998
v -2.799999999999997 1.7 -18.599999999999998
v -3.449999999999997 7.199999999999997 -18.599999999999998
v -3.449999999999997 1.7 -18.599999999999998
v -2.799999999999997 7.7 -19.1
v -2.799999999999997 7.687463956090913 -18.988739533021842
v -2.799999999999997 7.6504844339512115 -18.88305813044122
v -2.799999999999997 7.590915741234017 -18.788255099070632
v -2.799999999999997 7.511744900929369 -18.709084258765984
v -2.799999999999997 7.416941869558781 -18.649515566048787
v -2.799999999999997 7.311260466978158 -18.612536043909085
v -2.799999999999997 7.199999999999997 -18.599999999999998
v -3.449999999999997 7.7 -19.1
v -3.449999999999997 7.687463956090913 -18.988739533021842
v -3.449999999999997 7.6504844339512115 -18.88305813044122
v -3.449999999999997 7.590915741234017 -18.788255099070632
v -3.449999999999997 7.511744900929369 -18.709084258765984
v -3.449999999999997 7.416941869558781 -18.649515566048787
v -3.449999999999997 7.311260466978158 -18.612536043909085
v -3.449999999999997 7.199999999999997 -18.599999999999998
v -3.449999999999997 7.7 -25
v -2.799999999999997 7.7 -25
v -3.449999999999997 7.7 -19.1
v -2.799999999999997 7.7 -19.1
v -2.799999999999997 7.05 -25
v -3.449999999999997 7.05 -25
v -2.799999999999997 7.049999999999999 -19.75
v -3.449999999999997 7.049999999999999 -19.75
v -3.449999999999997 7.049999999999999 -19.75
v -2.799999999999997 7.049999999999999 -19.75
v -3.449999999999997 6.549999999999995 -19.249999999999996
v -3.449999999999997 6.661260466978158 -19.262536043909083
v -3.449999999999997 6.76694186955878 -19.299515566048786
v -3.449999999999997 6.861744900929368 -19.359084258765982
v -3.449999999999997 6.940915741234017 -19.43825509907063
v -3.449999999999997 7.000484433951211 -19.53305813044122
v -3.449999999999997 7.037463956090913 -19.63873953302184
v -2.799999999999997 6.549999999999995 -19.249999999999996
v -2.799999999999997 6.661260466978158 -19.262536043909083
v -2.799999999999997 6.76694186955878 -19.299515566048786
v -2.799999999999997 6.861744900929368 -19.359084258765982
v -2.799999999999997 6.940915741234017 -19.43825509907063
v -2.799999999999997 7.000484433951211 -19.53305813044122
v -2.799999999999997 7.037463956090913 -19.63873953302184
v -2.799999999999997 1.7000000000000002 -19.249999999999996
v -2.799999999999997 6.549999999999995 -19.249999999999996
v -3.449999999999997 1.7 -19.249999999999996
v -3.449999999999997 6.549999999999995 -19.249999999999996
v -3.449999999999997 7.05 -25
v -3.449999999999997 7.7 -25
v -3.449999999999997 7.049999999999999 -19.75
v -3.449999999999997 6.549999999999995 -19.249999999999996
v -3.449999999999997 6.661260466978158 -19.262536043909083
v -3.449999999999997 6.76694186955878 -19.299515566048786
v -3.449999999999997 6.861744900929368 -19.359084258765982
v -3.449999999999997 6.940915741234017 -19.43825509907063
v -3.449999999999997 7.000484433951211 -19.53305813044122
v -3.449999999999997 7.037463956090913 -19.63873953302184
v -3.449999999999997 1.7 -19.249999999999996
v -3.449999999999997 1.7 -18.599999999999998
v -3.449999999999997 7.199999999999997 -18.599999999999998
v -3.449999999999997 7.7 -19.1
v -3.449999999999997 7.687463956090913 -18.988739533021842
v -3.449999999999997 7.6504844339512115 -18.88305813044122
v -3.449999999999997 7.590915741234017 -18.788255099070632
v -3.449999999999997 7.511744900929369 -18.709084258765984
v -3.449999999999997 7.416941869558781 -18.649515566048787
v -3.449999999999997 7.311260466978158 -18.612536043909085
v -2.799999999999997 6.549999999999995 -19.249999999999996
v -2.799999999999997 6.661260466978158 -19.262536043909083
v -2.799999999999997 6.76694186955878 -19.299515566048786
v -2.799999999999997 6.861744900929368 -19.359084258765982
v -2.799999999999997 6.940915741234017 -19.43825509907063
v -2.799999999999997 7.000484433951211 -19.53305813044122
v -2.799999999999997 7.037463956090913 -19.63873953302184
v -2.799999999999997 7.049999999999999 -19.75
v -2.799999999999997 1.7000000000000002 -19.249999999999996
v -2.799999999999997 1.7 -18.599999999999998
v -2.799999999999997 7.199999999999997 -18.599999999999998
v -2.799999999999997 7.7 -19.1
v -2.799999999999997 7.687463956090913 -18.988739533021842
v -2.799999999999997 7.6504844339512115 -18.88305813044122
v -2.799999999999997 7.590915741234017 -18.788255099070632
v -2.799999999999997 7.511744900929369 -18.709084258765984
v -2.799999999999997 7.416941869558781 -18.649515566048787
v -2.799999999999997 7.311260466978158 -18.612536043909085
v -2.799999999999997 7.7 -25
v -2.799999999999997 7.05 -25
v -2.799999999999997 4.599999999999996 -21.2
v -2.799999999999997 1.7 -21.2
v -3.449999999999997 4.599999999999996 -21.2
v -3.449999999999997 1.7 -21.2
v -2.799999999999997 5.1000000000000005 -21.700000000000003
v -2.799999999999997 5.087463956090913 -21.588739533021844
v -2.799999999999997 5.050484433951211 -21.483058130441222
v -2.799999999999997 4.990915741234017 -21.388255099070633
v -2.799999999999997 4.911744900929368 -21.309084258765985
v -2.799999999999997 4.8169418695587805 -21.24951556604879
v -2.799999999999997 4.711260466978158 -21.212536043909086
v -2.799999999999997 4.599999999999996 -21.2
v -3.449999999999997 5.1000000000000005 -21.700000000000003
v -3.449999999999997 5.087463956090913 -21.588739533021844
v -3.449999999999997 5.050484433951211 -21.483058130441222
v -3.449999999999997 4.990915741234017 -21.388255099070633
v -3.449999999999997 4.911744900929368 -21.309084258765985
v -3.449999999999997 4.8169418695587805 -21.24951556604879
v -3.449999999999997 4.711260466978158 -21.212536043909086
v -3.449999999999997 4.599999999999996 -21.2
v -3.449999999999997 5.1000000000000005 -25
v -2.799999999999997 5.1000000000000005 -25
v -3.449999999999997 5.1000000000000005 -21.700000000000003
v -2.799999999999997 5.1000000000000005 -21.700000000000003
v -2.799999999999997 4.4499999999999975 -25
v -3.449999999999997 4.449999999999995 -25
v -2.799999999999997 4.449999999999994 -22.35
v -3.449999999999997 4.449999999999994 -22.35
v -3.449999999999997 4.449999999999994 -22.35
v -2.799999999999997 4.449999999999994 -22.35
v -3.449999999999997 3.94999999999999 -21.849999999999998
v -3.449999999999997 4.061260466978151 -21.862536043909085
v -3.449999999999997 4.166941869558774 -21.899515566048787
v -3.449999999999997 4.2617449009293615 -21.959084258765984
v -3.449999999999997 4.34091574123401 -22.038255099070632
v -3.449999999999997 4.400484433951204 -22.13305813044122
v -3.449999999999997 4.437463956090906 -22.238739533021842
v -2.799999999999997 3.94999999999999 -21.849999999999998
v -2.799999999999997 4.061260466978151 -21.862536043909085
v -2.799999999999997 4.166941869558774 -21.899515566048787
v -2.799999999999997 4.2617449009293615 -21.959084258765984
v -2.799999999999997 4.34091574123401 -22.038255099070632
v -2.799999999999997 4.400484433951204 -22.13305813044122
v -2.799999999999997 4.437463956090906 -22.238739533021842
v -2.799999999999997 1.7000000000000002 -21.849999999999998
v -2.799999999999997 3.94999999999999 -21.849999999999998
v -3.449999999999997 1.7 -21.849999999999998
v -3.449999999999997 3.94999999999999 -21.849999999999998
v -3.449999999999997 4.449999999999995 -25
v -3.449999999999997 5.1000000000000005 -25
v -3.449999999999997 4.449999999999994 -22.35
v -3.449999999999997 3.94999999999999 -21.849999999999998
v -3.449999999999997 4.061260466978151 -21.862536043909085
v -3.449999999999997 4.166941869558774 -21.899515566048787
v -3.449999999999997 4.2617449009293615 -21.959084258765984
v -3.449999999999997 4.34091574123401 -22.038255099070632
v -3.449999999999997 4.400484433951204 -22.13305813044122
v -3.449999999999997 4.437463956090906 -22.238739533021842
v -3.449999999999997 1.7 -21.849999999999998
v -3.449999999999997 1.7 -21.2
v -3.449999999999997 4.599999999999996 -21.2
v -3.449999999999997 5.1000000000000005 -21.700000000000003
v -3.449999999999997 5.087463956090913 -21.588739533021844
v -3.449999999999997 5.050484433951211 -21.483058130441222
v -3.449999999999997 4.990915741234017 -21.388255099070633
v -3.449999999999997 4.911744900929368 -21.309084258765985
v -3.449999999999997 4.8169418695587805 -21.24951556604879
v -3.449999999999997 4.711260466978158 -21.212536043909086
v -2.799999999999997 3.94999999999999 -21.849999999999998
v -2.799999999999997 4.061260466978151 -21.862536043909085
v -2.799999999999997 4.166941869558774 -21.899515566048787
v -2.799999999999997 4.2617449009293615 -21.959084258765984
v -2.799999999999997 4.34091574123401 -22.038255099070632
v -2.799999999999997 4.400484433951204 -22.13305813044122
v -2.799999999999997 4.437463956090906 -22.238739533021842
v -2.799999999999997 4.449999999999994 -22.35
v -2.799999999999997 1.7000000000000002 -21.849999999999998
v -2.799999999999997 1.7 -21.2
v -2.799999999999997 4.599999999999996 -21.2
v -2.799999999999997 5.1000000000000005 -21.700000000000003
v -2.799999999999997 5.087463956090913 -21.588739533021844
v -2.799999999999997 5.050484433951211 -21.483058130441222
v -2.799999999999997 4.990915741234017 -21.388255099070633
v -2.799999999999997 4.911744900929368 -21.309084258765985
v -2.799999999999997 4.8169418695587805 -21.24951556604879
v -2.799999999999997 4.711260466978158 -21.212536043909086
v -2.799999999999997 5.1000000000000005 -25
v -2.799999999999997 4.4499999999999975 -25
v -2.799999999999997 1.9999999999999971 -23.8
v -2.799999999999997 1.7 -23.8
v -3.449999999999997 1.9999999999999971 -23.8
v -3.449999999999997 1.7 -23.8
v -2.799999999999997 2.5000000000000004 -24.300000000000004
v -2.799999999999997 2.4874639560909135 -24.188739533021845
v -2.799999999999997 2.4504844339512117 -24.083058130441223
v -2.799999999999997 2.390915741234017 -23.988255099070635
v -2.799999999999997 2.311744900929369 -23.909084258765986
v -2.799999999999997 2.216941869558781 -23.84951556604879
v -2.799999999999997 2.111260466978159 -23.812536043909088
v -2.799999999999997 1.9999999999999971 -23.8
v -3.449999999999997 2.5000000000000004 -24.300000000000004
v -3.449999999999997 2.4874639560909135 -24.188739533021845
v -3.449999999999997 2.4504844339512117 -24.083058130441223
v -3.449999999999997 2.390915741234017 -23.988255099070635
v -3.449999999999997 2.311744900929369 -23.909084258765986
v -3.449999999999997 2.216941869558781 -23.84951556604879
v -3.449999999999997 2.111260466978159 -23.812536043909088
v -3.449999999999997 1.9999999999999971 -23.8
v -3.449999999999997 2.5000000000000004 -25
v -2.799999999999997 2.5000000000000004 -25
v -3.449999999999997 2.5000000000000004 -24.300000000000004
v -2.799999999999997 2.5000000000000004 -24.300000000000004
v -2.799999999999997 1.850000000000001 -25
v -3.449999999999997 1.850000000000001 -25
v -2.799999999999997 1.850000000000001 -24.45
v -3.449999999999997 1.850000000000001 -24.45
v -2.799999999999997 1.7 -24.45
v -2.799999999999997 1.850000000000001 -24.45
v -3.449999999999997 1.7 -24.45
v -3.449999999999997 1.850000000000001 -24.45
v -3.449999999999997 1.850000000000001 -25
v -3.449999999999997 2.5000000000000004 -25
v -3.449999999999997 1.850000000000001 -24.45
v -3.449999999999997 1.7 -24.45
v -3.449999999999997 1.7 -23.8
v -3.449999999999997 1.9999999999999971 -23.8
v -3.449999999999997 2.5000000000000004 -24.300000000000004
v -3.449999999999997 2.4874639560909135 -24.188739533021845
v -3.449999999999997 2.4504844339512117 -24.083058130441223
v -3.449999999999997 2.390915741234017 -23.988255099070635
v -3.449999999999997 2.311744900929369 -23.909084258765986
v -3.449999999999997 2.216941869558781 -23.84951556604879
v -3.449999999999997 2.111260466978159 -23.812536043909088
v -2.799999999999997 1.7 -24.45
v -2.799999999999997 1.850000000000001 -24.45
v -2.799999999999997 1.7 -23.8
v -2.799999999999997 1.9999999999999971 -23.8
v -2.799999999999997 2.5000000000000004 -24.300000000000004
v -2.799999999999997 2.4874639560909135 -24.188739533021845
v -2.799999999999997 2.4504844339512117 -24.083058130441223
v -2.799999999999997 2.390915741234017 -23.988255099070635
v -2.799999999999997 2.311744900929369 -23.909084258765986
v -2.799999999999997 2.216941869558781 -23.84951556604879
v -2.799999999999997 2.111260466978159 -23.812536043909088
v -2.799999999999997 2.5000000000000004 -25
v -2.799999999999997 1.850000000000001 -25
v -5.3299999999999965 7.199999999999997 -18.599999999999998
v -5.3299999999999965 1.7 -18.599999999999998
v -5.979999999999996 7.199999999999997 -18.599999999999998
v -5.979999999999996 1.7 -18.599999999999998
v -5.3299999999999965 7.7 -19.1
v -5.3299999999999965 7.687463956090913 -18.988739533021842
v -5.3299999999999965 7.6504844339512115 -18.88305813044122
v -5.3299999999999965 7.590915741234017 -18.788255099070632
v -5.3299999999999965 7.511744900929369 -18.709084258765984
v -5.3299999999999965 7.416941869558781 -18.649515566048787
v -5.3299999999999965 7.311260466978158 -18.612536043909085
v -5.3299999999999965 7.199999999999997 -18.599999999999998
v -5.979999999999996 7.7 -19.1
v -5.979999999999996 7.687463956090913 -18.988739533021842
v -5.979999999999996 7.6504844339512115 -18.88305813044122
v -5.979999999999996 7.590915741234017 -18.788255099070632
v -5.979999999999996 7.511744900929369 -18.709084258765984
v -5.979999999999996 7.416941869558781 -18.649515566048787
v -5.979999999999996 7.311260466978158 -18.612536043909085
v -5.979999999999996 7.199999999999997 -18.599999999999998
v -5.979999999999996 7.7 -25
v -5.3299999999999965 7.7 -25
v -5.979999999999996 7.7 -19.1
v -5.3299999999999965 7.7 -19.1
v -5.3299999999999965 7.05 -25
v -5.979999999999996 7.05 -25
v -5.3299999999999965 7.049999999999999 -19.75
v -5.979999999999996 7.049999999999999 -19.75
v -5.979999999999996 7.049999999999999 -19.75
v -5.3299999999999965 7.049999999999999 -19.75
v -5.979999999999996 6.549999999999995 -19.249999999999996
v -5.979999999999996 6.661260466978158 -19.262536043909083
v -5.979999999999996 6.76694186955878 -19.299515566048786
v -5.979999999999996 6.861744900929368 -19.359084258765982
v -5.979999999999996 6.940915741234017 -19.43825509907063
v -5.979999999999996 7.000484433951211 -19.53305813044122
v -5.979999999999996 7.037463956090913 -19.63873953302184
v -5.3299999999999965 6.549999999999995 -19.249999999999996
v -5.3299999999999965 6.661260466978158 -19.262536043909083
v -5.3299999999999965 6.76694186955878 -19.299515566048786
v -5.3299999999999965 6.861744900929368 -19.359084258765982
v -5.3299999999999965 6.940915741234017 -19.43825509907063
v -5.3299999999999965 7.000484433951211 -19.53305813044122
v -5.3299999999999965 7.037463956090913 -19.63873953302184
v -5.3299999999999965 1.7000000000000002 -19.249999999999996
v -5.3299999999999965 6.549999999999995 -19.249999999999996
v -5.979999999999996 1.7 -19.249999999999996
v -5.979999999999996 6.549999999999995 -19.249999999999996
v -5.979999999999996 7.05 -25
v -5.979999999999996 7.7 -25
v -5.979999999999996 7.049999999999999 -19.75
v -5.979999999999996 6.549999999999995 -19.249999999999996
v -5.979999999999996 6.661260466978158 -19.262536043909083
v -5.979999999999996 6.76694186955878 -19.299515566048786
v -5.979999999999996 6.861744900929368 -19.359084258765982
v -5.979999999999996 6.940915741234017 -19.43825509907063
v -5.979999999999996 7.000484433951211 -19.53305813044122
v -5.979999999999996 7.037463956090913 -19.63873953302184
v -5.979999999999996 1.7 -19.249999999999996
v -5.979999999999996 1.7 -18.599999999999998
v -5.979999999999996 7.199999999999997 -18.599999999999998
v -5.979999999999996 7.7 -19.1
v -5.979999999999996 7.687463956090913 -18.988739533021842
v -5.979999999999996 7.6504844339512115 -18.88305813044122
v -5.979999999999996 7.590915741234017 -18.788255099070632
v -5.979999999999996 7.511744900929369 -18.709084258765984
v -5.979999999999996 7.416941869558781 -18.649515566048787
v -5.979999999999996 7.311260466978158 -18.612536043909085
v -5.3299999999999965 6.549999999999995 -19.249999999999996
v -5.3299999999999965 6.661260466978158 -19.262536043909083
v -5.3299999999999965 6.76694186955878 -19.299515566048786
v -5.3299999999999965 6.861744900929368 -19.359084258765982
v -5.3299999999999965 6.940915741234017 -19.43825509907063
v -5.3299999999999965 7.000484433951211 -19.53305813044122
v -5.3299999999999965 7.037463956090913 -19.63873953302184
v -5.3299999999999965 7.049999999999999 -19.75
v -5.3299999999999965 1.7000000000000002 -19.249999999999996
v -5.3299999999999965 1.7 -18.599999999999998
v -5.3299999999999965 7.199999999999997 -18.599999999999998
v -5.3299999999999965 7.7 -19.1
v -5.3299999999999965 7.687463956090913 -18.988739533021842
v -5.3299999999999965 7.6504844339512115 -18.88305813044122
v -5.3299999999999965 7.590915741234017 -18.788255099070632
v -5.3299999999999965 7.511744900929369 -18.709084258765984
v -5.3299999999999965 7.416941869558781 -18.649515566048787
v -5.3299999999999965 7.311260466978158 -18.612536043909085
v -5.3299999999999965 7.7 -25
v -5.3299999999999965 7.05 -25
v -5.3299999999999965 4.599999999999996 -21.2
v -5.3299999999999965 1.7 -21.2
v -5.979999999999996 4.599999999999996 -21.2
v -5.979999999999996 1.7 -21.2
v -5.3299999999999965 5.1000000000000005 -21.700000000000003
v -5.3299999999999965 5.087463956090913 -21.588739533021844
v -5.3299999999999965 5.050484433951211 -21.483058130441222
v -5.3299999999999965 4.990915741234017 -21.388255099070633
v -5.3299999999999965 4.911744900929368 -21.309084258765985
v -5.3299999999999965 4.8169418695587805 -21.24951556604879
v -5.3299999999999965 4.711260466978158 -21.212536043909086
v -5.3299999999999965 4.599999999999996 -21.2
v -5.979999999999996 5.1000000000000005 -21.700000000000003
v -5.979999999999996 5.087463956090913 -21.588739533021844
v -5.979999999999996 5.050484433951211 -21.483058130441222
v -5.979999999999996 4.990915741234017 -21.388255099070633
v -5.979999999999996 4.911744900929368 -21.309084258765985
v -5.979999999999996 4.8169418695587805 -21.24951556604879
v -5.979999999999996 4.711260466978158 -21.212536043909086
v -5.979999999999996 4.599999999999996 -21.2
v -5.979999999999996 5.1000000000000005 -25
v -5.3299999999999965 5.1000000000000005 -25
v -5.979999999999996 5.1000000000000005 -21.700000000000003
v -5.3299999999999965 5.1000000000000005 -21.700000000000003
v -5.3299999999999965 4.4499999999999975 -25
v -5.979999999999996 4.449999999999995 -25
v -5.3299999999999965 4.449999999999994 -22.35
v -5.979999999999996 4.449999999999994 -22.35
v -5.979999999999996 4.449999999999994 -22.35
v -5.3299999999999965 4.449999999999994 -22.35
v -5.979999999999996 3.94999999999999 -21.849999999999998
v -5.979999999999996 4.061260466978151 -21.862536043909085
v -5.979999999999996 4.166941869558774 -21.899515566048787
v -5.979999999999996 4.2617449009293615 -21.959084258765984
v -5.979999999999996 4.34091574123401 -22.038255099070632
v -5.979999999999996 4.400484433951204 -22.13305813044122
v -5.979999999999996 4.437463956090906 -22.238739533021842
v -5.3299999999999965 3.94999999999999 -21.849999999999998
v -5.3299999999999965 4.061260466978151 -21.862536043909085
v -5.3299999999999965 4.166941869558774 -21.899515566048787
v -5.3299999999999965 4.2617449009293615 -21.959084258765984
v -5.3299999999999965 4.34091574123401 -22.038255099070632
v -5.3299999999999965 4.400484433951204 -22.13305813044122
v -5.3299999999999965 4.437463956090906 -22.238739533021842
v -5.3299999999999965 1.7000000000000002 -21.849999999999998
v -5.3299999999999965 3.94999999999999 -21.849999999999998
v -5.979999999999996 1.7 -21.849999999999998
v -5.979999999999996 3.94999999999999 -21.849999999999998
v -5.979999999999996 4.449999999999995 -25
v -5.979999999999996 5.1000000000000005 -25
v -5.979999999999996 4.449999999999994 -22.35
v -5.979999999999996 3.94999999999999 -21.849999999999998
v -5.979999999999996 4.061260466978151 -21.862536043909085
v -5.979999999999996 4.166941869558774 -21.899515566048787
v -5.979999999999996 4.2617449009293615 -21.959084258765984
v -5.979999999999996 4.34091574123401 -22.038255099070632
v -5.979999999999996 4.400484433951204 -22.13305813044122
v -5.979999999999996 4.437463956090906 -22.238739533021842
v -5.979999999999996 1.7 -21.849999999999998
v -5.979999999999996 1.7 -21.2
v -5.979999999999996 4.599999999999996 -21.2
v -5.979999999999996 5.1000000000000005 -21.700000000000003
v -5.979999999999996 5.087463956090913 -21.588739533021844
v -5.979999999999996 5.050484433951211 -21.483058130441222
v -5.979999999999996 4.990915741234017 -21.388255099070633
v -5.979999999999996 4.911744900929368 -21.309084258765985
v -5.979999999999996 4.8169418695587805 -21.24951556604879
v -5.979999999999996 4.711260466978158 -21.212536043909086
v -5.3299999999999965 3.94999999999999 -21.849999999999998
v -5.3299999999999965 4.061260466978151 -21.862536043909085
v -5.3299999999999965 4.166941869558774 -21.899515566048787
v -5.3299999999999965 4.2617449009293615 -21.959084258765984
v -5.3299999999999965 4.34091574123401 -22.038255099070632
v -5.3299999999999965 4.400484433951204 -22.13305813044122
v -5.3299999999999965 4.437463956090906 -22.238739533021842
v -5.3299999999999965 4.449999999999994 -22.35
v -5.3299999999999965 1.7000000000000002 -21.849999999999998
v -5.3299999999999965 1.7 -21.2
v -5.3299999999999965 4.599999999999996 -21.2
v -5.3299999999999965 5.1000000000000005 -21.700000000000003
v -5.3299999999999965 5.087463956090913 -21.588739533021844
v -5.3299999999999965 5.050484433951211 -21.483058130441222
v -5.3299999999999965 4.990915741234017 -21.388255099070633
v -5.3299999999999965 4.911744900929368 -21.309084258765985
v -5.3299999999999965 4.8169418695587805 -21.24951556604879
v -5.3299999999999965 4.711260466978158 -21.212536043909086
v -5.3299999999999965 5.1000000000000005 -25
v -5.3299999999999965 4.4499999999999975 -25
v -5.3299999999999965 1.9999999999999971 -23.8
v -5.3299999999999965 1.7 -23.8
v -5.979999999999996 1.9999999999999971 -23.8
v -5.979999999999996 1.7 -23.8
v -5.3299999999999965 2.5000000000000004 -24.300000000000004
v -5.3299999999999965 2.4874639560909135 -24.188739533021845
v -5.3299999999999965 2.4504844339512117 -24.083058130441223
v -5.3299999999999965 2.390915741234017 -23.988255099070635
v -5.3299999999999965 2.311744900929369 -23.909084258765986
v -5.3299999999999965 2.216941869558781 -23.84951556604879
v -5.3299999999999965 2.111260466978159 -23.812536043909088
v -5.3299999999999965 1.9999999999999971 -23.8
v -5.979999999999996 2.5000000000000004 -24.300000000000004
v -5.979999999999996 2.4874639560909135 -24.188739533021845
v -5.979999999999996 2.4504844339512117 -24.083058130441223
v -5.979999999999996 2.390915741234017 -23.988255099070635
v -5.979999999999996 2.311744900929369 -23.909084258765986
v -5.979999999999996 2.216941869558781 -23.84951556604879
v -5.979999999999996 2.111260466978159 -23.812536043909088
v -5.979999999999996 1.9999999999999971 -23.8
v -5.979999999999996 2.5000000000000004 -25
v -5.3299999999999965 2.5000000000000004 -25
v -5.979999999999996 2.5000000000000004 -24.300000000000004
v -5.3299999999999965 2.5000000000000004 -24.300000000000004
v -5.3299999999999965 1.850000000000001 -25
v -5.979999999999996 1.850000000000001 -25
v -5.3299999999999965 1.850000000000001 -24.45
v -5.979999999999996 1.850000000000001 -24.45
v -5.3299999999999965 1.7 -24.45
v -5.3299999999999965 1.850000000000001 -24.45
v -5.979999999999996 1.7 -24.45
v -5.979999999999996 1.850000000000001 -24.45
v -5.979999999999996 1.850000000000001 -25
v -5.979999999999996 2.5000000000000004 -25
v -5.979999999999996 1.850000000000001 -24.45
v -5.979999999999996 1.7 -24.45
v -5.979999999999996 1.7 -23.8
v -5.979999999999996 1.9999999999999971 -23.8
v -5.979999999999996 2.5000000000000004 -24.300000000000004
v -5.979999999999996 2.4874639560909135 -24.188739533021845
v -5.979999999999996 2.4504844339512117 -24.083058130441223
v -5.979999999999996 2.390915741234017 -23.988255099070635
v -5.979999999999996 2.311744900929369 -23.909084258765986
v -5.979999999999996 2.216941869558781 -23.84951556604879
v -5.979999999999996 2.111260466978159 -23.812536043909088
v -5.3299999999999965 1.7 -24.45
v -5.3299999999999965 1.850000000000001 -24.45
v -5.3299999999999965 1.7 -23.8
v -5.3299999999999965 1.9999999999999971 -23.8
v -5.3299999999999965 2.5000000000000004 -24.300000000000004
v -5.3299999999999965 2.4874639560909135 -24.188739533021845
v -5.3299999999999965 2.4504844339512117 -24.083058130441223
v -5.3299999999999965 2.390915741234017 -23.988255099070635
v -5.3299999999999965 2.311744900929369 -23.909084258765986
v -5.3299999999999965 2.216941869558781 -23.84951556604879
v -5.3299999999999965 2.111260466978159 -23.812536043909088
v -5.3299999999999965 2.5000000000000004 -25
v -5.3299999999999965 1.850000000000001 -25
v -7.859999999999996 7.199999999999997 -18.599999999999998
v -7.859999999999996 1.7 -18.599999999999998
v -8.509999999999994 7.199999999999997 -18.599999999999998
v -8.509999999999994 1.7 -18.599999999999998
v -7.859999999999996 7.7 -19.1
v -7.859999999999996 7.687463956090913 -18.988739533021842
v -7.859999999999996 7.6504844339512115 -18.88305813044122
v -7.859999999999996 7.590915741234017 -18.788255099070632
v -7.859999999999996 7.511744900929369 -18.709084258765984
v -7.859999999999996 7.416941869558781 -18.649515566048787
v -7.859999999999996 7.311260466978158 -18.612536043909085
v -7.859999999999996 7.199999999999997 -18.599999999999998
v -8.509999999999994 7.7 -19.1
v -8.509999999999994 7.687463956090913 -18.988739533021842
v -8.509999999999994 7.6504844339512115 -18.88305813044122
v -8.509999999999994 7.590915741234017 -18.788255099070632
v -8.509999999999994 7.511744900929369 -18.709084258765984
v -8.509999999999994 7.416941869558781 -18.649515566048787
v -8.509999999999994 7.311260466978158 -18.612536043909085
v -8.509999999999994 7.199999999999997 -18.599999999999998
v -8.509999999999994 7.7 -25
v -7.859999999999996 7.7 -25
v -8.509999999999994 7.7 -19.1
v -7.859999999999996 7.7 -19.1
v -7.859999999999996 7.05 -25
v -8.509999999999994 7.05 -25
v -7.859999999999996 7.049999999999999 -19.75
v -8.509999999999994 7.049999999999999 -19.75
v -8.509999999999994 7.049999999999999 -19.75
v -7.859999999999996 7.049999999999999 -19.75
v -8.509999999999994 6.549999999999995 -19.249999999999996
v -8.509999999999994 6.661260466978158 -19.262536043909083
v -8.509999999999994 6.76694186955878 -19.299515566048786
v -8.509999999999994 6.861744900929368 -19.359084258765982
v -8.509999999999994 6.940915741234017 -19.43825509907063
v -8.509999999999994 7.000484433951211 -19.53305813044122
v -8.509999999999994 7.037463956090913 -19.63873953302184
v -7.859999999999996 6.549999999999995 -19.249999999999996
v -7.859999999999996 6.661260466978158 -19.262536043909083
v -7.859999999999996 6.76694186955878 -19.299515566048786
v -7.859999999999996 6.861744900929368 -19.359084258765982
v -7.859999999999996 6.940915741234017 -19.43825509907063
v -7.859999999999996 7.000484433951211 -19.53305813044122
v -7.859999999999996 7.037463956090913 -19.63873953302184
v -7.859999999999996 1.7000000000000002 -19.249999999999996
v -7.859999999999996 6.549999999999995 -19.249999999999996
v -8.509999999999994 1.7 -19.249999999999996
v -8.509999999999994 6.549999999999995 -19.249999999999996
v -8.509999999999994 7.05 -25
v -8.509999999999994 7.7 -25
v -8.509999999999994 7.049999999999999 -19.75
v -8.509999999999994 6.549999999999995 -19.249999999999996
v -8.509999999999994 6.661260466978158 -19.262536043909083
v -8.509999999999994 6.76694186955878 -19.299515566048786
v -8.509999999999994 6.861744900929368 -19.359084258765982
v -8.509999999999994 6.940915741234017 -19.43825509907063
v -8.509999999999994 7.000484433951211 -19.53305813044122
v -8.509999999999994 7.037463956090913 -19.63873953302184
v -8.509999999999994 1.7 -19.249999999999996
v -8.509999999999994 1.7 -18.599999999999998
v -8.509999999999994 7.199999999999997 -18.599999999999998
v -8.509999999999994 7.7 -19.1
v -8.509999999999994 7.687463956090913 -18.988739533021842
v -8.509999999999994 7.6504844339512115 -18.88305813044122
v -8.509999999999994 7.590915741234017 -18.788255099070632
v -8.509999999999994 7.511744900929369 -18.709084258765984
v -8.509999999999994 7.416941869558781 -18.649515566048787
v -8.509999999999994 7.311260466978158 -18.612536043909085
v -7.859999999999996 6.549999999999995 -19.249999999999996
v -7.859999999999996 6.661260466978158 -19.262536043909083
v -7.859999999999996 6.76694186955878 -19.299515566048786
v -7.859999999999996 6.861744900929368 -19.359084258765982
v -7.859999999999996 6.940915741234017 -19.43825509907063
v -7.859999999999996 7.000484433951211 -19.53305813044122
v -7.859999999999996 7.037463956090913 -19.63873953302184
v -7.859999999999996 7.049999999999999 -19.75
v -7.859999999999996 1.7000000000000002 -19.249999999999996
v -7.859999999999996 1.7 -18.599999999999998
v -7.859999999999996 7.199999999999997 -18.599999999999998
v -7.859999999999996 7.7 -19.1
v -7.859999999999996 7.687463956090913 -18.988739533021842
v -7.859999999999996 7.6504844339512115 -18.88305813044122
v -7.859999999999996 7.590915741234017 -18.788255099070632
v -7.859999999999996 7.511744900929369 -18.709084258765984
v -7.859999999999996 7.416941869558781 -18.649515566048787
v -7.859999999999996 7.311260466978158 -18.612536043909085
v -7.859999999999996 7.7 -25
v -7.859999999999996 7.05 -25
v -7.859999999999996 4.599999999999996 -21.2
v -7.859999999999996 1.7 -21.2
v -8.509999999999994 4.599999999999996 -21.2
v -8.509999999999994 1.7 -21.2
v -7.859999999999996 5.1000000000000005 -21.700000000000003
v -7.859999999999996 5.087463956090913 -21.588739533021844
v -7.859999999999996 5.050484433951211 -21.483058130441222
v -7.859999999999996 4.990915741234017 -21.388255099070633
v -7.859999999999996 4.911744900929368 -21.309084258765985
v -7.859999999999996 4.8169418695587805 -21.24951556604879
v -7.859999999999996 4.711260466978158 -21.212536043909086
v -7.859999999999996 4.599999999999996 -21.2
v -8.509999999999994 5.1000000000000005 -21.700000000000003
v -8.509999999999994 5.087463956090913 -21.588739533021844
v -8.509999999999994 5.050484433951211 -21.483058130441222
v -8.509999999999994 4.990915741234017 -21.388255099070633
v -8.509999999999994 4.911744900929368 -21.309084258765985
v -8.509999999999994 4.8169418695587805 -21.24951556604879
v -8.509999999999994 4.711260466978158 -21.212536043909086
v -8.509999999999994 4.599999999999996 -21.2
v -8.509999999999994 5.1000000000000005 -25
v -7.859999999999996 5.1000000000000005 -25
v -8.509999999999994 5.1000000000000005 -21.700000000000003
v -7.859999999999996 5.1000000000000005 -21.700000000000003
v -7.859999999999996 4.4499999999999975 -25
v -8.509999999999994 4.449999999999995 -25
v -7.859999999999996 4.449999999999994 -22.35
v -8.509999999999994 4.449999999999994 -22.35
v -8.509999999999994 4.449999999999994 -22.35
v -7.859999999999996 4.449999999999994 -22.35
v -8.509999999999994 3.94999999999999 -21.849999999999998
v -8.509999999999994 4.061260466978151 -21.862536043909085
v -8.509999999999994 4.166941869558774 -21.899515566048787
v -8.509999999999994 4.2617449009293615 -21.959084258765984
v -8.509999999999994 4.34091574123401 -22.038255099070632
v -8.509999999999994 4.400484433951204 -22.13305813044122
v -8.509999999999994 4.437463956090906 -22.238739533021842
v -7.859999999999996 3.94999999999999 -21.849999999999998
v -7.859999999999996 4.061260466978151 -21.862536043909085
v -7.859999999999996 4.166941869558774 -21.899515566048787
v -7.859999999999996 4.2617449009293615 -21.959084258765984
v -7.859999999999996 4.34091574123401 -22.038255099070632
v -7.859999999999996 4.400484433951204 -22.13305813044122
v -7.859999999999996 4.437463956090906 -22.238739533021842
v -7.859999999999996 1.7000000000000002 -21.849999999999998
v -7.859999999999996 3.94999999999999 -21.849999999999998
v -8.509999999999994 1.7 -21.849999999999998
v -8.509999999999994 3.94999999999999 -21.849999999999998
v -8.509999999999994 4.449999999999995 -25
v -8.509999999999994 5.1000000000000005 -25
v -8.509999999999994 4.449999999999994 -22.35
v -8.509999999999994 3.94999999999999 -21.849999999999998
v -8.509999999999994 4.061260466978151 -21.862536043909085
v -8.509999999999994 4.166941869558774 -21.899515566048787
v -8.509999999999994 4.2617449009293615 -21.959084258765984
v -8.509999999999994 4.34091574123401 -22.038255099070632
v -8.509999999999994 4.400484433951204 -22.13305813044122
v -8.509999999999994 4.437463956090906 -22.238739533021842
v -8.509999999999994 1.7 -21.849999999999998
v -8.509999999999994 1.7 -21.2
v -8.509999999999994 4.599999999999996 -21.2
v -8.509999999999994 5.1000000000000005 -21.700000000000003
v -8.509999999999994 5.087463956090913 -21.588739533021844
v -8.509999999999994 5.050484433951211 -21.483058130441222
v -8.509999999999994 4.990915741234017 -21.388255099070633
v -8.509999999999994 4.911744900929368 -21.309084258765985
v -8.509999999999994 4.8169418695587805 -21.24951556604879
v -8.509999999999994 4.711260466978158 -21.212536043909086
v -7.859999999999996 3.94999999999999 -21.849999999999998
v -7.859999999999996 4.061260466978151 -21.862536043909085
v -7.859999999999996 4.166941869558774 -21.899515566048787
v -7.859999999999996 4.2617449009293615 -21.959084258765984
v -7.859999999999996 4.34091574123401 -22.038255099070632
v -7.859999999999996 4.400484433951204 -22.13305813044122
v -7.859999999999996 4.437463956090906 -22.238739533021842
v -7.859999999999996 4.449999999999994 -22.35
v -7.859999999999996 1.7000000000000002 -21.849999999999998
v -7.859999999999996 1.7 -21.2
v -7.859999999999996 4.599999999999996 -21.2
v -7.859999999999996 5.1000000000000005 -21.700000000000003
v -7.859999999999996 5.087463956090913 -21.588739533021844
v -7.859999999999996 5.050484433951211 -21.483058130441222
v -7.859999999999996 4.990915741234017 -21.388255099070633
v -7.859999999999996 4.911744900929368 -21.309084258765985
v -7.859999999999996 4.8169418695587805 -21.24951556604879
v -7.859999999999996 4.711260466978158 -21.212536043909086
v -7.859999999999996 5.1000000000000005 -25
v -7.859999999999996 4.4499999999999975 -25
v -7.859999999999996 1.9999999999999971 -23.8
v -7.859999999999996 1.7 -23.8
v -8.509999999999994 1.9999999999999971 -23.8
v -8.509999999999994 1.7 -23.8
v -7.859999999999996 2.5000000000000004 -24.300000000000004
v -7.859999999999996 2.4874639560909135 -24.188739533021845
v -7.859999999999996 2.4504844339512117 -24.083058130441223
v -7.859999999999996 2.390915741234017 -23.988255099070635
v -7.859999999999996 2.311744900929369 -23.909084258765986
v -7.859999999999996 2.216941869558781 -23.84951556604879
v -7.859999999999996 2.111260466978159 -23.812536043909088
v -7.859999999999996 1.9999999999999971 -23.8
v -8.509999999999994 2.5000000000000004 -24.300000000000004
v -8.509999999999994 2.4874639560909135 -24.188739533021845
v -8.509999999999994 2.4504844339512117 -24.083058130441223
v -8.509999999999994 2.390915741234017 -23.988255099070635
v -8.509999999999994 2.311744900929369 -23.909084258765986
v -8.509999999999994 2.216941869558781 -23.84951556604879
v -8.509999999999994 2.111260466978159 -23.812536043909088
v -8.509999999999994 1.9999999999999971 -23.8
v -8.509999999999994 2.5000000000000004 -25
v -7.859999999999996 2.5000000000000004 -25
v -8.509999999999994 2.5000000000000004 -24.300000000000004
v -7.859999999999996 2.5000000000000004 -24.300000000000004
v -7.859999999999996 1.850000000000001 -25
v -8.509999999999994 1.850000000000001 -25
v -7.859999999999996 1.850000000000001 -24.45
v -8.509999999999994 1.850000000000001 -24.45
v -7.859999999999996 1.7 -24.45
v -7.859999999999996 1.850000000000001 -24.45
v -8.509999999999994 1.7 -24.45
v -8.509999999999994 1.850000000000001 -24.45
v -8.509999999999994 1.850000000000001 -25
v -8.509999999999994 2.5000000000000004 -25
v -8.509999999999994 1.850000000000001 -24.45
v -8.509999999999994 1.7 -24.45
v -8.509999999999994 1.7 -23.8
v -8.509999999999994 1.9999999999999971 -23.8
v -8.509999999999994 2.5000000000000004 -24.300000000000004
v -8.509999999999994 2.4874639560909135 -24.188739533021845
v -8.509999999999994 2.4504844339512117 -24.083058130441223
v -8.509999999999994 2.390915741234017 -23.988255099070635
v -8.509999999999994 2.311744900929369 -23.909084258765986
v -8.509999999999994 2.216941869558781 -23.84951556604879
v -8.509999999999994 2.111260466978159 -23.812536043909088
v -7.859999999999996 1.7 -24.45
v -7.859999999999996 1.850000000000001 -24.45
v -7.859999999999996 1.7 -23.8
v -7.859999999999996 1.9999999999999971 -23.8
v -7.859999999999996 2.5000000000000004 -24.300000000000004
v -7.859999999999996 2.4874639560909135 -24.188739533021845
v -7.859999999999996 2.4504844339512117 -24.083058130441223
v -7.859999999999996 2.390915741234017 -23.988255099070635
v -7.859999999999996 2.311744900929369 -23.909084258765986
v -7.859999999999996 2.216941869558781 -23.84951556604879
v -7.859999999999996 2.111260466978159 -23.812536043909088
v -7.859999999999996 2.5000000000000004 -25
v -7.859999999999996 1.850000000000001 -25
v -21.550000000000008 1.5999999999999999 -24.800000000000004
v -21.550000000000008 1.7 -24.800000000000004
v -21.550000000000008 1.5999999999999999 -19.800000000000004
v -21.550000000000008 1.7 -19.800000000000004
v -18.550000000000015 1.5999999999999999 -24.800000000000004
v -18.550000000000015 1.7 -24.800000000000004
v -21.550000000000008 1.5999999999999999 -24.800000000000004
v -21.550000000000008 1.7 -24.800000000000004
v -18.550000000000008 1.5999999999999999 -19.8
v -18.550000000000008 1.7 -19.8
v -18.550000000000015 1.5999999999999999 -24.800000000000004
v -18.550000000000015 1.7 -24.800000000000004
v -21.550000000000008 1.5999999999999999 -19.800000000000004
v -21.550000000000008 1.7 -19.800000000000004
v -18.550000000000008 1.5999999999999999 -19.8
v -18.550000000000008 1.7 -19.8
v -21.550000000000008 1.5999999999999999 -24.800000000000004
v -21.550000000000008 1.5999999999999999 -19.800000000000004
v -18.550000000000008 1.5999999999999999 -19.8
v -18.550000000000015 1.5999999999999999 -24.800000000000004
v -25.550000000000004 1.5999999999999999 -24.800000000000004
v -25.550000000000004 1.7 -24.800000000000004
v -25.550000000000004 1.5999999999999999 -19.800000000000004
v -25.550000000000004 1.7 -19.800000000000004
v -22.55000000000001 1.5999999999999999 -24.800000000000004
v -22.55000000000001 1.7 -24.800000000000004
v -25.550000000000004 1.5999999999999999 -24.800000000000004
v -25.550000000000004 1.7 -24.800000000000004
v -22.550000000000004 1.5999999999999999 -19.8
v -22.550000000000004 1.7 -19.8
v -22.55000000000001 1.5999999999999999 -24.800000000000004
v -22.55000000000001 1.7 -24.800000000000004
v -25.550000000000004 1.5999999999999999 -19.800000000000004
v -25.550000000000004 1.7 -19.800000000000004
v -22.550000000000004 1.5999999999999999 -19.8
v -22.550000000000004 1.7 -19.8
v -25.550000000000004 1.5999999999999999 -24.800000000000004
v -25.550000000000004 1.5999999999999999 -19.800000000000004
v -22.550000000000004 1.5999999999999999 -19.8
v -22.55000000000001 1.5999999999999999 -24.800000000000004
v -29.55 1.5999999999999999 -24.800000000000004
v -29.55 1.7 -24.800000000000004
v -29.55 1.5999999999999999 -19.800000000000004
v -29.55 1.7 -19.800000000000004
v -26.550000000000008 1.5999999999999999 -24.800000000000004
v -26.550000000000008 1.7 -24.800000000000004
v -29.55 1.5999999999999999 -24.800000000000004
v -29.55 1.7 -24.800000000000004
v -26.55 1.5999999999999999 -19.8
v -26.55 1.7 -19.8
v -26.550000000000008 1.5999999999999999 -24.800000000000004
v -26.550000000000008 1.7 -24.800000000000004
v -29.55 1.5999999999999999 -19.800000000000004
v -29.55 1.7 -19.800000000000004
v -26.55 1.5999999999999999 -19.8
v -26.55 1.7 -19.8
v -29.55 1.5999999999999999 -24.800000000000004
v -29.55 1.5999999999999999 -19.800000000000004
v -26.55 1.5999999999999999 -19.8
v -26.550000000000008 1.5999999999999999 -24.800000000000004
v -33.55 1.5999999999999999 -24.800000000000004
v -33.55 1.7 -24.800000000000004
v -33.55 1.5999999999999999 -19.800000000000004
v -33.55 1.7 -19.800000000000004
v -30.550000000000004 1.5999999999999999 -24.800000000000004
v -30.550000000000004 1.7 -24.800000000000004
v -33.55 1.5999999999999999 -24.800000000000004
v -33.55 1.7 -24.800000000000004
v -30.549999999999997 1.5999999999999999 -19.8
v -30.549999999999997 1.7 -19.8
v -30.550000000000004 1.5999999999999999 -24.800000000000004
v -30.550000000000004 1.7 -24.800000000000004
v -33.55 1.5999999999999999 -19.800000000000004
v -33.55 1.7 -19.800000000000004
v -30.549999999999997 1.5999999999999999 -19.8
v -30.549999999999997 1.7 -19.8
v -33.55 1.5999999999999999 -24.800000000000004
v -33.55 1.5999999999999999 -19.800000000000004
v -30.549999999999997 1.5999999999999999 -19.8
v -30.550000000000004 1.5999999999999999 -24.800000000000004
v 25.050000000000004 1.5999999999999999 -24.800000000000004
v 25.050000000000004 1.7 -24.800000000000004
v 25.050000000000004 1.5999999999999999 -19.8
v 25.050000000000004 1.7 -19.8
v 28.05 1.5999999999999999 -24.800000000000004
v 28.05 1.7 -24.800000000000004
v 25.050000000000004 1.5999999999999999 -24.800000000000004
v 25.050000000000004 1.7 -24.800000000000004
v 28.05 1.5999999999999999 -19.8
v 28.05 1.7 -19.8
v 28.05 1.5999999999999999 -24.800000000000004
v 28.05 1.7 -24.800000000000004
v 25.050000000000004 1.5999999999999999 -19.8
v 25.050000000000004 1.7 -19.8
v 28.05 1.5999999999999999 -19.8
v 28.05 1.7 -19.8
v 25.050000000000004 1.5999999999999999 -24.800000000000004
v 25.050000000000004 1.5999999999999999 -19.8
v 28.05 1.5999999999999999 -19.8
v 28.05 1.5999999999999999 -24.800000000000004
v 21.050000000000008 1.5999999999999999 -24.800000000000004
v 21.050000000000008 1.7 -24.800000000000004
v 21.050000000000008 1.5999999999999999 -19.8
v 21.050000000000008 1.7 -19.8
v 24.050000000000004 1.5999999999999999 -24.800000000000004
v 24.050000000000004 1.7 -24.800000000000004
v 21.050000000000008 1.5999999999999999 -24.800000000000004
v 21.050000000000008 1.7 -24.800000000000004
v 24.050000000000004 1.5999999999999999 -19.8
v 24.050000000000004 1.7 -19.8
v 24.050000000000004 1.5999999999999999 -24.800000000000004
v 24.050000000000004 1.7 -24.800000000000004
v 21.050000000000008 1.5999999999999999 -19.8
v 21.050000000000008 1.7 -19.8
v 24.050000000000004 1.5999999999999999 -19.8
v 24.050000000000004 1.7 -19.8
v 21.050000000000008 1.5999999999999999 -24.800000000000004
v 21.050000000000008 1.5999999999999999 -19.8
v 24.050000000000004 1.5999999999999999 -19.8
v 24.050000000000004 1.5999999999999999 -24.800000000000004
v 17.05000000000001 1.5999999999999999 -24.800000000000004
v 17.05000000000001 1.7 -24.800000000000004
v 17.05000000000001 1.5999999999999999 -19.8
v 17.05000000000001 1.7 -19.8
v 20.050000000000008 1.5999999999999999 -24.800000000000004
v 20.050000000000008 1.7 -24.800000000000004
v 17.05000000000001 1.5999999999999999 -24.800000000000004
v 17.05000000000001 1.7 -24.800000000000004
v 20.050000000000008 1.5999999999999999 -19.8
v 20.050000000000008 1.7 -19.8
v 20.050000000000008 1.5999999999999999 -24.800000000000004
v 20.050000000000008 1.7 -24.800000000000004
v 17.05000000000001 1.5999999999999999 -19.8
v 17.05000000000001 1.7 -19.8
v 20.050000000000008 1.5999999999999999 -19.8
v 20.050000000000008 1.7 -19.8
v 17.05000000000001 1.5999999999999999 -24.800000000000004
v 17.05000000000001 1.5999999999999999 -19.8
v 20.050000000000008 1.5999999999999999 -19.8
v 20.050000000000008 1.5999999999999999 -24.800000000000004
v 13.050000000000013 1.5999999999999999 -24.800000000000004
v 13.050000000000013 1.7 -24.800000000000004
v 13.050000000000013 1.5999999999999999 -19.8
v 13.050000000000013 1.7 -19.8
v 16.05000000000001 1.5999999999999999 -24.800000000000004
v 16.05000000000001 1.7 -24.800000000000004
v 13.050000000000013 1.5999999999999999 -24.800000000000004
v 13.050000000000013 1.7 -24.800000000000004
v 16.05000000000001 1.5999999999999999 -19.8
v 16.05000000000001 1.7 -19.8
v 16.05000000000001 1.5999999999999999 -24.800000000000004
v 16.05000000000001 1.7 -24.800000000000004
v 13.050000000000013 1.5999999999999999 -19.8
v 13.050000000000013 1.7 -19.8
v 16.05000000000001 1.5999999999999999 -19.8
v 16.05000000000001 1.7 -19.8
v 13.050000000000013 1.5999999999999999 -24.800000000000004
v 13.050000000000013 1.5999999999999999 -19.8
v 16.05000000000001 1.5999999999999999 -19.8
v 16.05000000000001 1.5999999999999999 -24.800000000000004
v -21.550000000000008 1.7 24.800000000000004
v -21.550000000000008 1.7 19.800000000000004
v -21.550000000000008 1.5999999999999999 24.800000000000004
v -21.550000000000008 1.5999999999999999 19.800000000000004
v -21.550000000000008 1.7 19.800000000000004
v -18.550000000000008 1.7 19.8
v -21.550000000000008 1.5999999999999999 19.800000000000004
v -18.550000000000008 1.5999999999999999 19.8
v -18.550000000000008 1.7 19.8
v -18.550000000000015 1.7 24.800000000000004
v -18.550000000000008 1.5999999999999999 19.8
v -18.550000000000015 1.5999999999999999 24.800000000000004
v -18.550000000000015 1.7 24.800000000000004
v -21.550000000000008 1.7 24.800000000000004
v -18.550000000000015 1.5999999999999999 24.800000000000004
v -21.550000000000008 1.5999999999999999 24.800000000000004
v -21.550000000000008 1.5999999999999999 24.800000000000004
v -21.550000000000008 1.5999999999999999 19.800000000000004
v -18.550000000000015 1.5999999999999999 24.800000000000004
v -18.550000000000008 1.5999999999999999 19.8
v -25.550000000000004 1.7 24.800000000000004
v -25.550000000000004 1.7 19.800000000000004
v -25.550000000000004 1.5999999999999999 24.800000000000004
v -25.550000000000004 1.5999999999999999 19.800000000000004
v -25.550000000000004 1.7 19.800000000000004
v -22.550000000000004 1.7 19.8
v -25.550000000000004 1.5999999999999999 19.800000000000004
v -22.550000000000004 1.5999999999999999 19.8
v -22.550000000000004 1.7 19.8
v -22.55000000000001 1.7 24.800000000000004
v -22.550000000000004 1.5999999999999999 19.8
v -22.55000000000001 1.5999999999999999 24.800000000000004
v -22.55000000000001 1.7 24.800000000000004
v -25.550000000000004 1.7 24.800000000000004
v -22.55000000000001 1.5999999999999999 24.800000000000004
v -25.550000000000004 1.5999999999999999 24.800000000000004
v -25.550000000000004 1.5999999999999999 24.800000000000004
v -25.550000000000004 1.5999999999999999 19.800000000000004
v -22.55000000000001 1.5999999999999999 24.800000000000004
v -22.550000000000004 1.5999999999999999 19.8
v -29.55 1.7 24.800000000000004
v -29.55 1.7 19.800000000000004
v -29.55 1.5999999999999999 24.800000000000004
v -29.55 1.5999999999999999 19.800000000000004
v -29.55 1.7 19.800000000000004
v -26.55 1.7 19.8
v -29.55 1.5999999999999999 19.800000000000004
v -26.55 1.5999999999999999 19.8
v -26.55 1.7 19.8
v -26.550000000000008 1.7 24.800000000000004
v -26.55 1.5999999999999999 19.8
v -26.550000000000008 1.5999999999999999 24.800000000000004
v -26.550000000000008 1.7 24.800000000000004
v -29.55 1.7 24.800000000000004
v -26.550000000000008 1.5999999999999999 24.800000000000004
v -29.55 1.5999999999999999 24.800000000000004
v -29.55 1.5999999999999999 24.800000000000004
v -29.55 1.5999999999999999 19.800000000000004
v -26.550000000000008 1.5999999999999999 24.800000000000004
v -26.55 1.5999999999999999 19.8
v -33.55 1.7 24.800000000000004
v -33.55 1.7 19.800000000000004
v -33.55 1.5999999999999999 24.800000000000004
v -33.55 1.5999999999999999 19.800000000000004
v -33.55 1.7 19.800000000000004
v -30.549999999999997 1.7 19.8
v -33.55 1.5999999999999999 19.800000000000004
v -30.549999999999997 1.5999999999999999 19.8
v -30.549999999999997 1.7 19.8
v -30.550000000000004 1.7 24.800000000000004
v -30.549999999999997 1.5999999999999999 19.8
v -30.550000000000004 1.5999999999999999 24.800000000000004
v -30.550000000000004 1.7 24.800000000000004
v -33.55 1.7 24.800000000000004
v -30.550000000000004 1.5999999999999999 24.800000000000004
v -33.55 1.5999999999999999 24.800000000000004
v -33.55 1.5999999999999999 24.800000000000004
v -33.55 1.5999999999999999 19.800000000000004
v -30.550000000000004 1.5999999999999999 24.800000000000004
v -30.549999999999997 1.5999999999999999 19.8
v 25.050000000000004 1.7 24.800000000000004
v 25.050000000000004 1.7 19.8
v 25.050000000000004 1.5999999999999999 24.800000000000004
v 25.050000000000004 1.5999999999999999 19.8
v 25.050000000000004 1.7 19.8
v 28.05 1.7 19.8
v 25.050000000000004 1.5999999999999999 19.8
v 28.05 1.5999999999999999 19.8
v 28.05 1.7 19.8
v 28.05 1.7 24.800000000000004
v 28.05 1.5999999999999999 19.8
v 28.05 1.5999999999999999 24.800000000000004
v 28.05 1.7 24.800000000000004
v 25.050000000000004 1.7 24.800000000000004
v 28.05 1.5999999999999999 24.800000000000004
v 25.050000000000004 1.5999999999999999 24.800000000000004
v 25.050000000000004 1.5999999999999999 24.800000000000004
v 25.050000000000004 1.5999999999999999 19.8
v 28.05 1.5999999999999999 24.800000000000004
v 28.05 1.5999999999999999 19.8
v 21.050000000000008 1.7 24.800000000000004
v 21.050000000000008 1.7 19.8
v 21.050000000000008 1.5999999999999999 24.800000000000004
v 21.050000000000008 1.5999999999999999 19.8
v 21.050000000000008 1.7 19.8
v 24.050000000000004 1.7 19.8
v 21.050000000000008 1.5999999999999999 19.8
v 24.050000000000004 1.5999999999999999 19.8
v 24.050000000000004 1.7 19.8
v 24.050000000000004 1.7 24.800000000000004
v 24.050000000000004 1.5999999999999999 19.8
v 24.050000000000004 1.5999999999999999 24.800000000000004
v 24.050000000000004 1.7 24.800000000000004
v 21.050000000000008 1.7 24.800000000000004
v 24.050000000000004 1.5999999999999999 24.800000000000004
v 21.050000000000008 1.5999999999999999 24.800000000000004
v 21.050000000000008 1.5999999999999999 24.800000000000004
v 21.050000000000008 1.5999999999999999 19.8
v 24.050000000000004 1.5999999999999999 24.800000000000004
v 24.050000000000004 1.5999999999999999 19.8
v 17.05000000000001 1.7 24.800000000000004
v 17.05000000000001 1.7 19.8
v 17.05000000000001 1.5999999999999999 24.800000000000004
v 17.05000000000001 1.5999999999999999 19.8
v 17.05000000000001 1.7 19.8
v 20.050000000000008 1.7 19.8
v 17.05000000000001 1.5999999999999999 19.8
v 20.050000000000008 1.5999999999999999 19.8
v 20.050000000000008 1.7 19.8
v 20.050000000000008 1.7 24.800000000000004
v 20.050000000000008 1.5999999999999999 19.8
v 20.050000000000008 1.5999999999999999 24.800000000000004
v 20.050000000000008 1.7 24.800000000000004
v 17.05000000000001 1.7 24.800000000000004
v 20.050000000000008 1.5999999999999999 24.800000000000004
v 17.05000000000001 1.5999999999999999 24.800000000000004
v 17.05000000000001 1.5999999999999999 24.800000000000004
v 17.05000000000001 1.5999999999999999 19.8
v 20.050000000000008 1.5999999999999999 24.800000000000004
v 20.050000000000008 1.5999999999999999 19.8
v 13.050000000000013 1.7 24.800000000000004
v 13.050000000000013 1.7 19.8
v 13.050000000000013 1.5999999999999999 24.800000000000004
v 13.050000000000013 1.5999999999999999 19.8
v 13.050000000000013 1.7 19.8
v 16.05000000000001 1.7 19.8
v 13.050000000000013 1.5999999999999999 19.8
v 16.05000000000001 1.5999999999999999 19.8
v 16.05000000000001 1.7 19.8
v 16.05000000000001 1.7 24.800000000000004
v 16.05000000000001 1.5999999999999999 19.8
v 16.05000000000001 1.5999999999999999 24.800000000000004
v 16.05000000000001 1.7 24.800000000000004
v 13.050000000000013 1.7 24.800000000000004
v 16.05000000000001 1.5999999999999999 24.800000000000004
v 13.050000000000013 1.5999999999999999 24.800000000000004
v 13.050000000000013 1.5999999999999999 24.800000000000004
v 13.050000000000013 1.5999999999999999 19.8
v 16.05000000000001 1.5999999999999999 24.800000000000004
v 16.05000000000001 1.5999999999999999 19.8
v 7.950000000000002 1.7000000000000002 23.349999999999998
v 7.950000000000002 2.5000000000000013 23.349999999999998
v 7.3000000000000025 1.7000000000000002 23.349999999999998
v 7.3000000000000025 2.5000000000000013 23.349999999999998
v 7.950000000000002 1.849999999999999 24
v 7.950000000000002 1.7 24
v 7.3000000000000025 1.849999999999999 24
v 7.3000000000000025 1.7 24
v 7.950000000000002 1.7 18.15
v 7.950000000000002 7.7 18.15
v 7.3000000000000025 1.7 18.15
v 7.3000000000000025 7.7 18.15
v 7.950000000000002 7.049999999999998 18.800000000000004
v 7.950000000000002 1.7 18.800000000000004
v 7.3000000000000025 7.049999999999998 18.800000000000004
v 7.3000000000000025 1.6999999999999997 18.800000000000004
v 7.950000000000002 1.7000000000000002 20.75
v 7.950000000000002 5.100000000000004 20.75
v 7.3000000000000025 1.7000000000000002 20.75
v 7.3000000000000025 5.100000000000004 20.75
v 7.950000000000002 4.4499999999999975 21.4
v 7.950000000000002 1.7 21.4
v 7.3000000000000025 4.4499999999999975 21.4
v 7.3000000000000025 1.7 21.4
v 5.420000000000002 1.7000000000000002 23.349999999999998
v 5.420000000000002 2.5000000000000013 23.349999999999998
v 4.770000000000001 1.7000000000000002 23.349999999999998
v 4.770000000000001 2.5000000000000013 23.349999999999998
v 5.420000000000002 1.849999999999999 24
v 5.420000000000002 1.7 24
v 4.770000000000001 1.849999999999999 24
v 4.770000000000001 1.7 24
v 5.420000000000002 1.7 18.15
v 5.420000000000002 7.7 18.15
v 4.770000000000001 1.7 18.15
v 4.770000000000001 7.7 18.15
v 5.420000000000002 7.049999999999998 18.800000000000004
v 5.420000000000002 1.7 18.800000000000004
v 4.770000000000001 7.049999999999998 18.800000000000004
v 4.770000000000001 1.6999999999999997 18.800000000000004
v 5.420000000000002 1.7000000000000002 20.75
v 5.420000000000002 5.100000000000004 20.75
v 4.770000000000001 1.7000000000000002 20.75
v 4.770000000000001 5.100000000000004 20.75
v 5.420000000000002 4.4499999999999975 21.4
v 5.420000000000002 1.7 21.4
v 4.770000000000001 4.4499999999999975 21.4
v 4.770000000000001 1.7 21.4
v 2.890000000000002 1.7000000000000002 23.349999999999998
v 2.890000000000002 2.5000000000000013 23.349999999999998
v 2.240000000000002 1.7000000000000002 23.349999999999998
v 2.240000000000002 2.5000000000000013 23.349999999999998
v 2.890000000000002 1.849999999999999 24
v 2.890000000000002 1.7 24
v 2.240000000000002 1.849999999999999 24
v 2.240000000000002 1.7 24
v 2.890000000000002 1.7 18.15
v 2.890000000000002 7.7 18.15
v 2.240000000000002 1.7 18.15
v 2.240000000000002 7.7 18.15
v 2.890000000000002 7.049999999999998 18.800000000000004
v 2.890000000000002 1.7 18.800000000000004
v 2.240000000000002 7.049999999999998 18.800000000000004
v 2.240000000000002 1.6999999999999997 18.800000000000004
v 2.890000000000002 1.7000000000000002 20.75
v 2.890000000000002 5.100000000000004 20.75
v 2.240000000000002 1.7000000000000002 20.75
v 2.240000000000002 5.100000000000004 20.75
v 2.890000000000002 4.4499999999999975 21.4
v 2.890000000000002 1.7 21.4
v 2.240000000000002 4.4499999999999975 21.4
v 2.240000000000002 1.7 21.4
v 0.3600000000000018 1.7000000000000002 23.349999999999998
v 0.3600000000000018 2.5000000000000013 23.349999999999998
v -0.28999999999999815 1.7000000000000002 23.349999999999998
v -0.28999999999999815 2.5000000000000013 23.349999999999998
v 0.3600000000000018 1.849999999999999 24
v 0.3600000000000018 1.7 24
v -0.28999999999999815 1.849999999999999 24
v -0.28999999999999815 1.7 24
v 0.3600000000000018 1.7 18.15
v 0.3600000000000018 7.7 18.15
v -0.28999999999999815 1.7 18.15
v -0.28999999999999815 7.7 18.15
v 0.3600000000000018 7.049999999999998 18.800000000000004
v 0.3600000000000018 1.7 18.800000000000004
v -0.28999999999999815 7.049999999999998 18.800000000000004
v -0.28999999999999815 1.6999999999999997 18.800000000000004
v 0.3600000000000018 1.7000000000000002 20.75
v 0.3600000000000018 5.100000000000004 20.75
v -0.28999999999999815 1.7000000000000002 20.75
v -0.28999999999999815 5.100000000000004 20.75
v 0.3600000000000018 4.4499999999999975 21.4
v 0.3600000000000018 1.7 21.4
v -0.28999999999999815 4.4499999999999975 21.4
v -0.28999999999999815 1.7 21.4
v -2.169999999999998 1.7000000000000002 23.349999999999998
v -2.169999999999998 2.5000000000000013 23.349999999999998
v -2.8199999999999985 1.7000000000000002 23.349999999999998
v -2.8199999999999985 2.5000000000000013 23.349999999999998
v -2.169999999999998 1.849999999999999 24
v -2.169999999999998 1.7 24
v -2.8199999999999985 1.849999999999999 24
v -2.8199999999999985 1.7 24
v -2.169999999999998 1.7 18.15
v -2.169999999999998 7.7 18.15
v -2.8199999999999985 1.7 18.15
v -2.8199999999999985 7.7 18.15
v -2.169999999999998 7.049999999999998 18.800000000000004
v -2.169999999999998 1.7 18.800000000000004
v -2.8199999999999985 7.049999999999998 18.800000000000004
v -2.8199999999999985 1.6999999999999997 18.800000000000004
v -2.169999999999998 1.7000000000000002 20.75
v -2.169999999999998 5.100000000000004 20.75
v -2.8199999999999985 1.7000000000000002 20.75
v -2.8199999999999985 5.100000000000004 20.75
v -2.169999999999998 4.4499999999999975 21.4
v -2.169999999999998 1.7 21.4
v -2.8199999999999985 4.4499999999999975 21.4
v -2.8199999999999985 1.7 21.4
v -4.699999999999999 1.7000000000000002 23.349999999999998
v -4.699999999999999 2.5000000000000013 23.349999999999998
v -5.349999999999999 1.7000000000000002 23.349999999999998
v -5.349999999999999 2.5000000000000013 23.349999999999998
v -4.699999999999999 1.849999999999999 24
v -4.699999999999999 1.7 24
v -5.349999999999999 1.849999999999999 24
v -5.349999999999999 1.7 24
v -4.699999999999999 1.7 18.15
v -4.699999999999999 7.7 18.15
v -5.349999999999999 1.7 18.15
v -5.349999999999999 7.7 18.15
v -4.699999999999999 7.049999999999998 18.800000000000004
v -4.699999999999999 1.7 18.800000000000004
v -5.349999999999999 7.049999999999998 18.800000000000004
v -5.349999999999999 1.6999999999999997 18.800000000000004
v -4.699999999999999 1.7000000000000002 20.75
v -4.699999999999999 5.100000000000004 20.75
v -5.349999999999999 1.7000000000000002 20.75
v -5.349999999999999 5.100000000000004 20.75
v -4.699999999999999 4.4499999999999975 21.4
v -4.699999999999999 1.7 21.4
v -5.349999999999999 4.4499999999999975 21.4
v -5.349999999999999 1.7 21.4
v -14.249999999999995 5.8 -16.09
v -14.249999999999995 1.7 -16.09
v -14.249999999999991 5.8 -0.3699999999999988
v -14.249999999999991 1.7 -0.3699999999999988
v -14.249999999999991 5.8 -0.3699999999999988
v -14.249999999999991 1.7 -0.3699999999999988
v -9.989999999999988 5.8 -0.3699999999999988
v -9.989999999999988 1.7 -0.3699999999999988
v -9.989999999999988 5.8 -0.3699999999999988
v -9.989999999999988 1.7 -0.3699999999999988
v -9.989999999999991 5.8 -16.09
v -9.989999999999991 1.7 -16.09
v -9.989999999999991 5.8 -16.09
v -9.989999999999991 1.7 -16.09
v -14.249999999999995 5.8 -16.09
v -14.249999999999995 1.7 -16.09
v -14.249999999999995 5.8 -16.09
v -14.249999999999991 5.8 -0.3699999999999988
v -9.989999999999988 5.8 -0.3699999999999988
v -9.989999999999991 5.8 -16.09
v -12.449999999999994 5.8 -3.9299999999999993
v -12.449999999999994 5.8 -12.53
v -13.849999999999994 5.8 -3.9299999999999993
v -13.849999999999994 5.8 -12.53
v -10.489999999999988 5.8 -15.09
v -12.519999999999996 5.8 -15.09
v -10.489999999999988 5.8 -1.3699999999999997
v -12.519999999999996 5.8 -1.3699999999999997
v -12.519999999999996 5.8 -2.07
v -11.819999999999995 5.8 -2.07
v -11.819999999999997 5.8 -2.77
v -12.519999999999996 5.8 -2.77
v -12.519999999999996 5.8 -3.47
v -11.819999999999995 5.8 -3.47
v -11.819999999999995 5.8 -12.989999999999998
v -12.519999999999996 5.8 -12.989999999999998
v -12.519999999999996 5.8 -13.69
v -11.819999999999997 5.8 -13.69
v -11.819999999999995 5.8 -14.39
v -12.519999999999996 5.8 -14.39
v -12.199999999999996 5.8 5.2600000000000025
v -12.199999999999996 1.7 5.2600000000000025
v -12.199999999999994 5.8 18.6
v -12.199999999999994 1.7 18.6
v -12.199999999999994 5.8 18.6
v -12.199999999999994 1.7 18.6
v -7.939999999999994 5.8 18.6
v -7.939999999999994 1.7 18.6
v -7.939999999999994 5.8 18.6
v -7.939999999999994 1.7 18.6
v -7.939999999999996 5.8 5.2600000000000025
v -7.939999999999996 1.7 5.2600000000000025
v -7.939999999999996 5.8 5.2600000000000025
v -7.939999999999996 1.7 5.2600000000000025
v -12.199999999999996 5.8 5.2600000000000025
v -12.199999999999996 1.7 5.2600000000000025
v -12.199999999999996 5.8 5.2600000000000025
v -12.199999999999994 5.8 18.6
v -7.939999999999994 5.8 18.6
v -7.939999999999996 5.8 5.2600000000000025
v -8.439999999999992 5.8 6.260000000000002
v -10.47 5.8 6.2600000000000025
v -8.439999999999992 5.8 17.6
v -10.47 5.8 17.6
v -10.47 5.8 16.900000000000002
v -9.769999999999996 5.8 16.900000000000002
v -9.769999999999994 5.8 16.200000000000003
v -10.47 5.8 16.200000000000003
v -10.47 5.8 15.500000000000004
v -9.769999999999994 5.8 15.500000000000004
v -9.769999999999994 5.8 8.36
v -10.47 5.8 8.36
v -10.469999999999994 5.8 7.66
v -9.769999999999994 5.8 7.66
v -9.769999999999996 5.8 6.960000000000001
v -10.47 5.8 6.960000000000001
v -10.399999999999991 5.8 15.205000000000002
v -10.399999999999991 5.8 8.655000000000001
v -11.799999999999995 5.8 15.205000000000002
v -11.799999999999995 5.8 8.655000000000001
v -6.55999999999999 5.8 -16.09
v -6.55999999999999 1.7 -16.09
v -6.55999999999999 5.8 -0.3699999999999988
v -6.55999999999999 1.7 -0.3699999999999988
v -6.55999999999999 5.8 -0.3699999999999988
v -6.55999999999999 1.7 -0.3699999999999988
v -2.299999999999988 5.8 -0.3699999999999988
v -2.299999999999988 1.7 -0.3699999999999988
v -2.299999999999988 5.8 -0.3699999999999988
v -2.299999999999988 1.7 -0.3699999999999988
v -2.299999999999988 5.8 -16.09
v -2.299999999999988 1.7 -16.09
v -2.299999999999988 5.8 -16.09
v -2.299999999999988 1.7 -16.09
v -6.55999999999999 5.8 -16.09
v -6.55999999999999 1.7 -16.09
v -2.299999999999988 5.8 -16.09
v -6.55999999999999 5.8 -16.09
v -2.299999999999988 5.8 -0.3699999999999988
v -6.55999999999999 5.8 -0.3699999999999988
v -6.1599999999999895 5.8 -12.530000000000001
v -6.1599999999999895 5.8 -3.929999999999998
v -4.759999999999989 5.8 -3.929999999999998
v -4.759999999999989 5.8 -12.530000000000001
v -4.829999999999989 5.8 -14.39
v -4.129999999999989 5.8 -14.39
v -4.129999999999989 5.8 -13.69
v -4.829999999999989 5.8 -13.69
v -4.829999999999989 5.8 -12.989999999999998
v -4.129999999999989 5.8 -12.989999999999998
v -4.129999999999989 5.8 -3.47
v -4.829999999999989 5.8 -3.47
v -4.829999999999989 5.8 -2.77
v -4.129999999999989 5.8 -2.77
v -4.129999999999989 5.8 -2.07
v -4.829999999999989 5.8 -2.07
v -4.829999999999989 5.8 -1.3699999999999997
v -2.7999999999999865 5.8 -1.3699999999999997
v -2.7999999999999865 5.8 -15.09
v -4.829999999999989 5.8 -15.09
v -2.7999999999999865 2.7999999999999994 -15.09
v -2.7999999999999865 5.8 -15.09
v -4.829999999999989 2.7999999999999994 -15.09
v -4.829999999999989 5.8 -15.09
v -2.7999999999999865 2.7999999999999994 -1.3699999999999997
v -2.7999999999999865 5.8 -1.3699999999999997
v -2.7999999999999865 2.7999999999999994 -15.09
v -2.7999999999999865 5.8 -15.09
v -4.829999999999989 2.7999999999999994 -1.3699999999999997
v -4.829999999999989 5.8 -1.3699999999999997
v -2.7999999999999865 2.7999999999999994 -1.3699999999999997
v -2.7999999999999865 5.8 -1.3699999999999997
v -4.829999999999989 2.7999999999999994 -2.07
v -4.829999999999989 5.8 -2.07
v -4.829999999999989 2.7999999999999994 -1.3699999999999997
v -4.829999999999989 5.8 -1.3699999999999997
v -4.129999999999989 2.7999999999999994 -2.07
v -4.129999999999989 5.8 -2.07
v -4.829999999999989 2.7999999999999994 -2.07
v -4.829999999999989 5.8 -2.07
v -4.129999999999989 2.7999999999999994 -2.77
v -4.129999999999989 5.8 -2.77
v -4.129999999999989 2.7999999999999994 -2.07
v -4.129999999999989 5.8 -2.07
v -4.829999999999989 2.7999999999999994 -2.77
v -4.829999999999989 5.8 -2.77
v -4.129999999999989 2.7999999999999994 -2.77
v -4.129999999999989 5.8 -2.77
v -4.829999999999989 2.7999999999999994 -3.47
v -4.829999999999989 5.8 -3.47
v -4.829999999999989 2.7999999999999994 -2.77
v -4.829999999999989 5.8 -2.77
v -4.129999999999989 2.7999999999999994 -3.47
v -4.129999999999989 5.8 -3.47
v -4.829999999999989 2.7999999999999994 -3.47
v -4.829999999999989 5.8 -3.47
v -4.129999999999989 2.7999999999999994 -12.989999999999998
v -4.129999999999989 5.8 -12.989999999999998
v -4.129999999999989 2.7999999999999994 -3.47
v -4.129999999999989 5.8 -3.47
v -4.829999999999989 2.7999999999999994 -12.989999999999998
v -4.829999999999989 5.8 -12.989999999999998
v -4.129999999999989 2.7999999999999994 -12.989999999999998
v -4.129999999999989 5.8 -12.989999999999998
v -4.829999999999989 2.7999999999999994 -13.69
v -4.829999999999989 5.8 -13.69
v -4.829999999999989 2.7999999999999994 -12.989999999999998
v -4.829999999999989 5.8 -12.989999999999998
v -4.129999999999989 2.7999999999999994 -13.69
v -4.129999999999989 5.8 -13.69
v -4.829999999999989 2.7999999999999994 -13.69
v -4.829999999999989 5.8 -13.69
v -4.129999999999989 2.7999999999999994 -14.39
v -4.129999999999989 5.8 -14.39
v -4.129999999999989 2.7999999999999994 -13.69
v -4.129999999999989 5.8 -13.69
v -4.829999999999989 2.7999999999999994 -14.39
v -4.829999999999989 5.8 -14.39
v -4.129999999999989 2.7999999999999994 -14.39
v -4.129999999999989 5.8 -14.39
v -4.829999999999989 2.7999999999999994 -15.09
v -4.829999999999989 5.8 -15.09
v -4.829999999999989 2.7999999999999994 -14.39
v -4.829999999999989 5.8 -14.39
v -2.7999999999999865 2.7999999999999994 -1.3699999999999997
v -2.7999999999999865 2.7999999999999994 -15.09
v -4.829999999999989 2.7999999999999994 -1.3699999999999997
v -4.829999999999989 2.7999999999999994 -2.07
v -4.129999999999989 2.7999999999999994 -2.07
v -4.129999999999989 2.7999999999999994 -2.77
v -4.829999999999989 2.7999999999999994 -2.77
v -4.829999999999989 2.7999999999999994 -3.47
v -4.129999999999989 2.7999999999999994 -3.47
v -4.129999999999989 2.7999999999999994 -12.989999999999998
v -4.829999999999989 2.7999999999999994 -12.989999999999998
v -4.829999999999989 2.7999999999999994 -13.69
v -4.129999999999989 2.7999999999999994 -13.69
v -4.129999999999989 2.7999999999999994 -14.39
v -4.829999999999989 2.7999999999999994 -14.39
v -4.829999999999989 2.7999999999999994 -15.09
v -4.759999999999989 2.7999999999999994 -3.929999999999998
v -4.759999999999989 5.8 -3.929999999999998
v -4.759999999999989 2.7999999999999994 -12.530000000000001
v -4.759999999999989 5.8 -12.530000000000001
v -6.1599999999999895 2.7999999999999994 -3.929999999999998
v -6.1599999999999895 5.8 -3.929999999999998
v -4.759999999999989 2.7999999999999994 -3.929999999999998
v -4.759999999999989 5.8 -3.929999999999998
v -6.1599999999999895 2.7999999999999994 -12.530000000000001
v -6.1599999999999895 5.8 -12.530000000000001
v -6.1599999999999895 2.7999999999999994 -3.929999999999998
v -6.1599999999999895 5.8 -3.929999999999998
v -4.759999999999989 2.7999999999999994 -12.530000000000001
v -4.759999999999989 5.8 -12.530000000000001
v -6.1599999999999895 2.7999999999999994 -12.530000000000001
v -6.1599999999999895 5.8 -12.530000000000001
v -6.1599999999999895 2.7999999999999994 -3.929999999999998
v -4.759999999999989 2.7999999999999994 -3.929999999999998
v -6.1599999999999895 2.7999999999999994 -12.530000000000001
v -4.759999999999989 2.7999999999999994 -12.530000000000001
v -10.399999999999991 2.7999999999999994 15.205000000000002
v -10.399999999999991 5.8 15.205000000000002
v -10.399999999999991 2.7999999999999994 8.655000000000001
v -10.399999999999991 5.8 8.655000000000001
v -11.799999999999995 2.7999999999999994 15.205000000000002
v -11.799999999999995 5.8 15.205000000000002
v -10.399999999999991 2.7999999999999994 15.205000000000002
v -10.399999999999991 5.8 15.205000000000002
v -11.799999999999995 2.7999999999999994 8.655000000000001
v -11.799999999999995 5.8 8.655000000000001
v -11.799999999999995 2.7999999999999994 15.205000000000002
v -11.799999999999995 5.8 15.205000000000002
v -10.399999999999991 2.7999999999999994 8.655000000000001
v -10.399999999999991 5.8 8.655000000000001
v -11.799999999999995 2.7999999999999994 8.655000000000001
v -11.799999999999995 5.8 8.655000000000001
v -11.799999999999995 2.7999999999999994 15.205000000000002
v -10.399999999999991 2.7999999999999994 15.205000000000002
v -11.799999999999995 2.7999999999999994 8.655000000000001
v -10.399999999999991 2.7999999999999994 8.655000000000001
v -8.439999999999992 2.7999999999999994 6.260000000000002
v -8.439999999999992 5.8 6.260000000000002
v -10.47 2.7999999999999994 6.2600000000000025
v -10.47 5.8 6.2600000000000025
v -8.439999999999992 2.7999999999999994 17.6
v -8.439999999999992 5.8 17.6
v -8.439999999999992 2.7999999999999994 6.260000000000002
v -8.439999999999992 5.8 6.260000000000002
v -10.47 2.7999999999999994 17.6
v -10.47 5.8 17.6
v -8.439999999999992 2.7999999999999994 17.6
v -8.439999999999992 5.8 17.6
v -10.47 2.7999999999999994 16.900000000000002
v -10.47 5.8 16.900000000000002
v -10.47 2.7999999999999994 17.6
v -10.47 5.8 17.6
v -9.769999999999996 2.7999999999999994 16.900000000000002
v -9.769999999999996 5.8 16.900000000000002
v -10.47 2.7999999999999994 16.900000000000002
v -10.47 5.8 16.900000000000002
v -9.769999999999994 2.7999999999999994 16.200000000000003
v -9.769999999999994 5.8 16.200000000000003
v -9.769999999999996 2.7999999999999994 16.900000000000002
v -9.769999999999996 5.8 16.900000000000002
v -10.47 2.7999999999999994 16.200000000000003
v -10.47 5.8 16.200000000000003
v -9.769999999999994 2.7999999999999994 16.200000000000003
v -9.769999999999994 5.8 16.200000000000003
v -10.47 2.7999999999999994 15.500000000000004
v -10.47 5.8 15.500000000000004
v -10.47 2.7999999999999994 16.200000000000003
v -10.47 5.8 16.200000000000003
v -9.769999999999994 2.7999999999999994 15.500000000000004
v -9.769999999999994 5.8 15.500000000000004
v -10.47 2.7999999999999994 15.500000000000004
v -10.47 5.8 15.500000000000004
v -9.769999999999994 2.7999999999999994 8.36
v -9.769999999999994 5.8 8.36
v -9.769999999999994 2.7999999999999994 15.500000000000004
v -9.769999999999994 5.8 15.500000000000004
v -10.47 2.7999999999999994 8.36
v -10.47 5.8 8.36
v -9.769999999999994 2.7999999999999994 8.36
v -9.769999999999994 5.8 8.36
v -10.469999999999994 2.7999999999999994 7.66
v -10.469999999999994 5.8 7.66
v -10.47 2.7999999999999994 8.36
v -10.47 5.8 8.36
v -9.769999999999994 2.7999999999999994 7.66
v -9.769999999999994 5.8 7.66
v -10.469999999999994 2.7999999999999994 7.66
v -10.469999999999994 5.8 7.66
v -9.769999999999996 2.7999999999999994 6.960000000000001
v -9.769999999999996 5.8 6.960000000000001
v -9.769999999999994 2.7999999999999994 7.66
v -9.769999999999994 5.8 7.66
v -10.47 2.7999999999999994 6.960000000000001
v -10.47 5.8 6.960000000000001
v -9.769999999999996 2.7999999999999994 6.960000000000001
v -9.769999999999996 5.8 6.960000000000001
v -10.47 2.7999999999999994 6.2600000000000025
v -10.47 5.8 6.2600000000000025
v -10.47 2.7999999999999994 6.960000000000001
v -10.47 5.8 6.960000000000001
v -8.439999999999992 2.7999999999999994 17.6
v -8.439999999999992 2.7999999999999994 6.260000000000002
v -10.47 2.7999999999999994 17.6
v -10.47 2.7999999999999994 16.900000000000002
v -9.769999999999996 2.7999999999999994 16.900000000000002
v -9.769999999999994 2.7999999999999994 16.200000000000003
v -10.47 2.7999999999999994 16.200000000000003
v -10.47 2.7999999999999994 15.500000000000004
v -9.769999999999994 2.7999999999999994 15.500000000000004
v -9.769999999999994 2.7999999999999994 8.36
v -10.47 2.7999999999999994 8.36
v -10.469999999999994 2.7999999999999994 7.66
v -9.769999999999994 2.7999999999999994 7.66
v -9.769999999999996 2.7999999999999994 6.960000000000001
v -10.47 2.7999999999999994 6.960000000000001
v -10.47 2.7999999999999994 6.2600000000000025
v -10.489999999999988 2.7999999999999994 -15.09
v -10.489999999999988 5.8 -15.09
v -12.519999999999996 2.7999999999999994 -15.09
v -12.519999999999996 5.8 -15.09
v -10.489999999999988 2.7999999999999994 -1.3699999999999997
v -10.489999999999988 5.8 -1.3699999999999997
v -10.489999999999988 2.7999999999999994 -15.09
v -10.489999999999988 5.8 -15.09
v -12.519999999999996 2.7999999999999994 -1.3699999999999997
v -12.519999999999996 5.8 -1.3699999999999997
v -10.489999999999988 2.7999999999999994 -1.3699999999999997
v -10.489999999999988 5.8 -1.3699999999999997
v -12.519999999999996 2.7999999999999994 -2.07
v -12.519999999999996 5.8 -2.07
v -12.519999999999996 2.7999999999999994 -1.3699999999999997
v -12.519999999999996 5.8 -1.3699999999999997
v -11.819999999999995 2.7999999999999994 -2.07
v -11.819999999999995 5.8 -2.07
v -12.519999999999996 2.7999999999999994 -2.07
v -12.519999999999996 5.8 -2.07
v -11.819999999999997 2.7999999999999994 -2.77
v -11.819999999999997 5.8 -2.77
v -11.819999999999995 2.7999999999999994 -2.07
v -11.819999999999995 5.8 -2.07
v -12.519999999999996 2.7999999999999994 -2.77
v -12.519999999999996 5.8 -2.77
v -11.819999999999997 2.7999999999999994 -2.77
v -11.819999999999997 5.8 -2.77
v -12.519999999999996 2.7999999999999994 -3.47
v -12.519999999999996 5.8 -3.47
v -12.519999999999996 2.7999999999999994 -2.77
v -12.519999999999996 5.8 -2.77
v -11.819999999999995 2.7999999999999994 -3.47
v -11.819999999999995 5.8 -3.47
v -12.519999999999996 2.7999999999999994 -3.47
v -12.519999999999996 5.8 -3.47
v -11.819999999999995 2.7999999999999994 -12.989999999999998
v -11.819999999999995 5.8 -12.989999999999998
v -11.819999999999995 2.7999999999999994 -3.47
v -11.819999999999995 5.8 -3.47
v -12.519999999999996 2.7999999999999994 -12.989999999999998
v -12.519999999999996 5.8 -12.989999999999998
v -11.819999999999995 2.7999999999999994 -12.989999999999998
v -11.819999999999995 5.8 -12.989999999999998
v -12.519999999999996 2.7999999999999994 -13.69
v -12.519999999999996 5.8 -13.69
v -12.519999999999996 2.7999999999999994 -12.989999999999998
v -12.519999999999996 5.8 -12.989999999999998
v -11.819999999999997 2.7999999999999994 -13.69
v -11.819999999999997 5.8 -13.69
v -12.519999999999996 2.7999999999999994 -13.69
v -12.519999999999996 5.8 -13.69
v -11.819999999999995 2.7999999999999994 -14.39
v -11.819999999999995 5.8 -14.39
v -11.819999999999997 2.7999999999999994 -13.69
v -11.819999999999997 5.8 -13.69
v -12.519999999999996 2.7999999999999994 -14.39
v -12.519999999999996 5.8 -14.39
v -11.819999999999995 2.7999999999999994 -14.39
v -11.819999999999995 5.8 -14.39
v -12.519999999999996 2.7999999999999994 -15.09
v -12.519999999999996 5.8 -15.09
v -12.519999999999996 2.7999999999999994 -14.39
v -12.519999999999996 5.8 -14.39
v -10.489999999999988 2.7999999999999994 -1.3699999999999997
v -10.489999999999988 2.7999999999999994 -15.09
v -12.519999999999996 2.7999999999999994 -1.3699999999999997
v -12.519999999999996 2.7999999999999994 -2.07
v -11.819999999999995 2.7999999999999994 -2.07
v -11.819999999999997 2.7999999999999994 -2.77
v -12.519999999999996 2.7999999999999994 -2.77
v -12.519999999999996 2.7999999999999994 -3.47
v -11.819999999999995 2.7999999999999994 -3.47
v -11.819999999999995 2.7999999999999994 -12.989999999999998
v -12.519999999999996 2.7999999999999994 -12.989999999999998
v -12.519999999999996 2.7999999999999994 -13.69
v -11.819999999999997 2.7999999999999994 -13.69
v -11.819999999999995 2.7999999999999994 -14.39
v -12.519999999999996 2.7999999999999994 -14.39
v -12.519999999999996 2.7999999999999994 -15.09
v -12.449999999999994 2.7999999999999994 -3.9299999999999993
v -12.449999999999994 5.8 -3.9299999999999993
v -12.449999999999994 2.7999999999999994 -12.53
v -12.449999999999994 5.8 -12.53
v -13.849999999999994 2.7999999999999994 -3.9299999999999993
v -13.849999999999994 5.8 -3.9299999999999993
v -12.449999999999994 2.7999999999999994 -3.9299999999999993
v -12.449999999999994 5.8 -3.9299999999999993
v -13.849999999999994 2.7999999999999994 -12.53
v -13.849999999999994 5.8 -12.53
v -13.849999999999994 2.7999999999999994 -3.9299999999999993
v -13.849999999999994 5.8 -3.9299999999999993
v -12.449999999999994 2.7999999999999994 -12.53
v -12.449999999999994 5.8 -12.53
v -13.849999999999994 2.7999999999999994 -12.53
v -13.849999999999994 5.8 -12.53
v -13.849999999999994 2.7999999999999994 -3.9299999999999993
v -12.449999999999994 2.7999999999999994 -3.9299999999999993
v -13.849999999999994 2.7999999999999994 -12.53
v -12.449999999999994 2.7999999999999994 -12.53
v 29.830000000000002 6.1000000000000005 -11.230000000000002
v 29.830000000000002 1.7 -11.230000000000002
v 29.830000000000002 6.1000000000000005 -0.5800000000000024
v 29.830000000000002 1.7 -0.5800000000000024
v 29.830000000000002 6.1000000000000005 -0.5800000000000024
v 29.830000000000002 1.7 -0.5800000000000024
v 33.95 6.1000000000000005 -0.5800000000000024
v 33.95 1.7 -0.5800000000000024
v 33.95 6.1000000000000005 -0.5800000000000024
v 33.95 1.7 -0.5800000000000024
v 33.95 6.1000000000000005 -11.230000000000002
v 33.95 1.7 -11.230000000000002
v 33.949999999999996 2.1999999999999997 -1.5800000000000027
v 33.94999999999999 2.1999999999999997 -10.23
v 33.94999999999999 4.350000000000001 -10.23
v 33.94999999999999 4.350000000000001 -9.530000000000001
v 33.94999999999999 3.650000000000001 -9.530000000000001
v 33.949999999999996 3.650000000000001 -2.280000000000002
v 33.949999999999996 4.350000000000001 -2.2800000000000016
v 33.95 4.350000000000001 -1.580000000000003
v 33.94999999999999 4.4 -9.205000000000002
v 33.94999999999999 5.7 -9.205000000000004
v 33.949999999999996 5.7 -2.6050000000000018
v 33.95 4.4 -2.6049999999999995
v 33.95 6.1000000000000005 -11.230000000000002
v 33.95 1.7 -11.230000000000002
v 29.830000000000002 6.1000000000000005 -11.230000000000002
v 29.830000000000002 1.7 -11.230000000000002
v 29.830000000000002 6.1000000000000005 -11.230000000000002
v 29.830000000000002 6.1000000000000005 -0.5800000000000024
v 33.95 6.1000000000000005 -0.5800000000000024
v 33.95 6.1000000000000005 -11.230000000000002
v 29.830000000000002 6.1000000000000005 0.8199999999999961
v 29.830000000000002 1.7 0.8199999999999961
v 29.830000000000002 6.1000000000000005 11.469999999999995
v 29.830000000000002 1.7 11.469999999999995
v 29.830000000000002 6.1000000000000005 11.469999999999995
v 29.830000000000002 1.7 11.469999999999995
v 33.95 6.1000000000000005 11.469999999999995
v 33.95 1.7 11.469999999999995
v 33.95 6.1000000000000005 11.469999999999995
v 33.95 1.7 11.469999999999995
v 33.949999999999996 6.1000000000000005 0.8199999999999961
v 33.949999999999996 1.7 0.8199999999999961
v 33.949999999999996 4.4 2.8449999999999958
v 33.949999999999996 5.7 2.8449999999999958
v 33.95 5.7 9.444999999999995
v 33.95 4.4 9.444999999999997
v 33.95 2.1999999999999997 10.469999999999995
v 33.949999999999996 2.1999999999999997 1.8199999999999956
v 33.949999999999996 4.35 1.8199999999999956
v 33.949999999999996 4.35 2.5199999999999947
v 33.949999999999996 3.65 2.5199999999999947
v 33.95 3.65 9.769999999999996
v 33.95 4.35 9.769999999999996
v 33.95 4.35 10.469999999999995
v 33.949999999999996 6.1000000000000005 0.8199999999999961
v 33.949999999999996 1.7 0.8199999999999961
v 29.830000000000002 6.1000000000000005 0.8199999999999961
v 29.830000000000002 1.7 0.8199999999999961
v 29.830000000000002 6.1000000000000005 0.8199999999999961
v 29.830000000000002 6.1000000000000005 11.469999999999995
v 33.95 6.1000000000000005 11.469999999999995
v 33.949999999999996 6.1000000000000005 0.8199999999999961
v 30.950000000000003 4.35 9.769999999999998
v 33.95 4.35 9.769999999999996
v 30.950000000000003 4.35 10.469999999999997
v 33.95 4.35 10.469999999999995
v 30.950000000000003 3.65 9.769999999999998
v 33.95 3.65 9.769999999999996
v 30.950000000000003 4.35 9.769999999999998
v 33.95 4.35 9.769999999999996
v 30.949999999999996 3.65 2.519999999999997
v 33.949999999999996 3.65 2.5199999999999947
v 30.950000000000003 3.65 9.769999999999998
v 33.95 3.65 9.769999999999996
v 30.949999999999996 4.35 2.519999999999997
v 33.949999999999996 4.35 2.5199999999999947
v 30.949999999999996 3.65 2.519999999999997
v 33.949999999999996 3.65 2.5199999999999947
v 30.949999999999996 4.35 1.8199999999999976
v 33.949999999999996 4.35 1.8199999999999956
v 30.949999999999996 4.35 2.519999999999997
v 33.949999999999996 4.35 2.5199999999999947
v 30.949999999999996 2.1999999999999997 1.8199999999999976
v 33.949999999999996 2.1999999999999997 1.8199999999999956
v 30.949999999999996 4.35 1.8199999999999976
v 33.949999999999996 4.35 1.8199999999999956
v 30.950000000000003 2.1999999999999997 10.469999999999997
v 33.95 2.1999999999999997 10.469999999999995
v 30.949999999999996 2.1999999999999997 1.8199999999999976
v 33.949999999999996 2.1999999999999997 1.8199999999999956
v 30.950000000000003 4.35 10.469999999999997
v 33.95 4.35 10.469999999999995
v 30.950000000000003 2.1999999999999997 10.469999999999997
v 33.95 2.1999999999999997 10.469999999999995
v 30.950000000000003 4.35 9.769999999999998
v 30.950000000000003 4.35 10.469999999999997
v 30.950000000000003 2.1999999999999997 10.469999999999997
v 30.949999999999996 2.1999999999999997 1.8199999999999976
v 30.949999999999996 4.35 1.8199999999999976
v 30.949999999999996 4.35 2.519999999999997
v 30.949999999999996 3.65 2.519999999999997
v 30.950000000000003 3.65 9.769999999999998
v 30.950000000000003 5.7 9.444999999999997
v 33.95 5.7 9.444999999999995
v 30.950000000000003 4.4 9.444999999999997
v 33.95 4.4 9.444999999999997
v 30.949999999999996 5.7 2.8449999999999975
v 33.949999999999996 5.7 2.8449999999999958
v 30.950000000000003 5.7 9.444999999999997
v 33.95 5.7 9.444999999999995
v 30.949999999999996 4.4 2.8449999999999975
v 33.949999999999996 4.4 2.8449999999999958
v 30.949999999999996 5.7 2.8449999999999975
v 33.949999999999996 5.7 2.8449999999999958
v 30.950000000000003 4.4 9.444999999999997
v 33.95 4.4 9.444999999999997
v 30.949999999999996 4.4 2.8449999999999975
v 33.949999999999996 4.4 2.8449999999999958
v 30.950000000000003 5.7 9.444999999999997
v 30.950000000000003 4.4 9.444999999999997
v 30.949999999999996 4.4 2.8449999999999975
v 30.949999999999996 5.7 2.8449999999999975
v 30.949999999999996 5.7 -2.6049999999999995
v 33.949999999999996 5.7 -2.6050000000000018
v 30.949999999999996 4.4 -2.6050000000000004
v 33.95 4.4 -2.6049999999999995
v 30.94999999999999 5.7 -9.205000000000002
v 33.94999999999999 5.7 -9.205000000000004
v 30.949999999999996 5.7 -2.6049999999999995
v 33.949999999999996 5.7 -2.6050000000000018
v 30.94999999999999 4.4 -9.205
v 33.94999999999999 4.4 -9.205000000000002
v 30.94999999999999 5.7 -9.205000000000002
v 33.94999999999999 5.7 -9.205000000000004
v 30.949999999999996 4.4 -2.6050000000000004
v 33.95 4.4 -2.6049999999999995
v 30.94999999999999 4.4 -9.205
v 33.94999999999999 4.4 -9.205000000000002
v 30.949999999999996 5.7 -2.6049999999999995
v 30.949999999999996 4.4 -2.6050000000000004
v 30.94999999999999 4.4 -9.205
v 30.94999999999999 5.7 -9.205000000000002
v 30.949999999999996 4.350000000000001 -2.2799999999999994
v 33.949999999999996 4.350000000000001 -2.2800000000000016
v 30.949999999999996 4.350000000000001 -1.580000000000001
v 33.95 4.350000000000001 -1.580000000000003
v 30.949999999999996 3.650000000000001 -2.28
v 33.949999999999996 3.650000000000001 -2.280000000000002
v 30.949999999999996 4.350000000000001 -2.2799999999999994
v 33.949999999999996 4.350000000000001 -2.2800000000000016
v 30.94999999999999 3.650000000000001 -9.530000000000001
v 33.94999999999999 3.650000000000001 -9.530000000000001
v 30.949999999999996 3.650000000000001 -2.28
v 33.949999999999996 3.650000000000001 -2.280000000000002
v 30.94999999999999 4.350000000000001 -9.530000000000001
v 33.94999999999999 4.350000000000001 -9.530000000000001
v 30.94999999999999 3.650000000000001 -9.530000000000001
v 33.94999999999999 3.650000000000001 -9.530000000000001
v 30.94999999999999 4.350000000000001 -10.229999999999999
v 33.94999999999999 4.350000000000001 -10.23
v 30.94999999999999 4.350000000000001 -9.530000000000001
v 33.94999999999999 4.350000000000001 -9.530000000000001
v 30.94999999999999 2.1999999999999997 -10.229999999999999
v 33.94999999999999 2.1999999999999997 -10.23
v 30.94999999999999 4.350000000000001 -10.229999999999999
v 33.94999999999999 4.350000000000001 -10.23
v 30.949999999999996 2.1999999999999997 -1.5800000000000007
v 33.949999999999996 2.1999999999999997 -1.5800000000000027
v 30.94999999999999 2.1999999999999997 -10.229999999999999
v 33.94999999999999 2.1999999999999997 -10.23
v 30.949999999999996 4.350000000000001 -1.580000000000001
v 33.95 4.350000000000001 -1.580000000000003
v 30.949999999999996 2.1999999999999997 -1.5800000000000007
v 33.949999999999996 2.1999999999999997 -1.5800000000000027
v 30.949999999999996 4.350000000000001 -2.2799999999999994
v 30.949999999999996 4.350000000000001 -1.580000000000001
v 30.949999999999996 2.1999999999999997 -1.5800000000000007
v 30.94999999999999 2.1999999999999997 -10.229999999999999
v 30.94999999999999 4.350000000000001 -10.229999999999999
v 30.94999999999999 4.350000000000001 -9.530000000000001
v 30.94999999999999 3.650000000000001 -9.530000000000001
v 30.949999999999996 3.650000000000001 -2.28
v 16.620000000000005 1.7 -9.399999999999995
v 16.620000000000005 5.5 -9.399999999999995
v 16.620000000000005 1.7 -15.400000000000002
v 16.620000000000005 5.5 -15.400000000000002
v 24.620000000000008 1.7 -7.399999999999997
v 24.620000000000008 5.5 -7.399999999999997
v 18.62 1.7 -7.399999999999995
v 18.62 5.5 -7.399999999999995
v 26.620000000000005 1.7 -15.400000000000002
v 26.620000000000005 5.5 -15.400000000000002
v 26.620000000000005 1.7 -9.399999999999999
v 26.620000000000005 5.5 -9.399999999999999
v 24.620000000000005 5.5 -17.400000000000002
v 24.620000000000005 1.7 -17.400000000000002
v 18.62 5.5 -17.400000000000002
v 18.62 1.7 -17.400000000000002
v 24.620000000000005 5.5 -17.400000000000002
v 18.62 5.5 -17.400000000000002
v 18.174958132087372 5.5 -17.34985582436365
v 17.752232521764885 5.5 -17.20193773580484
v 17.373020396282534 5.5 -16.963662964936063
v 17.05633703506394 5.5 -16.64697960371747
v 16.818062264195163 5.5 -16.26776747823512
v 16.670144175636352 5.5 -15.84504186791263
v 16.620000000000005 5.5 -15.400000000000002
v 16.620000000000005 5.5 -9.399999999999995
v 16.670144175636352 5.5 -8.954958132087366
v 16.818062264195163 5.5 -8.532232521764879
v 17.05633703506394 5.5 -8.153020396282528
v 17.373020396282534 5.5 -7.836337035063936
v 17.752232521764885 5.5 -7.598062264195157
v 18.174958132087372 5.5 -7.450144175636348
v 18.62 5.5 -7.399999999999995
v 24.620000000000008 5.5 -7.399999999999997
v 25.065041867912637 5.5 -7.450144175636352
v 25.487767478235124 5.5 -7.5980622641951605
v 25.866979603717475 5.5 -7.836337035063939
v 26.18366296493607 5.5 -8.153020396282532
v 26.421937735804846 5.5 -8.532232521764882
v 26.569855824363657 5.5 -8.95495813208737
v 26.620000000000005 5.5 -9.399999999999999
v 26.620000000000005 5.5 -15.400000000000002
v 26.569855824363653 5.5 -15.84504186791263
v 26.421937735804843 5.5 -16.26776747823512
v 26.183662964936065 5.5 -16.64697960371747
v 25.86697960371747 5.5 -16.963662964936063
v 25.48776747823512 5.5 -17.20193773580484
v 25.065041867912633 5.5 -17.34985582436365
v 26.620000000000005 5.5 7.3
v 26.620000000000005 1.7 7.3
v 26.620000000000005 5.5 1.2999999999999992
v 26.620000000000005 1.7 1.2999999999999992
v 24.620000000000008 5.5 -0.7000000000000002
v 24.620000000000008 1.7 -0.7000000000000002
v 18.62 5.5 -0.6999999999999994
v 18.62 1.7 -0.6999999999999994
v 16.620000000000005 1.7 7.3000000000000025
v 16.620000000000005 5.5 7.3000000000000025
v 16.620000000000005 1.7 1.2999999999999996
v 16.620000000000005 5.5 1.2999999999999996
v 24.620000000000008 1.7 9.3
v 24.620000000000008 5.5 9.3
v 18.620000000000005 1.7 9.300000000000002
v 18.620000000000005 5.5 9.300000000000002
v 26.620000000000005 5.5 1.2999999999999992
v 26.569855824363657 5.5 0.8549581320873709
v 26.421937735804846 5.5 0.43223252176488347
v 26.18366296493607 5.5 0.053020396282532634
v 25.866979603717475 5.5 -0.26366296493606
v 25.487767478235124 5.5 -0.5019377358048387
v 25.065041867912637 5.5 -0.6498558243636476
v 24.620000000000008 5.5 -0.7000000000000002
v 26.620000000000005 5.5 7.3
v 24.620000000000008 5.5 9.3
v 25.065041867912637 5.5 9.249855824363648
v 25.487767478235124 5.5 9.101937735804839
v 25.866979603717475 5.5 8.86366296493606
v 26.18366296493607 5.5 8.546979603717467
v 26.421937735804846 5.5 8.167767478235117
v 26.569855824363657 5.5 7.745041867912629
v 18.620000000000005 5.5 9.300000000000002
v 16.620000000000005 5.5 7.3000000000000025
v 16.670144175636356 5.5 7.745041867912631
v 16.818062264195166 5.5 8.167767478235119
v 17.056337035063944 5.5 8.54697960371747
v 17.373020396282538 5.5 8.863662964936061
v 17.75223252176489 5.5 9.10193773580484
v 18.174958132087376 5.5 9.24985582436365
v 16.620000000000005 5.5 1.2999999999999996
v 18.62 5.5 -0.6999999999999994
v 18.174958132087372 5.5 -0.6498558243636476
v 17.752232521764885 5.5 -0.5019377358048387
v 17.373020396282534 5.5 -0.26366296493606
v 17.05633703506394 5.5 0.05302039628253241
v 16.818062264195163 5.5 0.43223252176488325
v 16.670144175636352 5.5 0.8549581320873707
v 18.62 5.5 -17.400000000000002
v 18.174958132087372 5.5 -17.34985582436365
v 17.752232521764885 5.5 -17.20193773580484
v 17.373020396282534 5.5 -16.963662964936063
v 17.05633703506394 5.5 -16.64697960371747
v 16.818062264195163 5.5 -16.26776747823512
v 16.670144175636352 5.5 -15.84504186791263
v 16.620000000000005 5.5 -15.400000000000002
v 18.62 1.7 -17.400000000000002
v 16.620000000000005 1.7 -15.400000000000002
v 16.670144175636352 1.7000000000000002 -15.84504186791263
v 16.818062264195163 1.7000000000000002 -16.26776747823512
v 17.05633703506394 1.7000000000000002 -16.64697960371747
v 17.373020396282534 1.7000000000000002 -16.963662964936063
v 17.752232521764885 1.7000000000000002 -17.20193773580484
v 18.174958132087372 1.7000000000000002 -17.34985582436365
v 18.62 5.5 -0.6999999999999994
v 18.174958132087372 5.5 -0.6498558243636476
v 17.752232521764885 5.5 -0.5019377358048387
v 17.373020396282534 5.5 -0.26366296493606
v 17.05633703506394 5.5 0.05302039628253241
v 16.818062264195163 5.5 0.43223252176488325
v 16.670144175636352 5.5 0.8549581320873707
v 16.620000000000005 5.5 1.2999999999999996
v 18.62 1.7 -0.6999999999999994
v 16.620000000000005 1.7 1.2999999999999996
v 16.670144175636352 1.7000000000000002 0.8549581320873711
v 16.818062264195163 1.7000000000000002 0.4322325217648837
v 17.05633703506394 1.7000000000000002 0.053020396282532856
v 17.373020396282534 1.7000000000000002 -0.2636629649360598
v 17.752232521764885 1.7000000000000002 -0.5019377358048385
v 18.174958132087372 1.7000000000000002 -0.6498558243636474
v 16.620000000000005 5.5 -9.399999999999995
v 16.670144175636352 5.5 -8.954958132087366
v 16.818062264195163 5.5 -8.532232521764879
v 17.05633703506394 5.5 -8.153020396282528
v 17.373020396282534 5.5 -7.836337035063936
v 17.752232521764885 5.5 -7.598062264195157
v 18.174958132087372 5.5 -7.450144175636348
v 18.62 5.5 -7.399999999999995
v 16.620000000000005 1.7 -9.399999999999995
v 18.62 1.7 -7.399999999999995
v 18.174958132087372 1.7000000000000002 -7.450144175636348
v 17.752232521764885 1.7000000000000002 -7.598062264195157
v 17.373020396282534 1.7000000000000002 -7.836337035063935
v 17.05633703506394 1.7000000000000002 -8.153020396282528
v 16.818062264195163 1.7000000000000002 -8.532232521764879
v 16.670144175636352 1.7000000000000002 -8.954958132087366
v 24.620000000000008 5.5 -7.399999999999997
v 25.065041867912637 5.5 -7.450144175636352
v 25.487767478235124 5.5 -7.5980622641951605
v 25.866979603717475 5.5 -7.836337035063939
v 26.18366296493607 5.5 -8.153020396282532
v 26.421937735804846 5.5 -8.532232521764882
v 26.569855824363657 5.5 -8.95495813208737
v 26.620000000000005 5.5 -9.399999999999999
v 24.620000000000008 1.7 -7.399999999999997
v 26.620000000000005 1.7 -9.399999999999999
v 26.569855824363657 1.7000000000000002 -8.95495813208737
v 26.421937735804846 1.7000000000000002 -8.532232521764882
v 26.18366296493607 1.7000000000000002 -8.153020396282532
v 25.866979603717475 1.7000000000000002 -7.83633703506394
v 25.487767478235124 1.7000000000000002 -7.5980622641951605
v 25.065041867912637 1.7000000000000002 -7.450144175636352
v 26.620000000000005 5.5 -15.400000000000002
v 26.569855824363653 5.5 -15.84504186791263
v 26.421937735804843 5.5 -16.26776747823512
v 26.183662964936065 5.5 -16.64697960371747
v 25.86697960371747 5.5 -16.963662964936063
v 25.48776747823512 5.5 -17.20193773580484
v 25.065041867912633 5.5 -17.34985582436365
v 24.620000000000005 5.5 -17.400000000000002
v 26.620000000000005 1.7 -15.400000000000002
v 24.620000000000005 1.7 -17.400000000000002
v 25.065041867912633 1.7000000000000002 -17.34985582436365
v 25.48776747823512 1.7000000000000002 -17.20193773580484
v 25.86697960371747 1.7000000000000002 -16.963662964936063
v 26.183662964936065 1.7000000000000002 -16.64697960371747
v 26.421937735804843 1.7000000000000002 -16.26776747823512
v 26.569855824363653 1.7000000000000002 -15.84504186791263
v 26.620000000000005 5.5 1.2999999999999992
v 26.569855824363657 5.5 0.8549581320873709
v 26.421937735804846 5.5 0.43223252176488347
v 26.18366296493607 5.5 0.053020396282532634
v 25.866979603717475 5.5 -0.26366296493606
v 25.487767478235124 5.5 -0.5019377358048387
v 25.065041867912637 5.5 -0.6498558243636476
v 24.620000000000008 5.5 -0.7000000000000002
v 26.620000000000005 1.7 1.2999999999999992
v 24.620000000000008 1.7 -0.7000000000000002
v 25.065041867912637 1.7000000000000002 -0.6498558243636479
v 25.487767478235124 1.7000000000000002 -0.5019377358048389
v 25.866979603717475 1.7000000000000002 -0.26366296493606023
v 26.18366296493607 1.7000000000000002 0.05302039628253219
v 26.421937735804846 1.7000000000000002 0.432232521764883
v 26.569855824363657 1.7000000000000002 0.8549581320873705
v 16.620000000000005 5.5 7.3000000000000025
v 16.670144175636356 5.5 7.745041867912631
v 16.818062264195166 5.5 8.167767478235119
v 17.056337035063944 5.5 8.54697960371747
v 17.373020396282538 5.5 8.863662964936061
v 17.75223252176489 5.5 9.10193773580484
v 18.174958132087376 5.5 9.24985582436365
v 18.620000000000005 5.5 9.300000000000002
v 16.620000000000005 1.7 7.3000000000000025
v 18.620000000000005 1.7 9.300000000000002
v 18.174958132087376 1.7000000000000002 9.24985582436365
v 17.75223252176489 1.7000000000000002 9.10193773580484
v 17.373020396282538 1.7000000000000002 8.863662964936061
v 17.056337035063944 1.7000000000000002 8.54697960371747
v 16.818062264195166 1.7000000000000002 8.167767478235119
v 16.670144175636356 1.7000000000000002 7.745041867912632
v 24.620000000000008 5.5 9.3
v 25.065041867912637 5.5 9.249855824363648
v 25.487767478235124 5.5 9.101937735804839
v 25.866979603717475 5.5 8.86366296493606
v 26.18366296493607 5.5 8.546979603717467
v 26.421937735804846 5.5 8.167767478235117
v 26.569855824363657 5.5 7.745041867912629
v 26.620000000000005 5.5 7.3
v 24.620000000000008 1.7 9.3
v 26.620000000000005 1.7 7.3
v 26.569855824363657 1.7000000000000002 7.7450418679126285
v 26.421937735804846 1.7000000000000002 8.167767478235117
v 26.18366296493607 1.7000000000000002 8.546979603717467
v 25.866979603717475 1.7000000000000002 8.86366296493606
v 25.487767478235124 1.7000000000000002 9.101937735804839
v 25.065041867912637 1.7000000000000002 9.249855824363648
v 8.260000000000007 8.015624999999998 -25
v 8.754375000000007 8.51 -25
v 7.765625000000004 8.51 -25
v 6.224375000000006 8.51 -25
v 5.730000000000005 8.015624999999998 -25
v 5.235625000000004 8.51 -25
v 3.6943750000000066 8.51 -25
v 3.200000000000005 8.015624999999998 -25
v 2.705625000000004 8.51 -25
v 1.1643750000000066 8.51 -25
v 0.6700000000000048 8.015625 -25
v 0.17562500000000392 8.51 -25
v -1.3656249999999936 8.51 -25
v -1.8599999999999959 8.015624999999998 -25
v -2.354374999999997 8.51 -25
v -3.8956249999999946 8.51 -25
v -4.389999999999995 8.015625 -25
v -4.884374999999997 8.51 -25
v -6.425624999999994 8.51 -25
v -6.919999999999995 8.015625 -25
v -7.414374999999995 8.51 -25
v -8.955624999999992 8.51 -25
v -9.455624999999994 8.01 -25
v -9.455624999999996 1.7 -25
v 10.795625000000003 1.7 -25
v 10.795625000000005 8.01 -25
v 10.295625000000005 8.51 -25
v 7.320000000000005 7.05 -25
v 6.670000000000004 7.05 -25
v 6.670000000000004 7.7 -25
v 7.320000000000005 7.7 -25
v 7.320000000000005 4.4499999999999975 -25
v 6.670000000000004 4.449999999999995 -25
v 6.670000000000004 5.1000000000000005 -25
v 7.320000000000005 5.1000000000000005 -25
v 7.320000000000005 1.850000000000001 -25
v 6.670000000000004 1.850000000000001 -25
v 6.670000000000004 2.5000000000000004 -25
v 7.320000000000005 2.5000000000000004 -25
v 4.7900000000000045 7.05 -25
v 4.140000000000005 7.05 -25
v 4.140000000000005 7.7 -25
v 4.7900000000000045 7.7 -25
v 4.7900000000000045 4.4499999999999975 -25
v 4.140000000000005 4.449999999999995 -25
v 4.140000000000005 5.1000000000000005 -25
v 4.7900000000000045 5.1000000000000005 -25
v 4.7900000000000045 1.850000000000001 -25
v 4.140000000000005 1.850000000000001 -25
v 4.140000000000005 2.5000000000000004 -25
v 4.7900000000000045 2.5000000000000004 -25
v 2.2600000000000042 7.05 -25
v 1.6100000000000043 7.05 -25
v 1.6100000000000043 7.7 -25
v 2.2600000000000042 7.7 -25
v 2.2600000000000042 4.4499999999999975 -25
v 1.6100000000000043 4.449999999999995 -25
v 1.6100000000000043 5.1000000000000005 -25
v 2.2600000000000042 5.1000000000000005 -25
v 2.2600000000000042 1.850000000000001 -25
v 1.6100000000000043 1.850000000000001 -25
v 1.6100000000000043 2.5000000000000004 -25
v 2.2600000000000042 2.5000000000000004 -25
v -0.2699999999999959 7.05 -25
v -0.9199999999999959 7.05 -25
v -0.9199999999999959 7.7 -25
v -0.2699999999999959 7.7 -25
v -0.2699999999999959 4.4499999999999975 -25
v -0.9199999999999959 4.449999999999995 -25
v -0.9199999999999959 5.1000000000000005 -25
v -0.2699999999999959 5.1000000000000005 -25
v -0.2699999999999959 1.850000000000001 -25
v -0.9199999999999959 1.850000000000001 -25
v -0.9199999999999959 2.5000000000000004 -25
v -0.2699999999999959 2.5000000000000004 -25
v -2.799999999999997 7.05 -25
v -3.449999999999997 7.05 -25
v -3.449999999999997 7.7 -25
v -2.799999999999997 7.7 -25
v -2.799999999999997 4.4499999999999975 -25
v -3.449999999999997 4.449999999999995 -25
v -3.449999999999997 5.1000000000000005 -25
v -2.799999999999997 5.1000000000000005 -25
v -2.799999999999997 1.850000000000001 -25
v -3.449999999999997 1.850000000000001 -25
v -3.449999999999997 2.5000000000000004 -25
v -2.799999999999997 2.5000000000000004 -25
v -5.3299999999999965 7.05 -25
v -5.979999999999996 7.05 -25
v -5.979999999999996 7.7 -25
v -5.3299999999999965 7.7 -25
v -5.3299999999999965 4.4499999999999975 -25
v -5.979999999999996 4.449999999999995 -25
v -5.979999999999996 5.1000000000000005 -25
v -5.3299999999999965 5.1000000000000005 -25
v -5.3299999999999965 1.850000000000001 -25
v -5.979999999999996 1.850000000000001 -25
v -5.979999999999996 2.5000000000000004 -25
v -5.3299999999999965 2.5000000000000004 -25
v -7.859999999999996 7.05 -25
v -8.509999999999994 7.05 -25
v -8.509999999999994 7.7 -25
v -7.859999999999996 7.7 -25
v -7.859999999999996 4.4499999999999975 -25
v -8.509999999999994 4.449999999999995 -25
v -8.509999999999994 5.1000000000000005 -25
v -7.859999999999996 5.1000000000000005 -25
v -7.859999999999996 1.850000000000001 -25
v -8.509999999999994 1.850000000000001 -25
v -8.509999999999994 2.5000000000000004 -25
v -7.859999999999996 2.5000000000000004 -25
v 9.850000000000005 1.850000000000001 -25
v 9.200000000000005 1.850000000000001 -25
v 9.200000000000005 2.5000000000000004 -25
v 9.850000000000005 2.5000000000000004 -25
v 9.850000000000005 4.4499999999999975 -25
v 9.200000000000005 4.449999999999995 -25
v 9.200000000000005 5.1000000000000005 -25
v 9.850000000000005 5.1000000000000005 -25
v 9.850000000000005 7.05 -25
v 9.200000000000005 7.05 -25
v 9.200000000000005 7.7 -25
v 9.850000000000005 7.7 -25
v 8.754375000000007 8.51 -27.55
v 8.754375000000007 8.51 -25
v 10.295625000000005 8.51 -27.55
v 10.295625000000005 8.51 -25
v 10.295625000000005 8.51 -27.55
v 10.295625000000005 8.51 -25
v 10.795625000000005 8.01 -27.55
v 10.795625000000005 8.01 -25
v 10.795625000000005 8.01 -27.55
v 10.795625000000005 8.01 -25
v 10.795625000000005 1.540000000000001 -27.55
v 10.795625000000005 1.540000000000001 -25
v 10.795625000000003 1.7 -25
v 10.795625000000005 1.540000000000001 -27.55
v 10.795625000000005 1.540000000000001 -25
v 10.295625000000005 1.040000000000001 -27.55
v 10.295625000000005 1.040000000000001 -25
v 10.295625000000005 1.040000000000001 -27.55
v 10.295625000000005 1.040000000000001 -25
v 8.754375000000007 1.040000000000001 -27.55
v 8.754375000000007 1.040000000000001 -25
v 10.295625000000005 1.040000000000001 -27.55
v 8.754375000000007 1.040000000000001 -27.55
v 10.795625000000005 1.540000000000001 -27.55
v 10.795625000000005 8.01 -27.55
v 10.295625000000005 8.51 -27.55
v 8.754375000000007 8.51 -27.55
v 8.260000000000007 8.015624999999998 -27.55
v 7.765625000000004 8.51 -27.55
v 6.224375000000006 8.51 -27.55
v 5.730000000000006 8.015625 -27.55
v 5.235625000000004 8.51 -27.55
v 3.6943750000000066 8.51 -27.55
v 3.200000000000006 8.015625 -27.55
v 2.705625000000004 8.51 -27.55
v 1.1643750000000066 8.51 -27.55
v 0.6700000000000056 8.015625 -27.55
v 0.17562500000000392 8.51 -27.55
v -1.3656249999999936 8.51 -27.55
v -1.8599999999999948 8.015625 -27.55
v -2.354374999999997 8.51 -27.55
v -3.8956249999999946 8.51 -27.55
v -4.389999999999995 8.015625 -27.55
v -4.884374999999997 8.51 -27.55
v -6.425624999999994 8.51 -27.55
v -6.919999999999995 8.015625 -27.55
v -7.414374999999995 8.51 -27.55
v -8.955624999999992 8.51 -27.55
v -9.455624999999994 8.01 -27.55
v -9.455624999999994 1.540000000000001 -27.55
v -8.955624999999992 1.040000000000001 -27.55
v -7.414374999999995 1.040000000000001 -27.55
v -6.9199999999999955 1.5343750000000025 -27.55
v -6.425624999999994 1.040000000000001 -27.55
v -4.884374999999997 1.040000000000001 -27.55
v -4.389999999999996 1.5343750000000025 -27.55
v -3.8956249999999946 1.040000000000001 -27.55
v -2.354374999999997 1.040000000000001 -27.55
v -1.8599999999999952 1.5343750000000032 -27.55
v -1.3656249999999936 1.040000000000001 -27.55
v 0.17562500000000392 1.040000000000001 -27.55
v 0.6700000000000059 1.5343750000000023 -27.55
v 1.1643750000000066 1.040000000000001 -27.55
v 2.705625000000004 1.040000000000001 -27.55
v 3.200000000000006 1.5343750000000025 -27.55
v 3.6943750000000066 1.040000000000001 -27.55
v 5.235625000000004 1.040000000000001 -27.55
v 5.730000000000006 1.5343750000000025 -27.55
v 6.224375000000006 1.040000000000001 -27.55
v 7.765625000000004 1.040000000000001 -27.55
v 8.260000000000007 1.5343750000000025 -27.55
v 9.200000000000005 2.5000000000000004 -27.55
v 9.850000000000005 2.5000000000000004 -27.55
v 9.850000000000005 1.850000000000001 -27.55
v 9.200000000000005 1.850000000000001 -27.55
v 9.200000000000005 5.1000000000000005 -27.55
v 9.850000000000005 5.1000000000000005 -27.55
v 9.850000000000005 4.449999999999997 -27.55
v 9.200000000000005 4.449999999999997 -27.55
v 9.200000000000005 7.7 -27.55
v 9.850000000000005 7.7 -27.55
v 9.850000000000005 7.05 -27.55
v 9.200000000000005 7.05 -27.55
v 6.670000000000004 7.7 -27.55
v 7.320000000000005 7.7 -27.55
v 7.320000000000005 7.05 -27.55
v 6.670000000000004 7.05 -27.55
v 6.670000000000004 5.1000000000000005 -27.55
v 7.320000000000005 5.1000000000000005 -27.55
v 7.320000000000005 4.449999999999997 -27.55
v 6.670000000000004 4.449999999999997 -27.55
v 6.670000000000004 2.5000000000000004 -27.55
v 7.320000000000005 2.5000000000000004 -27.55
v 7.320000000000005 1.850000000000001 -27.55
v 6.670000000000004 1.850000000000001 -27.55
v 4.140000000000005 7.7 -27.55
v 4.7900000000000045 7.7 -27.55
v 4.7900000000000045 7.05 -27.55
v 4.140000000000005 7.05 -27.55
v 4.140000000000005 5.1000000000000005 -27.55
v 4.7900000000000045 5.1000000000000005 -27.55
v 4.7900000000000045 4.449999999999997 -27.55
v 4.140000000000005 4.449999999999997 -27.55
v 4.140000000000005 2.5000000000000004 -27.55
v 4.7900000000000045 2.5000000000000004 -27.55
v 4.7900000000000045 1.850000000000001 -27.55
v 4.140000000000005 1.850000000000001 -27.55
v 1.6100000000000043 7.7 -27.55
v 2.2600000000000042 7.7 -27.55
v 2.2600000000000042 7.05 -27.55
v 1.6100000000000043 7.05 -27.55
v 1.6100000000000043 5.1000000000000005 -27.55
v 2.2600000000000042 5.1000000000000005 -27.55
v 2.2600000000000042 4.449999999999997 -27.55
v 1.6100000000000043 4.449999999999997 -27.55
v 1.6100000000000043 2.5000000000000004 -27.55
v 2.2600000000000042 2.5000000000000004 -27.55
v 2.2600000000000042 1.850000000000001 -27.55
v 1.6100000000000043 1.850000000000001 -27.55
v -0.9199999999999959 7.7 -27.55
v -0.2699999999999959 7.7 -27.55
v -0.2699999999999959 7.05 -27.55
v -0.9199999999999959 7.05 -27.55
v -0.9199999999999959 5.1000000000000005 -27.55
v -0.2699999999999959 5.1000000000000005 -27.55
v -0.2699999999999959 4.449999999999997 -27.55
v -0.9199999999999959 4.449999999999997 -27.55
v -0.9199999999999959 2.5000000000000004 -27.55
v -0.2699999999999959 2.5000000000000004 -27.55
v -0.2699999999999959 1.850000000000001 -27.55
v -0.9199999999999959 1.850000000000001 -27.55
v -3.449999999999997 7.7 -27.55
v -2.799999999999997 7.7 -27.55
v -2.799999999999997 7.05 -27.55
v -3.449999999999997 7.05 -27.55
v -3.449999999999997 5.1000000000000005 -27.55
v -2.799999999999997 5.1000000000000005 -27.55
v -2.799999999999997 4.449999999999997 -27.55
v -3.449999999999997 4.449999999999997 -27.55
v -3.449999999999997 2.5000000000000004 -27.55
v -2.799999999999997 2.5000000000000004 -27.55
v -2.799999999999997 1.850000000000001 -27.55
v -3.449999999999997 1.850000000000001 -27.55
v -5.979999999999996 7.7 -27.55
v -5.3299999999999965 7.7 -27.55
v -5.3299999999999965 7.05 -27.55
v -5.979999999999996 7.05 -27.55
v -5.979999999999996 5.1000000000000005 -27.55
v -5.3299999999999965 5.1000000000000005 -27.55
v -5.3299999999999965 4.449999999999997 -27.55
v -5.979999999999996 4.449999999999997 -27.55
v -5.979999999999996 2.5000000000000004 -27.55
v -5.3299999999999965 2.5000000000000004 -27.55
v -5.3299999999999965 1.850000000000001 -27.55
v -5.979999999999996 1.850000000000001 -27.55
v -8.509999999999994 7.7 -27.55
v -7.859999999999996 7.7 -27.55
v -7.859999999999996 7.05 -27.55
v -8.509999999999994 7.05 -27.55
v -8.509999999999994 5.1000000000000005 -27.55
v -7.859999999999996 5.1000000000000005 -27.55
v -7.859999999999996 4.449999999999997 -27.55
v -8.509999999999994 4.449999999999997 -27.55
v -8.509999999999994 2.5000000000000004 -27.55
v -7.859999999999996 2.5000000000000004 -27.55
v -7.859999999999996 1.850000000000001 -27.55
v -8.509999999999994 1.850000000000001 -27.55
v 9.850000000000005 1.850000000000001 -34.3
v 9.850000000000005 2.5000000000000004 -34.3
v 9.200000000000005 1.850000000000001 -34.3
v 9.200000000000005 2.5000000000000004 -34.3
v 9.200000000000005 1.850000000000001 -27.55
v 9.200000000000005 1.850000000000001 -34.3
v 9.200000000000005 2.5000000000000004 -27.55
v 9.200000000000005 2.5000000000000004 -34.3
v 9.850000000000005 2.5000000000000004 -34.3
v 9.850000000000005 2.5000000000000004 -27.55
v 9.850000000000005 1.850000000000001 -34.3
v 9.850000000000005 1.850000000000001 -27.55
v 9.850000000000005 1.850000000000001 -27.55
v 9.850000000000005 1.850000000000001 -34.3
v 9.200000000000005 1.850000000000001 -27.55
v 9.200000000000005 1.850000000000001 -34.3
v 9.200000000000005 2.5000000000000004 -34.3
v 9.200000000000005 2.5000000000000004 -27.55
v 9.850000000000005 2.5000000000000004 -27.55
v 9.850000000000005 2.5000000000000004 -34.3
v 9.850000000000005 4.450000000000001 -34.3
v 9.850000000000005 5.1000000000000005 -34.3
v 9.200000000000005 4.450000000000001 -34.3
v 9.200000000000005 5.1000000000000005 -34.3
v 9.200000000000005 4.449999999999997 -27.55
v 9.200000000000005 4.450000000000001 -34.3
v 9.200000000000005 5.1000000000000005 -27.55
v 9.200000000000005 5.1000000000000005 -34.3
v 9.850000000000005 5.1000000000000005 -34.3
v 9.850000000000005 5.1000000000000005 -27.55
v 9.850000000000005 4.450000000000001 -34.3
v 9.850000000000005 4.449999999999997 -27.55
v 9.850000000000005 4.449999999999997 -27.55
v 9.850000000000005 4.450000000000001 -34.3
v 9.200000000000005 4.449999999999997 -27.55
v 9.200000000000005 4.450000000000001 -34.3
v 9.200000000000005 5.1000000000000005 -34.3
v 9.200000000000005 5.1000000000000005 -27.55
v 9.850000000000005 5.1000000000000005 -27.55
v 9.850000000000005 5.1000000000000005 -34.3
v 9.850000000000005 7.050000000000001 -34.3
v 9.850000000000005 7.7 -34.3
v 9.200000000000005 7.050000000000001 -34.3
v 9.200000000000005 7.7 -34.3
v 9.200000000000005 7.05 -27.55
v 9.200000000000005 7.050000000000001 -34.3
v 9.200000000000005 7.7 -27.55
v 9.200000000000005 7.7 -34.3
v 9.850000000000005 7.7 -34.3
v 9.850000000000005 7.7 -27.55
v 9.850000000000005 7.050000000000001 -34.3
v 9.850000000000005 7.05 -27.55
v 9.850000000000005 7.05 -27.55
v 9.850000000000005 7.050000000000001 -34.3
v 9.200000000000005 7.05 -27.55
v 9.200000000000005 7.050000000000001 -34.3
v 9.200000000000005 7.7 -34.3
v 9.200000000000005 7.7 -27.55
v 9.850000000000005 7.7 -27.55
v 9.850000000000005 7.7 -34.3
v 7.765625000000004 8.51 -27.55
v 7.765625000000004 8.51 -25
v 8.260000000000007 8.015624999999998 -27.55
v 8.260000000000007 8.015624999999998 -25
v 7.765625000000004 1.040000000000001 -27.55
v 7.765625000000005 1.040000000000001 -25
v 8.260000000000005 1.5343750000000018 -25
v 8.260000000000007 1.5343750000000025 -27.55
v 6.224375000000001 1.0399999999999991 -25
v 5.730000000000002 1.534375000000001 -25
v 6.224375000000006 1.040000000000001 -27.55
v 5.730000000000006 1.5343750000000025 -27.55
v 5.730000000000006 8.015625 -27.55
v 6.224375000000006 8.51 -27.55
v 6.224375000000006 8.51 -25
v 5.730000000000005 8.015624999999998 -25
v 6.224375000000006 8.51 -27.55
v 6.224375000000006 8.51 -25
v 7.765625000000004 8.51 -27.55
v 7.765625000000004 8.51 -25
v 7.765625000000004 1.040000000000001 -27.55
v 7.765625000000005 1.040000000000001 -25
v 6.224375000000006 1.040000000000001 -27.55
v 6.224375000000001 1.0399999999999991 -25
v 5.235625000000004 8.51 -27.55
v 5.235625000000004 8.51 -25
v 5.730000000000006 8.015625 -27.55
v 5.730000000000005 8.015624999999998 -25
v 5.235625000000004 1.040000000000001 -27.55
v 5.235625000000001 1.040000000000001 -25
v 5.730000000000002 1.534375000000001 -25
v 5.730000000000006 1.5343750000000025 -27.55
v 3.694375 1.0399999999999991 -25
v 3.200000000000008 1.5343750000000045 -25
v 3.6943750000000066 1.040000000000001 -27.55
v 3.200000000000006 1.5343750000000025 -27.55
v 3.200000000000006 8.015625 -27.55
v 3.6943750000000066 8.51 -27.55
v 3.6943750000000066 8.51 -25
v 3.200000000000005 8.015624999999998 -25
v 3.6943750000000066 8.51 -27.55
v 3.6943750000000066 8.51 -25
v 5.235625000000004 8.51 -27.55
v 5.235625000000004 8.51 -25
v 5.235625000000004 1.040000000000001 -27.55
v 5.235625000000001 1.040000000000001 -25
v 3.6943750000000066 1.040000000000001 -27.55
v 3.694375 1.0399999999999991 -25
v 2.705625000000004 8.51 -27.55
v 2.705625000000004 8.51 -25
v 3.200000000000006 8.015625 -27.55
v 3.200000000000005 8.015624999999998 -25
v 2.705625000000004 1.040000000000001 -27.55
v 2.705625000000003 1.040000000000001 -25
v 3.200000000000008 1.5343750000000045 -25
v 3.200000000000006 1.5343750000000025 -27.55
v 1.1643750000000057 1.0399999999999991 -25
v 0.6700000000000039 1.5343750000000045 -25
v 1.1643750000000066 1.040000000000001 -27.55
v 0.6700000000000059 1.5343750000000023 -27.55
v 0.6700000000000056 8.015625 -27.55
v 1.1643750000000066 8.51 -27.55
v 1.1643750000000066 8.51 -25
v 0.6700000000000048 8.015625 -25
v 1.1643750000000066 8.51 -27.55
v 1.1643750000000066 8.51 -25
v 2.705625000000004 8.51 -27.55
v 2.705625000000004 8.51 -25
v 2.705625000000004 1.040000000000001 -27.55
v 2.705625000000003 1.040000000000001 -25
v 1.1643750000000066 1.040000000000001 -27.55
v 1.1643750000000057 1.0399999999999991 -25
v 0.17562500000000392 8.51 -27.55
v 0.17562500000000392 8.51 -25
v 0.6700000000000056 8.015625 -27.55
v 0.6700000000000048 8.015625 -25
v 0.17562500000000392 1.040000000000001 -27.55
v 0.17562500000000564 1.040000000000001 -25
v 0.6700000000000039 1.5343750000000045 -25
v 0.6700000000000059 1.5343750000000023 -27.55
v -1.3656249999999952 1.0400000000000027 -25
v -1.859999999999997 1.534375000000001 -25
v -1.3656249999999936 1.040000000000001 -27.55
v -1.8599999999999952 1.5343750000000032 -27.55
v -1.8599999999999948 8.015625 -27.55
v -1.3656249999999936 8.51 -27.55
v -1.3656249999999936 8.51 -25
v -1.8599999999999959 8.015624999999998 -25
v -1.3656249999999936 8.51 -27.55
v -1.3656249999999936 8.51 -25
v 0.17562500000000392 8.51 -27.55
v 0.17562500000000392 8.51 -25
v 0.17562500000000392 1.040000000000001 -27.55
v 0.17562500000000564 1.040000000000001 -25
v -1.3656249999999936 1.040000000000001 -27.55
v -1.3656249999999952 1.0400000000000027 -25
v -2.354374999999997 8.51 -27.55
v -2.354374999999997 8.51 -25
v -1.8599999999999948 8.015625 -27.55
v -1.8599999999999959 8.015624999999998 -25
v -2.354374999999997 1.040000000000001 -27.55
v -2.3543749999999988 1.040000000000001 -25
v -1.859999999999997 1.534375000000001 -25
v -1.8599999999999952 1.5343750000000032 -27.55
v -3.8956249999999946 1.040000000000001 -25
v -4.389999999999996 1.5343749999999994 -25
v -3.8956249999999946 1.040000000000001 -27.55
v -4.389999999999996 1.5343750000000025 -27.55
v -4.389999999999995 8.015625 -27.55
v -3.8956249999999946 8.51 -27.55
v -3.8956249999999946 8.51 -25
v -4.389999999999995 8.015625 -25
v -3.8956249999999946 8.51 -27.55
v -3.8956249999999946 8.51 -25
v -2.354374999999997 8.51 -27.55
v -2.354374999999997 8.51 -25
v -2.354374999999997 1.040000000000001 -27.55
v -2.3543749999999988 1.040000000000001 -25
v -3.8956249999999946 1.040000000000001 -27.55
v -3.8956249999999946 1.040000000000001 -25
v -4.884374999999997 8.51 -27.55
v -4.884374999999997 8.51 -25
v -4.389999999999995 8.015625 -27.55
v -4.389999999999995 8.015625 -25
v -4.884374999999997 1.040000000000001 -27.55
v -4.884374999999997 1.040000000000001 -25
v -4.389999999999996 1.5343749999999994 -25
v -4.389999999999996 1.5343750000000025 -27.55
v -6.425624999999996 1.0400000000000027 -25
v -6.919999999999994 1.5343749999999994 -25
v -6.425624999999994 1.040000000000001 -27.55
v -6.9199999999999955 1.5343750000000025 -27.55
v -6.919999999999995 8.015625 -27.55
v -6.425624999999994 8.51 -27.55
v -6.425624999999994 8.51 -25
v -6.919999999999995 8.015625 -25
v -6.425624999999994 8.51 -27.55
v -6.425624999999994 8.51 -25
v -4.884374999999997 8.51 -27.55
v -4.884374999999997 8.51 -25
v -4.884374999999997 1.040000000000001 -27.55
v -4.884374999999997 1.040000000000001 -25
v -6.425624999999994 1.040000000000001 -27.55
v -6.425624999999996 1.0400000000000027 -25
v -7.414374999999995 8.51 -27.55
v -7.414374999999995 8.51 -25
v -6.919999999999995 8.015625 -27.55
v -6.919999999999995 8.015625 -25
v -7.414374999999995 1.040000000000001 -27.55
v -7.414374999999997 1.040000000000001 -25
v -6.919999999999994 1.5343749999999994 -25
v -6.9199999999999955 1.5343750000000025 -27.55
v -8.955624999999992 8.51 -27.55
v -8.955624999999992 8.51 -25
v -7.414374999999995 8.51 -27.55
v -7.414374999999995 8.51 -25
v -7.414374999999995 1.040000000000001 -27.55
v -7.414374999999997 1.040000000000001 -25
v -8.955624999999992 1.040000000000001 -27.55
v -8.955624999999994 1.040000000000001 -25
v -8.955624999999992 1.040000000000001 -27.55
v -8.955624999999994 1.040000000000001 -25
v -9.455624999999994 1.540000000000001 -27.55
v -9.455624999999996 1.540000000000001 -25
v -9.455624999999994 1.540000000000001 -27.55
v -9.455624999999996 1.540000000000001 -25
v -9.455624999999994 8.01 -27.55
v -9.455624999999994 8.01 -25
v -9.455624999999996 1.7 -25
v -9.455624999999994 8.01 -27.55
v -9.455624999999994 8.01 -25
v -8.955624999999992 8.51 -27.55
v -8.955624999999992 8.51 -25
v -7.859999999999996 1.850000000000001 -34.3
v -7.859999999999996 2.5000000000000004 -34.3
v -8.509999999999994 1.850000000000001 -34.3
v -8.509999999999994 2.5000000000000004 -34.3
v -8.509999999999994 1.850000000000001 -27.55
v -8.509999999999994 1.850000000000001 -34.3
v -8.509999999999994 2.5000000000000004 -27.55
v -8.509999999999994 2.5000000000000004 -34.3
v -7.859999999999996 2.5000000000000004 -34.3
v -7.859999999999996 2.5000000000000004 -27.55
v -7.859999999999996 1.850000000000001 -34.3
v -7.859999999999996 1.850000000000001 -27.55
v -7.859999999999996 1.850000000000001 -27.55
v -7.859999999999996 1.850000000000001 -34.3
v -8.509999999999994 1.850000000000001 -27.55
v -8.509999999999994 1.850000000000001 -34.3
v -8.509999999999994 2.5000000000000004 -34.3
v -8.509999999999994 2.5000000000000004 -27.55
v -7.859999999999996 2.5000000000000004 -27.55
v -7.859999999999996 2.5000000000000004 -34.3
v -7.859999999999996 4.450000000000001 -34.3
v -7.859999999999996 5.1000000000000005 -34.3
v -8.509999999999994 4.450000000000001 -34.3
v -8.509999999999994 5.1000000000000005 -34.3
v -8.509999999999994 4.449999999999997 -27.55
v -8.509999999999994 4.450000000000001 -34.3
v -8.509999999999994 5.1000000000000005 -27.55
v -8.509999999999994 5.1000000000000005 -34.3
v -7.859999999999996 5.1000000000000005 -34.3
v -7.859999999999996 5.1000000000000005 -27.55
v -7.859999999999996 4.450000000000001 -34.3
v -7.859999999999996 4.449999999999997 -27.55
v -7.859999999999996 4.449999999999997 -27.55
v -7.859999999999996 4.450000000000001 -34.3
v -8.509999999999994 4.449999999999997 -27.55
v -8.509999999999994 4.450000000000001 -34.3
v -8.509999999999994 5.1000000000000005 -34.3
v -8.509999999999994 5.1000000000000005 -27.55
v -7.859999999999996 5.1000000000000005 -27.55
v -7.859999999999996 5.1000000000000005 -34.3
v -7.859999999999996 7.050000000000001 -34.3
v -7.859999999999996 7.7 -34.3
v -8.509999999999994 7.050000000000001 -34.3
v -8.509999999999994 7.7 -34.3
v -8.509999999999994 7.05 -27.55
v -8.509999999999994 7.050000000000001 -34.3
v -8.509999999999994 7.7 -27.55
v -8.509999999999994 7.7 -34.3
v -7.859999999999996 7.7 -34.3
v -7.859999999999996 7.7 -27.55
v -7.859999999999996 7.050000000000001 -34.3
v -7.859999999999996 7.05 -27.55
v -7.859999999999996 7.05 -27.55
v -7.859999999999996 7.050000000000001 -34.3
v -8.509999999999994 7.05 -27.55
v -8.509999999999994 7.050000000000001 -34.3
v -8.509999999999994 7.7 -34.3
v -8.509999999999994 7.7 -27.55
v -7.859999999999996 7.7 -27.55
v -7.859999999999996 7.7 -34.3
v -5.3299999999999965 1.850000000000001 -34.3
v -5.3299999999999965 2.5000000000000004 -34.3
v -5.979999999999996 1.850000000000001 -34.3
v -5.979999999999996 2.5000000000000004 -34.3
v -5.979999999999996 1.850000000000001 -27.55
v -5.979999999999996 1.850000000000001 -34.3
v -5.979999999999996 2.5000000000000004 -27.55
v -5.979999999999996 2.5000000000000004 -34.3
v -5.3299999999999965 2.5000000000000004 -34.3
v -5.3299999999999965 2.5000000000000004 -27.55
v -5.3299999999999965 1.850000000000001 -34.3
v -5.3299999999999965 1.850000000000001 -27.55
v -5.3299999999999965 1.850000000000001 -27.55
v -5.3299999999999965 1.850000000000001 -34.3
v -5.979999999999996 1.850000000000001 -27.55
v -5.979999999999996 1.850000000000001 -34.3
v -5.979999999999996 2.5000000000000004 -34.3
v -5.979999999999996 2.5000000000000004 -27.55
v -5.3299999999999965 2.5000000000000004 -27.55
v -5.3299999999999965 2.5000000000000004 -34.3
v -5.3299999999999965 4.450000000000001 -34.3
v -5.3299999999999965 5.1000000000000005 -34.3
v -5.979999999999996 4.450000000000001 -34.3
v -5.979999999999996 5.1000000000000005 -34.3
v -5.979999999999996 4.449999999999997 -27.55
v -5.979999999999996 4.450000000000001 -34.3
v -5.979999999999996 5.1000000000000005 -27.55
v -5.979999999999996 5.1000000000000005 -34.3
v -5.3299999999999965 5.1000000000000005 -34.3
v -5.3299999999999965 5.1000000000000005 -27.55
v -5.3299999999999965 4.450000000000001 -34.3
v -5.3299999999999965 4.449999999999997 -27.55
v -5.3299999999999965 4.449999999999997 -27.55
v -5.3299999999999965 4.450000000000001 -34.3
v -5.979999999999996 4.449999999999997 -27.55
v -5.979999999999996 4.450000000000001 -34.3
v -5.979999999999996 5.1000000000000005 -34.3
v -5.979999999999996 5.1000000000000005 -27.55
v -5.3299999999999965 5.1000000000000005 -27.55
v -5.3299999999999965 5.1000000000000005 -34.3
v -5.3299999999999965 7.050000000000001 -34.3
v -5.3299999999999965 7.7 -34.3
v -5.979999999999996 7.050000000000001 -34.3
v -5.979999999999996 7.7 -34.3
v -5.979999999999996 7.05 -27.55
v -5.979999999999996 7.050000000000001 -34.3
v -5.979999999999996 7.7 -27.55
v -5.979999999999996 7.7 -34.3
v -5.3299999999999965 7.7 -34.3
v -5.3299999999999965 7.7 -27.55
v -5.3299999999999965 7.050000000000001 -34.3
v -5.3299999999999965 7.05 -27.55
v -5.3299999999999965 7.05 -27.55
v -5.3299999999999965 7.050000000000001 -34.3
v -5.979999999999996 7.05 -27.55
v -5.979999999999996 7.050000000000001 -34.3
v -5.979999999999996 7.7 -34.3
v -5.979999999999996 7.7 -27.55
v -5.3299999999999965 7.7 -27.55
v -5.3299999999999965 7.7 -34.3
v -2.799999999999997 1.850000000000001 -34.3
v -2.799999999999997 2.5000000000000004 -34.3
v -3.449999999999997 1.850000000000001 -34.3
v -3.449999999999997 2.5000000000000004 -34.3
v -3.449999999999997 1.850000000000001 -27.55
v -3.449999999999997 1.850000000000001 -34.3
v -3.449999999999997 2.5000000000000004 -27.55
v -3.449999999999997 2.5000000000000004 -34.3
v -2.799999999999997 2.5000000000000004 -34.3
v -2.799999999999997 2.5000000000000004 -27.55
v -2.799999999999997 1.850000000000001 -34.3
v -2.799999999999997 1.850000000000001 -27.55
v -2.799999999999997 1.850000000000001 -27.55
v -2.799999999999997 1.850000000000001 -34.3
v -3.449999999999997 1.850000000000001 -27.55
v -3.449999999999997 1.850000000000001 -34.3
v -3.449999999999997 2.5000000000000004 -34.3
v -3.449999999999997 2.5000000000000004 -27.55
v -2.799999999999997 2.5000000000000004 -27.55
v -2.799999999999997 2.5000000000000004 -34.3
v -2.799999999999997 4.450000000000001 -34.3
v -2.799999999999997 5.1000000000000005 -34.3
v -3.449999999999997 4.450000000000001 -34.3
v -3.449999999999997 5.1000000000000005 -34.3
v -3.449999999999997 4.449999999999997 -27.55
v -3.449999999999997 4.450000000000001 -34.3
v -3.449999999999997 5.1000000000000005 -27.55
v -3.449999999999997 5.1000000000000005 -34.3
v -2.799999999999997 5.1000000000000005 -34.3
v -2.799999999999997 5.1000000000000005 -27.55
v -2.799999999999997 4.450000000000001 -34.3
v -2.799999999999997 4.449999999999997 -27.55
v -2.799999999999997 4.449999999999997 -27.55
v -2.799999999999997 4.450000000000001 -34.3
v -3.449999999999997 4.449999999999997 -27.55
v -3.449999999999997 4.450000000000001 -34.3
v -3.449999999999997 5.1000000000000005 -34.3
v -3.449999999999997 5.1000000000000005 -27.55
v -2.799999999999997 5.1000000000000005 -27.55
v -2.799999999999997 5.1000000000000005 -34.3
v -2.799999999999997 7.050000000000001 -34.3
v -2.799999999999997 7.7 -34.3
v -3.449999999999997 7.050000000000001 -34.3
v -3.449999999999997 7.7 -34.3
v -3.449999999999997 7.05 -27.55
v -3.449999999999997 7.050000000000001 -34.3
v -3.449999999999997 7.7 -27.55
v -3.449999999999997 7.7 -34.3
v -2.799999999999997 7.7 -34.3
v -2.799999999999997 7.7 -27.55
v -2.799999999999997 7.050000000000001 -34.3
v -2.799999999999997 7.05 -27.55
v -2.799999999999997 7.05 -27.55
v -2.799999999999997 7.050000000000001 -34.3
v -3.449999999999997 7.05 -27.55
v -3.449999999999997 7.050000000000001 -34.3
v -3.449999999999997 7.7 -34.3
v -3.449999999999997 7.7 -27.55
v -2.799999999999997 7.7 -27.55
v -2.799999999999997 7.7 -34.3
v -0.2699999999999959 1.850000000000001 -34.3
v -0.2699999999999959 2.5000000000000004 -34.3
v -0.9199999999999959 1.850000000000001 -34.3
v -0.9199999999999959 2.5000000000000004 -34.3
v -0.9199999999999959 1.850000000000001 -27.55
v -0.9199999999999959 1.850000000000001 -34.3
v -0.9199999999999959 2.5000000000000004 -27.55
v -0.9199999999999959 2.5000000000000004 -34.3
v -0.2699999999999959 2.5000000000000004 -34.3
v -0.2699999999999959 2.5000000000000004 -27.55
v -0.2699999999999959 1.850000000000001 -34.3
v -0.2699999999999959 1.850000000000001 -27.55
v -0.2699999999999959 1.850000000000001 -27.55
v -0.2699999999999959 1.850000000000001 -34.3
v -0.9199999999999959 1.850000000000001 -27.55
v -0.9199999999999959 1.850000000000001 -34.3
v -0.9199999999999959 2.5000000000000004 -34.3
v -0.9199999999999959 2.5000000000000004 -27.55
v -0.2699999999999959 2.5000000000000004 -27.55
v -0.2699999999999959 2.5000000000000004 -34.3
v -0.2699999999999959 4.450000000000001 -34.3
v -0.2699999999999959 5.1000000000000005 -34.3
v -0.9199999999999959 4.450000000000001 -34.3
v -0.9199999999999959 5.1000000000000005 -34.3
v -0.9199999999999959 4.449999999999997 -27.55
v -0.9199999999999959 4.450000000000001 -34.3
v -0.9199999999999959 5.1000000000000005 -27.55
v -0.9199999999999959 5.1000000000000005 -34.3
v -0.2699999999999959 5.1000000000000005 -34.3
v -0.2699999999999959 5.1000000000000005 -27.55
v -0.2699999999999959 4.450000000000001 -34.3
v -0.2699999999999959 4.449999999999997 -27.55
v -0.2699999999999959 4.449999999999997 -27.55
v -0.2699999999999959 4.450000000000001 -34.3
v -0.9199999999999959 4.449999999999997 -27.55
v -0.9199999999999959 4.450000000000001 -34.3
v -0.9199999999999959 5.1000000000000005 -34.3
v -0.9199999999999959 5.1000000000000005 -27.55
v -0.2699999999999959 5.1000000000000005 -27.55
v -0.2699999999999959 5.1000000000000005 -34.3
v -0.2699999999999959 7.050000000000001 -34.3
v -0.2699999999999959 7.7 -34.3
v -0.9199999999999959 7.050000000000001 -34.3
v -0.9199999999999959 7.7 -34.3
v -0.9199999999999959 7.05 -27.55
v -0.9199999999999959 7.050000000000001 -34.3
v -0.9199999999999959 7.7 -27.55
v -0.9199999999999959 7.7 -34.3
v -0.2699999999999959 7.7 -34.3
v -0.2699999999999959 7.7 -27.55
v -0.2699999999999959 7.050000000000001 -34.3
v -0.2699999999999959 7.05 -27.55
v -0.2699999999999959 7.05 -27.55
v -0.2699999999999959 7.050000000000001 -34.3
v -0.9199999999999959 7.05 -27.55
v -0.9199999999999959 7.050000000000001 -34.3
v -0.9199999999999959 7.7 -34.3
v -0.9199999999999959 7.7 -27.55
v -0.2699999999999959 7.7 -27.55
v -0.2699999999999959 7.7 -34.3
v 2.2600000000000042 1.850000000000001 -34.3
v 2.2600000000000042 2.5000000000000004 -34.3
v 1.6100000000000043 1.850000000000001 -34.3
v 1.6100000000000043 2.5000000000000004 -34.3
v 1.6100000000000043 1.850000000000001 -27.55
v 1.6100000000000043 1.850000000000001 -34.3
v 1.6100000000000043 2.5000000000000004 -27.55
v 1.6100000000000043 2.5000000000000004 -34.3
v 2.2600000000000042 2.5000000000000004 -34.3
v 2.2600000000000042 2.5000000000000004 -27.55
v 2.2600000000000042 1.850000000000001 -34.3
v 2.2600000000000042 1.850000000000001 -27.55
v 2.2600000000000042 1.850000000000001 -27.55
v 2.2600000000000042 1.850000000000001 -34.3
v 1.6100000000000043 1.850000000000001 -27.55
v 1.6100000000000043 1.850000000000001 -34.3
v 1.6100000000000043 2.5000000000000004 -34.3
v 1.6100000000000043 2.5000000000000004 -27.55
v 2.2600000000000042 2.5000000000000004 -27.55
v 2.2600000000000042 2.5000000000000004 -34.3
v 2.2600000000000042 4.450000000000001 -34.3
v 2.2600000000000042 5.1000000000000005 -34.3
v 1.6100000000000043 4.450000000000001 -34.3
v 1.6100000000000043 5.1000000000000005 -34.3
v 1.6100000000000043 4.449999999999997 -27.55
v 1.6100000000000043 4.450000000000001 -34.3
v 1.6100000000000043 5.1000000000000005 -27.55
v 1.6100000000000043 5.1000000000000005 -34.3
v 2.2600000000000042 5.1000000000000005 -34.3
v 2.2600000000000042 5.1000000000000005 -27.55
v 2.2600000000000042 4.450000000000001 -34.3
v 2.2600000000000042 4.449999999999997 -27.55
v 2.2600000000000042 4.449999999999997 -27.55
v 2.2600000000000042 4.450000000000001 -34.3
v 1.6100000000000043 4.449999999999997 -27.55
v 1.6100000000000043 4.450000000000001 -34.3
v 1.6100000000000043 5.1000000000000005 -34.3
v 1.6100000000000043 5.1000000000000005 -27.55
v 2.2600000000000042 5.1000000000000005 -27.55
v 2.2600000000000042 5.1000000000000005 -34.3
v 2.2600000000000042 7.050000000000001 -34.3
v 2.2600000000000042 7.7 -34.3
v 1.6100000000000043 7.050000000000001 -34.3
v 1.6100000000000043 7.7 -34.3
v 1.6100000000000043 7.05 -27.55
v 1.6100000000000043 7.050000000000001 -34.3
v 1.6100000000000043 7.7 -27.55
v 1.6100000000000043 7.7 -34.3
v 2.2600000000000042 7.7 -34.3
v 2.2600000000000042 7.7 -27.55
v 2.2600000000000042 7.050000000000001 -34.3
v 2.2600000000000042 7.05 -27.55
v 2.2600000000000042 7.05 -27.55
v 2.2600000000000042 7.050000000000001 -34.3
v 1.6100000000000043 7.05 -27.55
v 1.6100000000000043 7.050000000000001 -34.3
v 1.6100000000000043 7.7 -34.3
v 1.6100000000000043 7.7 -27.55
v 2.2600000000000042 7.7 -27.55
v 2.2600000000000042 7.7 -34.3
v 4.7900000000000045 1.850000000000001 -34.3
v 4.7900000000000045 2.5000000000000004 -34.3
v 4.140000000000005 1.850000000000001 -34.3
v 4.140000000000005 2.5000000000000004 -34.3
v 4.140000000000005 1.850000000000001 -27.55
v 4.140000000000005 1.850000000000001 -34.3
v 4.140000000000005 2.5000000000000004 -27.55
v 4.140000000000005 2.5000000000000004 -34.3
v 4.7900000000000045 2.5000000000000004 -34.3
v 4.7900000000000045 2.5000000000000004 -27.55
v 4.7900000000000045 1.850000000000001 -34.3
v 4.7900000000000045 1.850000000000001 -27.55
v 4.7900000000000045 1.850000000000001 -27.55
v 4.7900000000000045 1.850000000000001 -34.3
v 4.140000000000005 1.850000000000001 -27.55
v 4.140000000000005 1.850000000000001 -34.3
v 4.140000000000005 2.5000000000000004 -34.3
v 4.140000000000005 2.5000000000000004 -27.55
v 4.7900000000000045 2.5000000000000004 -27.55
v 4.7900000000000045 2.5000000000000004 -34.3
v 4.7900000000000045 4.450000000000001 -34.3
v 4.7900000000000045 5.1000000000000005 -34.3
v 4.140000000000005 4.450000000000001 -34.3
v 4.140000000000005 5.1000000000000005 -34.3
v 4.140000000000005 4.449999999999997 -27.55
v 4.140000000000005 4.450000000000001 -34.3
v 4.140000000000005 5.1000000000000005 -27.55
v 4.140000000000005 5.1000000000000005 -34.3
v 4.7900000000000045 5.1000000000000005 -34.3
v 4.7900000000000045 5.1000000000000005 -27.55
v 4.7900000000000045 4.450000000000001 -34.3
v 4.7900000000000045 4.449999999999997 -27.55
v 4.7900000000000045 4.449999999999997 -27.55
v 4.7900000000000045 4.450000000000001 -34.3
v 4.140000000000005 4.449999999999997 -27.55
v 4.140000000000005 4.450000000000001 -34.3
v 4.140000000000005 5.1000000000000005 -34.3
v 4.140000000000005 5.1000000000000005 -27.55
v 4.7900000000000045 5.1000000000000005 -27.55
v 4.7900000000000045 5.1000000000000005 -34.3
v 4.7900000000000045 7.050000000000001 -34.3
v 4.7900000000000045 7.7 -34.3
v 4.140000000000005 7.050000000000001 -34.3
v 4.140000000000005 7.7 -34.3
v 4.140000000000005 7.05 -27.55
v 4.140000000000005 7.050000000000001 -34.3
v 4.140000000000005 7.7 -27.55
v 4.140000000000005 7.7 -34.3
v 4.7900000000000045 7.7 -34.3
v 4.7900000000000045 7.7 -27.55
v 4.7900000000000045 7.050000000000001 -34.3
v 4.7900000000000045 7.05 -27.55
v 4.7900000000000045 7.05 -27.55
v 4.7900000000000045 7.050000000000001 -34.3
v 4.140000000000005 7.05 -27.55
v 4.140000000000005 7.050000000000001 -34.3
v 4.140000000000005 7.7 -34.3
v 4.140000000000005 7.7 -27.55
v 4.7900000000000045 7.7 -27.55
v 4.7900000000000045 7.7 -34.3
v 7.320000000000005 1.850000000000001 -34.3
v 7.320000000000005 2.5000000000000004 -34.3
v 6.670000000000004 1.850000000000001 -34.3
v 6.670000000000004 2.5000000000000004 -34.3
v 6.670000000000004 1.850000000000001 -27.55
v 6.670000000000004 1.850000000000001 -34.3
v 6.670000000000004 2.5000000000000004 -27.55
v 6.670000000000004 2.5000000000000004 -34.3
v 7.320000000000005 2.5000000000000004 -34.3
v 7.320000000000005 2.5000000000000004 -27.55
v 7.320000000000005 1.850000000000001 -34.3
v 7.320000000000005 1.850000000000001 -27.55
v 7.320000000000005 1.850000000000001 -27.55
v 7.320000000000005 1.850000000000001 -34.3
v 6.670000000000004 1.850000000000001 -27.55
v 6.670000000000004 1.850000000000001 -34.3
v 6.670000000000004 2.5000000000000004 -34.3
v 6.670000000000004 2.5000000000000004 -27.55
v 7.320000000000005 2.5000000000000004 -27.55
v 7.320000000000005 2.5000000000000004 -34.3
v 7.320000000000005 4.450000000000001 -34.3
v 7.320000000000005 5.1000000000000005 -34.3
v 6.670000000000004 4.450000000000001 -34.3
v 6.670000000000004 5.1000000000000005 -34.3
v 6.670000000000004 4.449999999999997 -27.55
v 6.670000000000004 4.450000000000001 -34.3
v 6.670000000000004 5.1000000000000005 -27.55
v 6.670000000000004 5.1000000000000005 -34.3
v 7.320000000000005 5.1000000000000005 -34.3
v 7.320000000000005 5.1000000000000005 -27.55
v 7.320000000000005 4.450000000000001 -34.3
v 7.320000000000005 4.449999999999997 -27.55
v 7.320000000000005 4.449999999999997 -27.55
v 7.320000000000005 4.450000000000001 -34.3
v 6.670000000000004 4.449999999999997 -27.55
v 6.670000000000004 4.450000000000001 -34.3
v 6.670000000000004 5.1000000000000005 -34.3
v 6.670000000000004 5.1000000000000005 -27.55
v 7.320000000000005 5.1000000000000005 -27.55
v 7.320000000000005 5.1000000000000005 -34.3
v 7.320000000000005 7.050000000000001 -34.3
v 7.320000000000005 7.7 -34.3
v 6.670000000000004 7.050000000000001 -34.3
v 6.670000000000004 7.7 -34.3
v 6.670000000000004 7.05 -27.55
v 6.670000000000004 7.050000000000001 -34.3
v 6.670000000000004 7.7 -27.55
v 6.670000000000004 7.7 -34.3
v 7.320000000000005 7.7 -34.3
v 7.320000000000005 7.7 -27.55
v 7.320000000000005 7.050000000000001 -34.3
v 7.320000000000005 7.05 -27.55
v 7.320000000000005 7.05 -27.55
v 7.320000000000005 7.050000000000001 -34.3
v 6.670000000000004 7.05 -27.55
v 6.670000000000004 7.050000000000001 -34.3
v 6.670000000000004 7.7 -34.3
v 6.670000000000004 7.7 -27.55
v 7.320000000000005 7.7 -27.55
v 7.320000000000005 7.7 -34.3
v -4.264999999999999 1.0149999999999986 27.540000000000003
v -3.764999999999999 1.5149999999999986 27.540000000000003
v -3.764999999999999 8.034999999999997 27.540000000000003
v -4.264999999999999 8.534999999999997 27.540000000000003
v -5.784999999999998 8.534999999999997 27.540000000000003
v -6.284999999999999 8.034999999999997 27.540000000000003
v -6.284999999999998 1.5149999999999986 27.540000000000003
v -5.784999999999998 1.0149999999999986 27.540000000000003
v -5.349999999999999 7.699999999999998 27.540000000000003
v -5.349999999999999 7.049999999999997 27.540000000000003
v -4.699999999999999 7.699999999999998 27.540000000000003
v -4.699999999999999 7.049999999999997 27.540000000000003
v -5.349999999999999 5.100000000000001 27.540000000000003
v -5.349999999999999 4.4499999999999975 27.540000000000003
v -4.699999999999999 5.100000000000001 27.540000000000003
v -4.699999999999999 4.4499999999999975 27.540000000000003
v -5.349999999999999 2.5000000000000004 27.540000000000003
v -5.349999999999999 1.849999999999999 27.540000000000003
v -4.699999999999999 2.5000000000000004 27.540000000000003
v -4.699999999999999 1.849999999999999 27.540000000000003
v -3.764999999999999 1.7000000000000035 25
v -3.764999999999999 8.034999999999997 25
v -4.264999999999999 8.534999999999997 25
v -5.784999999999998 8.534999999999997 25
v -6.284999999999999 8.034999999999997 25
v -6.284999999999999 1.7 25
v -4.699999999999999 5.100000000000004 25
v -4.699999999999999 4.4499999999999975 25
v -5.349999999999999 4.4499999999999975 25
v -5.349999999999999 5.100000000000002 25
v -4.699999999999999 7.7 25
v -4.699999999999999 7.049999999999998 25
v -5.349999999999999 7.049999999999998 25
v -5.349999999999999 7.699999999999999 25
v -4.699999999999999 2.5000000000000013 25
v -4.699999999999999 1.849999999999999 25
v -5.349999999999999 1.849999999999999 25
v -5.349999999999999 2.500000000000001 25
v -4.264999999999999 1.0149999999999986 27.540000000000003
v -4.264999999999999 1.0149999999999986 25
v -3.764999999999999 1.5149999999999986 27.540000000000003
v -3.764999999999999 1.5149999999999986 25
v -3.764999999999999 1.5149999999999986 27.540000000000003
v -3.764999999999999 1.5149999999999986 25
v -3.764999999999999 8.034999999999997 27.540000000000003
v -3.764999999999999 8.034999999999997 25
v -3.764999999999999 1.7000000000000035 25
v -3.764999999999999 8.034999999999997 27.540000000000003
v -3.764999999999999 8.034999999999997 25
v -4.264999999999999 8.534999999999997 27.540000000000003
v -4.264999999999999 8.534999999999997 25
v -4.264999999999999 8.534999999999997 27.540000000000003
v -4.264999999999999 8.534999999999997 25
v -5.784999999999998 8.534999999999997 27.540000000000003
v -5.784999999999998 8.534999999999997 25
v -5.784999999999998 8.534999999999997 27.540000000000003
v -5.784999999999998 8.534999999999997 25
v -6.284999999999999 8.034999999999997 27.540000000000003
v -6.284999999999999 8.034999999999997 25
v -6.284999999999999 8.034999999999997 27.540000000000003
v -6.284999999999999 8.034999999999997 25
v -6.284999999999998 1.5149999999999986 27.540000000000003
v -6.284999999999998 1.5149999999999986 25
v -6.284999999999999 1.7 25
v -6.284999999999998 1.5149999999999986 27.540000000000003
v -6.284999999999998 1.5149999999999986 25
v -5.784999999999998 1.0149999999999986 27.540000000000003
v -5.784999999999998 1.0149999999999986 25
v -5.784999999999998 1.0149999999999986 27.540000000000003
v -5.784999999999998 1.0149999999999986 25
v -4.264999999999999 1.0149999999999986 27.540000000000003
v -4.264999999999999 1.0149999999999986 25
v -4.699999999999999 5.099999999999999 33.949999999999996
v -4.699999999999999 4.4499999999999975 33.949999999999996
v -5.349999999999999 5.099999999999999 33.949999999999996
v -5.349999999999999 4.4499999999999975 33.949999999999996
v -5.349999999999999 5.099999999999999 33.949999999999996
v -5.349999999999999 4.4499999999999975 33.949999999999996
v -5.349999999999999 4.4499999999999975 27.540000000000003
v -5.349999999999999 5.100000000000001 27.540000000000003
v -4.699999999999999 5.100000000000001 27.540000000000003
v -4.699999999999999 4.4499999999999975 27.540000000000003
v -4.699999999999999 5.099999999999999 33.949999999999996
v -4.699999999999999 4.4499999999999975 33.949999999999996
v -4.699999999999999 4.4499999999999975 27.540000000000003
v -5.349999999999999 4.4499999999999975 27.540000000000003
v -4.699999999999999 4.4499999999999975 33.949999999999996
v -5.349999999999999 4.4499999999999975 33.949999999999996
v -5.349999999999999 5.100000000000001 27.540000000000003
v -4.699999999999999 5.100000000000001 27.540000000000003
v -5.349999999999999 5.099999999999999 33.949999999999996
v -4.699999999999999 5.099999999999999 33.949999999999996
v -4.699999999999999 7.6999999999999975 33.95
v -4.699999999999999 7.049999999999997 33.949999999999996
v -5.349999999999999 7.6999999999999975 33.95
v -5.349999999999999 7.049999999999997 33.949999999999996
v -5.349999999999999 7.6999999999999975 33.95
v -5.349999999999999 7.049999999999997 33.949999999999996
v -5.349999999999999 7.049999999999997 27.540000000000003
v -5.349999999999999 7.699999999999998 27.540000000000003
v -4.699999999999999 7.699999999999998 27.540000000000003
v -4.699999999999999 7.049999999999997 27.540000000000003
v -4.699999999999999 7.6999999999999975 33.95
v -4.699999999999999 7.049999999999997 33.949999999999996
v -4.699999999999999 7.049999999999997 27.540000000000003
v -5.349999999999999 7.049999999999997 27.540000000000003
v -4.699999999999999 7.049999999999997 33.949999999999996
v -5.349999999999999 7.049999999999997 33.949999999999996
v -5.349999999999999 7.699999999999998 27.540000000000003
v -4.699999999999999 7.699999999999998 27.540000000000003
v -5.349999999999999 7.6999999999999975 33.95
v -4.699999999999999 7.6999999999999975 33.95
v -4.699999999999999 2.4999999999999996 33.949999999999996
v -4.699999999999999 1.849999999999999 33.949999999999996
v -5.349999999999999 2.4999999999999996 33.949999999999996
v -5.349999999999999 1.849999999999999 33.949999999999996
v -5.349999999999999 2.4999999999999996 33.949999999999996
v -5.349999999999999 1.849999999999999 33.949999999999996
v -5.349999999999999 1.849999999999999 27.540000000000003
v -5.349999999999999 2.5000000000000004 27.540000000000003
v -4.699999999999999 2.5000000000000004 27.540000000000003
v -4.699999999999999 1.849999999999999 27.540000000000003
v -4.699999999999999 2.4999999999999996 33.949999999999996
v -4.699999999999999 1.849999999999999 33.949999999999996
v -4.699999999999999 1.849999999999999 27.540000000000003
v -5.349999999999999 1.849999999999999 27.540000000000003
v -4.699999999999999 1.849999999999999 33.949999999999996
v -5.349999999999999 1.849999999999999 33.949999999999996
v -5.349999999999999 2.5000000000000004 27.540000000000003
v -4.699999999999999 2.5000000000000004 27.540000000000003
v -5.349999999999999 2.4999999999999996 33.949999999999996
v -4.699999999999999 2.4999999999999996 33.949999999999996
v -1.7349999999999988 1.0149999999999986 27.540000000000003
v -1.2349999999999988 1.5149999999999986 27.540000000000003
v -1.2349999999999988 8.034999999999997 27.540000000000003
v -1.7349999999999988 8.534999999999997 27.540000000000003
v -3.2549999999999986 8.534999999999997 27.540000000000003
v -3.754999999999999 8.034999999999997 27.540000000000003
v -3.754999999999998 1.5149999999999986 27.540000000000003
v -3.2549999999999986 1.0149999999999986 27.540000000000003
v -2.8199999999999985 7.699999999999998 27.540000000000003
v -2.8199999999999985 7.049999999999997 27.540000000000003
v -2.169999999999998 7.699999999999998 27.540000000000003
v -2.169999999999998 7.049999999999997 27.540000000000003
v -2.8199999999999985 5.100000000000001 27.540000000000003
v -2.8199999999999985 4.4499999999999975 27.540000000000003
v -2.169999999999998 5.100000000000001 27.540000000000003
v -2.169999999999998 4.4499999999999975 27.540000000000003
v -2.8199999999999985 2.5000000000000004 27.540000000000003
v -2.8199999999999985 1.849999999999999 27.540000000000003
v -2.169999999999998 2.5000000000000004 27.540000000000003
v -2.169999999999998 1.849999999999999 27.540000000000003
v -1.2349999999999988 8.034999999999997 25
v -1.7349999999999988 8.534999999999997 25
v -3.2549999999999986 8.534999999999997 25
v -3.754999999999999 8.034999999999997 25
v -3.754999999999998 1.700000000000002 25
v -1.2349999999999999 1.7 25
v -2.169999999999998 5.100000000000004 25
v -2.169999999999998 4.4499999999999975 25
v -2.8199999999999985 4.4499999999999975 25
v -2.8199999999999985 5.100000000000002 25
v -2.169999999999998 7.7 25
v -2.169999999999998 7.049999999999998 25
v -2.8199999999999985 7.049999999999998 25
v -2.8199999999999985 7.699999999999999 25
v -2.169999999999998 2.5000000000000013 25
v -2.169999999999998 1.849999999999999 25
v -2.8199999999999985 1.849999999999999 25
v -2.8199999999999985 2.500000000000001 25
v -1.7349999999999988 1.0149999999999986 27.540000000000003
v -1.7349999999999988 1.0149999999999986 25
v -1.2349999999999988 1.5149999999999986 27.540000000000003
v -1.2349999999999988 1.5149999999999986 25
v -1.2349999999999988 1.5149999999999986 27.540000000000003
v -1.2349999999999988 1.5149999999999986 25
v -1.2349999999999988 8.034999999999997 27.540000000000003
v -1.2349999999999988 8.034999999999997 25
v -1.2349999999999999 1.7 25
v -1.2349999999999988 8.034999999999997 27.540000000000003
v -1.2349999999999988 8.034999999999997 25
v -1.7349999999999988 8.534999999999997 27.540000000000003
v -1.7349999999999988 8.534999999999997 25
v -1.7349999999999988 8.534999999999997 27.540000000000003
v -1.7349999999999988 8.534999999999997 25
v -3.2549999999999986 8.534999999999997 27.540000000000003
v -3.2549999999999986 8.534999999999997 25
v -3.2549999999999986 8.534999999999997 27.540000000000003
v -3.2549999999999986 8.534999999999997 25
v -3.754999999999999 8.034999999999997 27.540000000000003
v -3.754999999999999 8.034999999999997 25
v -3.754999999999999 8.034999999999997 27.540000000000003
v -3.754999999999999 8.034999999999997 25
v -3.754999999999998 1.5149999999999986 27.540000000000003
v -3.754999999999998 1.5149999999999986 25
v -3.754999999999998 1.700000000000002 25
v -3.754999999999998 1.5149999999999986 27.540000000000003
v -3.754999999999998 1.5149999999999986 25
v -3.2549999999999986 1.0149999999999986 27.540000000000003
v -3.2549999999999986 1.0149999999999986 25
v -3.2549999999999986 1.0149999999999986 27.540000000000003
v -3.2549999999999986 1.0149999999999986 25
v -1.7349999999999988 1.0149999999999986 27.540000000000003
v -1.7349999999999988 1.0149999999999986 25
v -2.169999999999998 5.099999999999999 33.949999999999996
v -2.169999999999998 4.4499999999999975 33.949999999999996
v -2.8199999999999985 5.099999999999999 33.949999999999996
v -2.8199999999999985 4.4499999999999975 33.949999999999996
v -2.8199999999999985 5.099999999999999 33.949999999999996
v -2.8199999999999985 4.4499999999999975 33.949999999999996
v -2.8199999999999985 4.4499999999999975 27.540000000000003
v -2.8199999999999985 5.100000000000001 27.540000000000003
v -2.169999999999998 5.100000000000001 27.540000000000003
v -2.169999999999998 4.4499999999999975 27.540000000000003
v -2.169999999999998 5.099999999999999 33.949999999999996
v -2.169999999999998 4.4499999999999975 33.949999999999996
v -2.169999999999998 4.4499999999999975 27.540000000000003
v -2.8199999999999985 4.4499999999999975 27.540000000000003
v -2.169999999999998 4.4499999999999975 33.949999999999996
v -2.8199999999999985 4.4499999999999975 33.949999999999996
v -2.8199999999999985 5.100000000000001 27.540000000000003
v -2.169999999999998 5.100000000000001 27.540000000000003
v -2.8199999999999985 5.099999999999999 33.949999999999996
v -2.169999999999998 5.099999999999999 33.949999999999996
v -2.169999999999998 7.6999999999999975 33.95
v -2.169999999999998 7.049999999999997 33.949999999999996
v -2.8199999999999985 7.6999999999999975 33.95
v -2.8199999999999985 7.049999999999997 33.949999999999996
v -2.8199999999999985 7.6999999999999975 33.95
v -2.8199999999999985 7.049999999999997 33.949999999999996
v -2.8199999999999985 7.049999999999997 27.540000000000003
v -2.8199999999999985 7.699999999999998 27.540000000000003
v -2.169999999999998 7.699999999999998 27.540000000000003
v -2.169999999999998 7.049999999999997 27.540000000000003
v -2.169999999999998 7.6999999999999975 33.95
v -2.169999999999998 7.049999999999997 33.949999999999996
v -2.169999999999998 7.049999999999997 27.540000000000003
v -2.8199999999999985 7.049999999999997 27.540000000000003
v -2.169999999999998 7.049999999999997 33.949999999999996
v -2.8199999999999985 7.049999999999997 33.949999999999996
v -2.8199999999999985 7.699999999999998 27.540000000000003
v -2.169999999999998 7.699999999999998 27.540000000000003
v -2.8199999999999985 7.6999999999999975 33.95
v -2.169999999999998 7.6999999999999975 33.95
v -2.169999999999998 2.4999999999999996 33.949999999999996
v -2.169999999999998 1.849999999999999 33.949999999999996
v -2.8199999999999985 2.4999999999999996 33.949999999999996
v -2.8199999999999985 1.849999999999999 33.949999999999996
v -2.8199999999999985 2.4999999999999996 33.949999999999996
v -2.8199999999999985 1.849999999999999 33.949999999999996
v -2.8199999999999985 1.849999999999999 27.540000000000003
v -2.8199999999999985 2.5000000000000004 27.540000000000003
v -2.169999999999998 2.5000000000000004 27.540000000000003
v -2.169999999999998 1.849999999999999 27.540000000000003
v -2.169999999999998 2.4999999999999996 33.949999999999996
v -2.169999999999998 1.849999999999999 33.949999999999996
v -2.169999999999998 1.849999999999999 27.540000000000003
v -2.8199999999999985 1.849999999999999 27.540000000000003
v -2.169999999999998 1.849999999999999 33.949999999999996
v -2.8199999999999985 1.849999999999999 33.949999999999996
v -2.8199999999999985 2.5000000000000004 27.540000000000003
v -2.169999999999998 2.5000000000000004 27.540000000000003
v -2.8199999999999985 2.4999999999999996 33.949999999999996
v -2.169999999999998 2.4999999999999996 33.949999999999996
v 0.7950000000000015 1.0149999999999986 27.540000000000003
v 1.2950000000000015 1.5149999999999986 27.540000000000003
v 1.2950000000000015 8.034999999999997 27.540000000000003
v 0.7950000000000015 8.534999999999997 27.540000000000003
v -0.7249999999999982 8.534999999999997 27.540000000000003
v -1.2249999999999988 8.034999999999997 27.540000000000003
v -1.2249999999999979 1.5149999999999986 27.540000000000003
v -0.7249999999999982 1.0149999999999986 27.540000000000003
v -0.28999999999999815 7.699999999999998 27.540000000000003
v -0.28999999999999815 7.049999999999997 27.540000000000003
v 0.3600000000000018 7.699999999999998 27.540000000000003
v 0.3600000000000018 7.049999999999997 27.540000000000003
v -0.28999999999999815 5.100000000000001 27.540000000000003
v -0.28999999999999815 4.4499999999999975 27.540000000000003
v 0.3600000000000018 5.100000000000001 27.540000000000003
v 0.3600000000000018 4.4499999999999975 27.540000000000003
v -0.28999999999999815 2.5000000000000004 27.540000000000003
v -0.28999999999999815 1.849999999999999 27.540000000000003
v 0.3600000000000018 2.5000000000000004 27.540000000000003
v 0.3600000000000018 1.849999999999999 27.540000000000003
v 1.2950000000000015 8.034999999999997 25
v 0.7950000000000015 8.534999999999997 25
v -0.7249999999999982 8.534999999999997 25
v -1.2249999999999988 8.034999999999997 25
v -1.2249999999999979 1.700000000000002 25
v 1.2950000000000044 1.7 25
v 0.3600000000000018 5.100000000000004 25
v 0.3600000000000018 4.4499999999999975 25
v -0.28999999999999815 4.4499999999999975 25
v -0.28999999999999815 5.100000000000002 25
v 0.3600000000000018 7.7 25
v 0.3600000000000018 7.049999999999998 25
v -0.28999999999999815 7.049999999999998 25
v -0.28999999999999815 7.699999999999999 25
v 0.3600000000000018 2.5000000000000013 25
v 0.3600000000000018 1.849999999999999 25
v -0.28999999999999815 1.849999999999999 25
v -0.28999999999999815 2.500000000000001 25
v 0.7950000000000015 1.0149999999999986 27.540000000000003
v 0.7950000000000015 1.0149999999999986 25
v 1.2950000000000015 1.5149999999999986 27.540000000000003
v 1.2950000000000015 1.5149999999999986 25
v 1.2950000000000015 1.5149999999999986 27.540000000000003
v 1.2950000000000015 1.5149999999999986 25
v 1.2950000000000015 8.034999999999997 27.540000000000003
v 1.2950000000000015 8.034999999999997 25
v 1.2950000000000044 1.7 25
v 1.2950000000000015 8.034999999999997 27.540000000000003
v 1.2950000000000015 8.034999999999997 25
v 0.7950000000000015 8.534999999999997 27.540000000000003
v 0.7950000000000015 8.534999999999997 25
v 0.7950000000000015 8.534999999999997 27.540000000000003
v 0.7950000000000015 8.534999999999997 25
v -0.7249999999999982 8.534999999999997 27.540000000000003
v -0.7249999999999982 8.534999999999997 25
v -0.7249999999999982 8.534999999999997 27.540000000000003
v -0.7249999999999982 8.534999999999997 25
v -1.2249999999999988 8.034999999999997 27.540000000000003
v -1.2249999999999988 8.034999999999997 25
v -1.2249999999999988 8.034999999999997 27.540000000000003
v -1.2249999999999988 8.034999999999997 25
v -1.2249999999999979 1.5149999999999986 27.540000000000003
v -1.2249999999999979 1.5149999999999986 25
v -1.2249999999999979 1.700000000000002 25
v -1.2249999999999979 1.5149999999999986 27.540000000000003
v -1.2249999999999979 1.5149999999999986 25
v -0.7249999999999982 1.0149999999999986 27.540000000000003
v -0.7249999999999982 1.0149999999999986 25
v -0.7249999999999982 1.0149999999999986 27.540000000000003
v -0.7249999999999982 1.0149999999999986 25
v 0.7950000000000015 1.0149999999999986 27.540000000000003
v 0.7950000000000015 1.0149999999999986 25
v 0.3600000000000018 5.099999999999999 33.949999999999996
v 0.3600000000000018 4.4499999999999975 33.949999999999996
v -0.28999999999999815 5.099999999999999 33.949999999999996
v -0.28999999999999815 4.4499999999999975 33.949999999999996
v -0.28999999999999815 5.099999999999999 33.949999999999996
v -0.28999999999999815 4.4499999999999975 33.949999999999996
v -0.28999999999999815 4.4499999999999975 27.540000000000003
v -0.28999999999999815 5.100000000000001 27.540000000000003
v 0.3600000000000018 5.100000000000001 27.540000000000003
v 0.3600000000000018 4.4499999999999975 27.540000000000003
v 0.3600000000000018 5.099999999999999 33.949999999999996
v 0.3600000000000018 4.4499999999999975 33.949999999999996
v 0.3600000000000018 4.4499999999999975 27.540000000000003
v -0.28999999999999815 4.4499999999999975 27.540000000000003
v 0.3600000000000018 4.4499999999999975 33.949999999999996
v -0.28999999999999815 4.4499999999999975 33.949999999999996
v -0.28999999999999815 5.100000000000001 27.540000000000003
v 0.3600000000000018 5.100000000000001 27.540000000000003
v -0.28999999999999815 5.099999999999999 33.949999999999996
v 0.3600000000000018 5.099999999999999 33.949999999999996
v 0.3600000000000018 7.6999999999999975 33.95
v 0.3600000000000018 7.049999999999997 33.949999999999996
v -0.28999999999999815 7.6999999999999975 33.95
v -0.28999999999999815 7.049999999999997 33.949999999999996
v -0.28999999999999815 7.6999999999999975 33.95
v -0.28999999999999815 7.049999999999997 33.949999999999996
v -0.28999999999999815 7.049999999999997 27.540000000000003
v -0.28999999999999815 7.699999999999998 27.540000000000003
v 0.3600000000000018 7.699999999999998 27.540000000000003
v 0.3600000000000018 7.049999999999997 27.540000000000003
v 0.3600000000000018 7.6999999999999975 33.95
v 0.3600000000000018 7.049999999999997 33.949999999999996
v 0.3600000000000018 7.049999999999997 27.540000000000003
v -0.28999999999999815 7.049999999999997 27.540000000000003
v 0.3600000000000018 7.049999999999997 33.949999999999996
v -0.28999999999999815 7.049999999999997 33.949999999999996
v -0.28999999999999815 7.699999999999998 27.540000000000003
v 0.3600000000000018 7.699999999999998 27.540000000000003
v -0.28999999999999815 7.6999999999999975 33.95
v 0.3600000000000018 7.6999999999999975 33.95
v 0.3600000000000018 2.4999999999999996 33.949999999999996
v 0.3600000000000018 1.849999999999999 33.949999999999996
v -0.28999999999999815 2.4999999999999996 33.949999999999996
v -0.28999999999999815 1.849999999999999 33.949999999999996
v -0.28999999999999815 2.4999999999999996 33.949999999999996
v -0.28999999999999815 1.849999999999999 33.949999999999996
v -0.28999999999999815 1.849999999999999 27.540000000000003
v -0.28999999999999815 2.5000000000000004 27.540000000000003
v 0.3600000000000018 2.5000000000000004 27.540000000000003
v 0.3600000000000018 1.849999999999999 27.540000000000003
v 0.3600000000000018 2.4999999999999996 33.949999999999996
v 0.3600000000000018 1.849999999999999 33.949999999999996
v 0.3600000000000018 1.849999999999999 27.540000000000003
v -0.28999999999999815 1.849999999999999 27.540000000000003
v 0.3600000000000018 1.849999999999999 33.949999999999996
v -0.28999999999999815 1.849999999999999 33.949999999999996
v -0.28999999999999815 2.5000000000000004 27.540000000000003
v 0.3600000000000018 2.5000000000000004 27.540000000000003
v -0.28999999999999815 2.4999999999999996 33.949999999999996
v 0.3600000000000018 2.4999999999999996 33.949999999999996
v 3.3250000000000015 1.0149999999999986 27.540000000000003
v 3.8250000000000015 1.5149999999999986 27.540000000000003
v 3.8250000000000015 8.034999999999997 27.540000000000003
v 3.3250000000000015 8.534999999999997 27.540000000000003
v 1.805000000000002 8.534999999999997 27.540000000000003
v 1.3050000000000015 8.034999999999997 27.540000000000003
v 1.3050000000000024 1.5149999999999986 27.540000000000003
v 1.805000000000002 1.0149999999999986 27.540000000000003
v 2.240000000000002 7.699999999999998 27.540000000000003
v 2.240000000000002 7.049999999999997 27.540000000000003
v 2.890000000000002 7.699999999999998 27.540000000000003
v 2.890000000000002 7.049999999999997 27.540000000000003
v 2.240000000000002 5.100000000000001 27.540000000000003
v 2.240000000000002 4.4499999999999975 27.540000000000003
v 2.890000000000002 5.100000000000001 27.540000000000003
v 2.890000000000002 4.4499999999999975 27.540000000000003
v 2.240000000000002 2.5000000000000004 27.540000000000003
v 2.240000000000002 1.849999999999999 27.540000000000003
v 2.890000000000002 2.5000000000000004 27.540000000000003
v 2.890000000000002 1.849999999999999 27.540000000000003
v 3.8250000000000015 8.034999999999997 25
v 3.3250000000000015 8.534999999999997 25
v 1.805000000000002 8.534999999999997 25
v 1.3050000000000015 8.034999999999997 25
v 1.3050000000000024 1.700000000000002 25
v 3.825000000000002 1.7 25
v 2.890000000000002 5.100000000000004 25
v 2.890000000000002 4.4499999999999975 25
v 2.240000000000002 4.4499999999999975 25
v 2.240000000000002 5.100000000000002 25
v 2.890000000000002 7.7 25
v 2.890000000000002 7.049999999999998 25
v 2.240000000000002 7.049999999999998 25
v 2.240000000000002 7.699999999999999 25
v 2.890000000000002 2.5000000000000013 25
v 2.890000000000002 1.849999999999999 25
v 2.240000000000002 1.849999999999999 25
v 2.240000000000002 2.500000000000001 25
v 3.3250000000000015 1.0149999999999986 27.540000000000003
v 3.3250000000000015 1.0149999999999986 25
v 3.8250000000000015 1.5149999999999986 27.540000000000003
v 3.8250000000000015 1.5149999999999986 25
v 3.8250000000000015 1.5149999999999986 27.540000000000003
v 3.8250000000000015 1.5149999999999986 25
v 3.8250000000000015 8.034999999999997 27.540000000000003
v 3.8250000000000015 8.034999999999997 25
v 3.825000000000002 1.7 25
v 3.8250000000000015 8.034999999999997 27.540000000000003
v 3.8250000000000015 8.034999999999997 25
v 3.3250000000000015 8.534999999999997 27.540000000000003
v 3.3250000000000015 8.534999999999997 25
v 3.3250000000000015 8.534999999999997 27.540000000000003
v 3.3250000000000015 8.534999999999997 25
v 1.805000000000002 8.534999999999997 27.540000000000003
v 1.805000000000002 8.534999999999997 25
v 1.805000000000002 8.534999999999997 27.540000000000003
v 1.805000000000002 8.534999999999997 25
v 1.3050000000000015 8.034999999999997 27.540000000000003
v 1.3050000000000015 8.034999999999997 25
v 1.3050000000000015 8.034999999999997 27.540000000000003
v 1.3050000000000015 8.034999999999997 25
v 1.3050000000000024 1.5149999999999986 27.540000000000003
v 1.3050000000000024 1.5149999999999986 25
v 1.3050000000000024 1.700000000000002 25
v 1.3050000000000024 1.5149999999999986 27.540000000000003
v 1.3050000000000024 1.5149999999999986 25
v 1.805000000000002 1.0149999999999986 27.540000000000003
v 1.805000000000002 1.0149999999999986 25
v 1.805000000000002 1.0149999999999986 27.540000000000003
v 1.805000000000002 1.0149999999999986 25
v 3.3250000000000015 1.0149999999999986 27.540000000000003
v 3.3250000000000015 1.0149999999999986 25
v 2.890000000000002 5.099999999999999 33.949999999999996
v 2.890000000000002 4.4499999999999975 33.949999999999996
v 2.240000000000002 5.099999999999999 33.949999999999996
v 2.240000000000002 4.4499999999999975 33.949999999999996
v 2.240000000000002 5.099999999999999 33.949999999999996
v 2.240000000000002 4.4499999999999975 33.949999999999996
v 2.240000000000002 4.4499999999999975 27.540000000000003
v 2.240000000000002 5.100000000000001 27.540000000000003
v 2.890000000000002 5.100000000000001 27.540000000000003
v 2.890000000000002 4.4499999999999975 27.540000000000003
v 2.890000000000002 5.099999999999999 33.949999999999996
v 2.890000000000002 4.4499999999999975 33.949999999999996
v 2.890000000000002 4.4499999999999975 27.540000000000003
v 2.240000000000002 4.4499999999999975 27.540000000000003
v 2.890000000000002 4.4499999999999975 33.949999999999996
v 2.240000000000002 4.4499999999999975 33.949999999999996
v 2.240000000000002 5.100000000000001 27.540000000000003
v 2.890000000000002 5.100000000000001 27.540000000000003
v 2.240000000000002 5.099999999999999 33.949999999999996
v 2.890000000000002 5.099999999999999 33.949999999999996
v 2.890000000000002 7.6999999999999975 33.95
v 2.890000000000002 7.049999999999997 33.949999999999996
v 2.240000000000002 7.6999999999999975 33.95
v 2.240000000000002 7.049999999999997 33.949999999999996
v 2.240000000000002 7.6999999999999975 33.95
v 2.240000000000002 7.049999999999997 33.949999999999996
v 2.240000000000002 7.049999999999997 27.540000000000003
v 2.240000000000002 7.699999999999998 27.540000000000003
v 2.890000000000002 7.699999999999998 27.540000000000003
v 2.890000000000002 7.049999999999997 27.540000000000003
v 2.890000000000002 7.6999999999999975 33.95
v 2.890000000000002 7.049999999999997 33.949999999999996
v 2.890000000000002 7.049999999999997 27.540000000000003
v 2.240000000000002 7.049999999999997 27.540000000000003
v 2.890000000000002 7.049999999999997 33.949999999999996
v 2.240000000000002 7.049999999999997 33.949999999999996
v 2.240000000000002 7.699999999999998 27.540000000000003
v 2.890000000000002 7.699999999999998 27.540000000000003
v 2.240000000000002 7.6999999999999975 33.95
v 2.890000000000002 7.6999999999999975 33.95
v 2.890000000000002 2.4999999999999996 33.949999999999996
v 2.890000000000002 1.849999999999999 33.949999999999996
v 2.240000000000002 2.4999999999999996 33.949999999999996
v 2.240000000000002 1.849999999999999 33.949999999999996
v 2.240000000000002 2.4999999999999996 33.949999999999996
v 2.240000000000002 1.849999999999999 33.949999999999996
v 2.240000000000002 1.849999999999999 27.540000000000003
v 2.240000000000002 2.5000000000000004 27.540000000000003
v 2.890000000000002 2.5000000000000004 27.540000000000003
v 2.890000000000002 1.849999999999999 27.540000000000003
v 2.890000000000002 2.4999999999999996 33.949999999999996
v 2.890000000000002 1.849999999999999 33.949999999999996
v 2.890000000000002 1.849999999999999 27.540000000000003
v 2.240000000000002 1.849999999999999 27.540000000000003
v 2.890000000000002 1.849999999999999 33.949999999999996
v 2.240000000000002 1.849999999999999 33.949999999999996
v 2.240000000000002 2.5000000000000004 27.540000000000003
v 2.890000000000002 2.5000000000000004 27.540000000000003
v 2.240000000000002 2.4999999999999996 33.949999999999996
v 2.890000000000002 2.4999999999999996 33.949999999999996
v 5.855000000000001 1.0149999999999986 27.540000000000003
v 6.355000000000001 1.5149999999999986 27.540000000000003
v 6.355000000000001 8.034999999999997 27.540000000000003
v 5.855000000000001 8.534999999999997 27.540000000000003
v 4.335000000000002 8.534999999999997 27.540000000000003
v 3.8350000000000017 8.034999999999997 27.540000000000003
v 3.8350000000000026 1.5149999999999986 27.540000000000003
v 4.335000000000002 1.0149999999999986 27.540000000000003
v 4.770000000000001 7.699999999999998 27.540000000000003
v 4.770000000000001 7.049999999999997 27.540000000000003
v 5.420000000000002 7.699999999999998 27.540000000000003
v 5.420000000000002 7.049999999999997 27.540000000000003
v 4.770000000000001 5.100000000000001 27.540000000000003
v 4.770000000000001 4.4499999999999975 27.540000000000003
v 5.420000000000002 5.100000000000001 27.540000000000003
v 5.420000000000002 4.4499999999999975 27.540000000000003
v 4.770000000000001 2.5000000000000004 27.540000000000003
v 4.770000000000001 1.849999999999999 27.540000000000003
v 5.420000000000002 2.5000000000000004 27.540000000000003
v 5.420000000000002 1.849999999999999 27.540000000000003
v 6.355000000000001 8.034999999999997 25
v 5.855000000000001 8.534999999999997 25
v 4.335000000000002 8.534999999999997 25
v 3.8350000000000017 8.034999999999997 25
v 3.8350000000000026 1.700000000000002 25
v 6.3549999999999995 1.7 25
v 5.420000000000002 5.100000000000004 25
v 5.420000000000002 4.4499999999999975 25
v 4.770000000000001 4.4499999999999975 25
v 4.770000000000001 5.100000000000002 25
v 5.420000000000002 7.7 25
v 5.420000000000002 7.049999999999998 25
v 4.770000000000001 7.049999999999998 25
v 4.770000000000001 7.699999999999999 25
v 5.420000000000002 2.5000000000000013 25
v 5.420000000000002 1.849999999999999 25
v 4.770000000000001 1.849999999999999 25
v 4.770000000000001 2.500000000000001 25
v 5.855000000000001 1.0149999999999986 27.540000000000003
v 5.855000000000001 1.0149999999999986 25
v 6.355000000000001 1.5149999999999986 27.540000000000003
v 6.355000000000001 1.5149999999999986 25
v 6.355000000000001 1.5149999999999986 27.540000000000003
v 6.355000000000001 1.5149999999999986 25
v 6.355000000000001 8.034999999999997 27.540000000000003
v 6.355000000000001 8.034999999999997 25
v 6.3549999999999995 1.7 25
v 6.355000000000001 8.034999999999997 27.540000000000003
v 6.355000000000001 8.034999999999997 25
v 5.855000000000001 8.534999999999997 27.540000000000003
v 5.855000000000001 8.534999999999997 25
v 5.855000000000001 8.534999999999997 27.540000000000003
v 5.855000000000001 8.534999999999997 25
v 4.335000000000002 8.534999999999997 27.540000000000003
v 4.335000000000002 8.534999999999997 25
v 4.335000000000002 8.534999999999997 27.540000000000003
v 4.335000000000002 8.534999999999997 25
v 3.8350000000000017 8.034999999999997 27.540000000000003
v 3.8350000000000017 8.034999999999997 25
v 3.8350000000000017 8.034999999999997 27.540000000000003
v 3.8350000000000017 8.034999999999997 25
v 3.8350000000000026 1.5149999999999986 27.540000000000003
v 3.8350000000000026 1.5149999999999986 25
v 3.8350000000000026 1.700000000000002 25
v 3.8350000000000026 1.5149999999999986 27.540000000000003
v 3.8350000000000026 1.5149999999999986 25
v 4.335000000000002 1.0149999999999986 27.540000000000003
v 4.335000000000002 1.0149999999999986 25
v 4.335000000000002 1.0149999999999986 27.540000000000003
v 4.335000000000002 1.0149999999999986 25
v 5.855000000000001 1.0149999999999986 27.540000000000003
v 5.855000000000001 1.0149999999999986 25
v 5.420000000000002 5.099999999999999 33.949999999999996
v 5.420000000000002 4.4499999999999975 33.949999999999996
v 4.770000000000001 5.099999999999999 33.949999999999996
v 4.770000000000001 4.4499999999999975 33.949999999999996
v 4.770000000000001 5.099999999999999 33.949999999999996
v 4.770000000000001 4.4499999999999975 33.949999999999996
v 4.770000000000001 4.4499999999999975 27.540000000000003
v 4.770000000000001 5.100000000000001 27.540000000000003
v 5.420000000000002 5.100000000000001 27.540000000000003
v 5.420000000000002 4.4499999999999975 27.540000000000003
v 5.420000000000002 5.099999999999999 33.949999999999996
v 5.420000000000002 4.4499999999999975 33.949999999999996
v 5.420000000000002 4.4499999999999975 27.540000000000003
v 4.770000000000001 4.4499999999999975 27.540000000000003
v 5.420000000000002 4.4499999999999975 33.949999999999996
v 4.770000000000001 4.4499999999999975 33.949999999999996
v 4.770000000000001 5.100000000000001 27.540000000000003
v 5.420000000000002 5.100000000000001 27.540000000000003
v 4.770000000000001 5.099999999999999 33.949999999999996
v 5.420000000000002 5.099999999999999 33.949999999999996
v 5.420000000000002 7.6999999999999975 33.95
v 5.420000000000002 7.049999999999997 33.949999999999996
v 4.770000000000001 7.6999999999999975 33.95
v 4.770000000000001 7.049999999999997 33.949999999999996
v 4.770000000000001 7.6999999999999975 33.95
v 4.770000000000001 7.049999999999997 33.949999999999996
v 4.770000000000001 7.049999999999997 27.540000000000003
v 4.770000000000001 7.699999999999998 27.540000000000003
v 5.420000000000002 7.699999999999998 27.540000000000003
v 5.420000000000002 7.049999999999997 27.540000000000003
v 5.420000000000002 7.6999999999999975 33.95
v 5.420000000000002 7.049999999999997 33.949999999999996
v 5.420000000000002 7.049999999999997 27.540000000000003
v 4.770000000000001 7.049999999999997 27.540000000000003
v 5.420000000000002 7.049999999999997 33.949999999999996
v 4.770000000000001 7.049999999999997 33.949999999999996
v 4.770000000000001 7.699999999999998 27.540000000000003
v 5.420000000000002 7.699999999999998 27.540000000000003
v 4.770000000000001 7.6999999999999975 33.95
v 5.420000000000002 7.6999999999999975 33.95
v 5.420000000000002 2.4999999999999996 33.949999999999996
v 5.420000000000002 1.849999999999999 33.949999999999996
v 4.770000000000001 2.4999999999999996 33.949999999999996
v 4.770000000000001 1.849999999999999 33.949999999999996
v 4.770000000000001 2.4999999999999996 33.949999999999996
v 4.770000000000001 1.849999999999999 33.949999999999996
v 4.770000000000001 1.849999999999999 27.540000000000003
v 4.770000000000001 2.5000000000000004 27.540000000000003
v 5.420000000000002 2.5000000000000004 27.540000000000003
v 5.420000000000002 1.849999999999999 27.540000000000003
v 5.420000000000002 2.4999999999999996 33.949999999999996
v 5.420000000000002 1.849999999999999 33.949999999999996
v 5.420000000000002 1.849999999999999 27.540000000000003
v 4.770000000000001 1.849999999999999 27.540000000000003
v 5.420000000000002 1.849999999999999 33.949999999999996
v 4.770000000000001 1.849999999999999 33.949999999999996
v 4.770000000000001 2.5000000000000004 27.540000000000003
v 5.420000000000002 2.5000000000000004 27.540000000000003
v 4.770000000000001 2.4999999999999996 33.949999999999996
v 5.420000000000002 2.4999999999999996 33.949999999999996
v 8.385000000000003 1.0149999999999986 27.540000000000003
v 8.885000000000002 1.5149999999999986 27.540000000000003
v 8.885000000000002 8.034999999999997 27.540000000000003
v 8.385000000000003 8.534999999999997 27.540000000000003
v 6.865000000000003 8.534999999999997 27.540000000000003
v 6.365000000000003 8.034999999999997 27.540000000000003
v 6.365000000000004 1.5149999999999986 27.540000000000003
v 6.865000000000003 1.0149999999999986 27.540000000000003
v 7.3000000000000025 7.699999999999998 27.540000000000003
v 7.3000000000000025 7.049999999999997 27.540000000000003
v 7.950000000000002 7.699999999999998 27.540000000000003
v 7.950000000000002 7.049999999999997 27.540000000000003
v 7.3000000000000025 5.100000000000001 27.540000000000003
v 7.3000000000000025 4.4499999999999975 27.540000000000003
v 7.950000000000002 5.100000000000001 27.540000000000003
v 7.950000000000002 4.4499999999999975 27.540000000000003
v 7.3000000000000025 2.5000000000000004 27.540000000000003
v 7.3000000000000025 1.849999999999999 27.540000000000003
v 7.950000000000002 2.5000000000000004 27.540000000000003
v 7.950000000000002 1.849999999999999 27.540000000000003
v 8.885000000000002 8.034999999999997 25
v 8.385000000000003 8.534999999999997 25
v 6.865000000000003 8.534999999999997 25
v 6.365000000000003 8.034999999999997 25
v 6.365000000000004 1.700000000000002 25
v 8.885000000000003 1.7 25
v 7.950000000000002 5.100000000000004 25
v 7.950000000000002 4.4499999999999975 25
v 7.3000000000000025 4.4499999999999975 25
v 7.3000000000000025 5.100000000000002 25
v 7.950000000000002 7.7 25
v 7.950000000000002 7.049999999999998 25
v 7.3000000000000025 7.049999999999998 25
v 7.3000000000000025 7.699999999999999 25
v 7.950000000000002 2.5000000000000013 25
v 7.950000000000002 1.849999999999999 25
v 7.3000000000000025 1.849999999999999 25
v 7.3000000000000025 2.500000000000001 25
v 8.385000000000003 1.0149999999999986 27.540000000000003
v 8.385000000000003 1.0149999999999986 25
v 8.885000000000002 1.5149999999999986 27.540000000000003
v 8.885000000000002 1.5149999999999986 25
v 8.885000000000002 1.5149999999999986 27.540000000000003
v 8.885000000000002 1.5149999999999986 25
v 8.885000000000002 8.034999999999997 27.540000000000003
v 8.885000000000002 8.034999999999997 25
v 8.885000000000003 1.7 25
v 8.885000000000002 8.034999999999997 27.540000000000003
v 8.885000000000002 8.034999999999997 25
v 8.385000000000003 8.534999999999997 27.540000000000003
v 8.385000000000003 8.534999999999997 25
v 8.385000000000003 8.534999999999997 27.540000000000003
v 8.385000000000003 8.534999999999997 25
v 6.865000000000003 8.534999999999997 27.540000000000003
v 6.865000000000003 8.534999999999997 25
v 6.865000000000003 8.534999999999997 27.540000000000003
v 6.865000000000003 8.534999999999997 25
v 6.365000000000003 8.034999999999997 27.540000000000003
v 6.365000000000003 8.034999999999997 25
v 6.365000000000003 8.034999999999997 27.540000000000003
v 6.365000000000003 8.034999999999997 25
v 6.365000000000004 1.5149999999999986 27.540000000000003
v 6.365000000000004 1.5149999999999986 25
v 6.365000000000004 1.700000000000002 25
v 6.365000000000004 1.5149999999999986 27.540000000000003
v 6.365000000000004 1.5149999999999986 25
v 6.865000000000003 1.0149999999999986 27.540000000000003
v 6.865000000000003 1.0149999999999986 25
v 6.865000000000003 1.0149999999999986 27.540000000000003
v 6.865000000000003 1.0149999999999986 25
v 8.385000000000003 1.0149999999999986 27.540000000000003
v 8.385000000000003 1.0149999999999986 25
v 7.950000000000002 5.099999999999999 33.949999999999996
v 7.950000000000002 4.4499999999999975 33.949999999999996
v 7.3000000000000025 5.099999999999999 33.949999999999996
v 7.3000000000000025 4.4499999999999975 33.949999999999996
v 7.3000000000000025 5.099999999999999 33.949999999999996
v 7.3000000000000025 4.4499999999999975 33.949999999999996
v 7.3000000000000025 4.4499999999999975 27.540000000000003
v 7.3000000000000025 5.100000000000001 27.540000000000003
v 7.950000000000002 5.100000000000001 27.540000000000003
v 7.950000000000002 4.4499999999999975 27.540000000000003
v 7.950000000000002 5.099999999999999 33.949999999999996
v 7.950000000000002 4.4499999999999975 33.949999999999996
v 7.950000000000002 4.4499999999999975 27.540000000000003
v 7.3000000000000025 4.4499999999999975 27.540000000000003
v 7.950000000000002 4.4499999999999975 33.949999999999996
v 7.3000000000000025 4.4499999999999975 33.949999999999996
v 7.3000000000000025 5.100000000000001 27.540000000000003
v 7.950000000000002 5.100000000000001 27.540000000000003
v 7.3000000000000025 5.099999999999999 33.949999999999996
v 7.950000000000002 5.099999999999999 33.949999999999996
v 7.950000000000002 7.6999999999999975 33.95
v 7.950000000000002 7.049999999999997 33.949999999999996
v 7.3000000000000025 7.6999999999999975 33.95
v 7.3000000000000025 7.049999999999997 33.949999999999996
v 7.3000000000000025 7.6999999999999975 33.95
v 7.3000000000000025 7.049999999999997 33.949999999999996
v 7.3000000000000025 7.049999999999997 27.540000000000003
v 7.3000000000000025 7.699999999999998 27.540000000000003
v 7.950000000000002 7.699999999999998 27.540000000000003
v 7.950000000000002 7.049999999999997 27.540000000000003
v 7.950000000000002 7.6999999999999975 33.95
v 7.950000000000002 7.049999999999997 33.949999999999996
v 7.950000000000002 7.049999999999997 27.540000000000003
v 7.3000000000000025 7.049999999999997 27.540000000000003
v 7.950000000000002 7.049999999999997 33.949999999999996
v 7.3000000000000025 7.049999999999997 33.949999999999996
v 7.3000000000000025 7.699999999999998 27.540000000000003
v 7.950000000000002 7.699999999999998 27.540000000000003
v 7.3000000000000025 7.6999999999999975 33.95
v 7.950000000000002 7.6999999999999975 33.95
v 7.950000000000002 2.4999999999999996 33.949999999999996
v 7.950000000000002 1.849999999999999 33.949999999999996
v 7.3000000000000025 2.4999999999999996 33.949999999999996
v 7.3000000000000025 1.849999999999999 33.949999999999996
v 7.3000000000000025 2.4999999999999996 33.949999999999996
v 7.3000000000000025 1.849999999999999 33.949999999999996
v 7.3000000000000025 1.849999999999999 27.540000000000003
v 7.3000000000000025 2.5000000000000004 27.540000000000003
v 7.950000000000002 2.5000000000000004 27.540000000000003
v 7.950000000000002 1.849999999999999 27.540000000000003
v 7.950000000000002 2.4999999999999996 33.949999999999996
v 7.950000000000002 1.849999999999999 33.949999999999996
v 7.950000000000002 1.849999999999999 27.540000000000003
v 7.3000000000000025 1.849999999999999 27.540000000000003
v 7.950000000000002 1.849999999999999 33.949999999999996
v 7.3000000000000025 1.849999999999999 33.949999999999996
v 7.3000000000000025 2.5000000000000004 27.540000000000003
v 7.950000000000002 2.5000000000000004 27.540000000000003
v 7.3000000000000025 2.4999999999999996 33.949999999999996
v 7.950000000000002 2.4999999999999996 33.949999999999996
v -34.05 3.899999897670266 -0.5000556199685386
v -34.05 4.413344310744783 -0.5637098392846953
v -34.05 4.895541012987117 -0.7509737450591503
v -34.05 5.31733220776057 -1.0504292811089428
v -34.05 5.653125266701447 -1.4439066649906773
v -34.05 5.88254558960218 -1.907531238864204
v -34.05 5.991672854901216 -2.4131720896937625
v -34.05 5.974058743086647 -2.9301764775335304
v -34.05 3.760385016176407 -0.504587700438898
v -34.05 3.8068877341194516 -0.5020652760529969
v -34.05 3.8534323651035214 -0.5005163836361697
v -27.049999999999997 1.7 -0.5000000000000004
v -27.049999999999997 1.7 -4.999999999999999
v -30.550003070439004 3.0097980933771566 -0.884961225835851
v -32.30000163396457 3.3810248355009236 -0.5611656410039374
v -32.30000114810575 3.362980040929551 -0.5529591709230551
v -29.67500057405287 2.50178692596565 -0.5663657365770359
v -30.550003340580247 2.889727653529628 -0.7152164682055568
v -31.86249976484206 3.1430926942004382 -0.5181793279452737
v -29.456249882421027 2.4148848247215544 -0.5185142393518734
v -31.75312441902614 3.0907903988053853 -0.5070378083644552
v -29.401562209513067 2.39377737679222 -0.5058383521616595
v -31.72578058257216 3.077880772195445 -0.5040931395820513
v -34.05 1.8259412568441584 -2.269823522455578
v -33.05 1.7 -0.5
v -27.049999999999997 1.7 -0.5000000000000004
v -34.05 3.760385016176407 -0.504587700438898
v -34.05 1.9515760688119734 -1.8166455563579187
v -34.05 2.1747399316376725 -1.4027207107301927
v -34.05 2.4844155668861094 -1.0488324678727885
v -34.05 2.865074539990947 -0.7727262678446207
v -34.05 3.297629014251033 -0.5882472330010788
v -32.800000040450456 1.8709240755720862 -1.060798684948195
v -33.48212107188848 1.9205031892929125 -1.413869150226067
v -33.843507996058094 1.8677792014008034 -1.8007141288696684
v -33.54249629719517 1.88706665950525 -1.4917118940454253
v -33.60443749719799 1.8574839641862722 -1.5723104447968208
v -33.90870271082654 1.818899935494544 -1.9993254568412757
v -33.24590977738987 1.868597784923541 -1.2956413136752152
v -33.04151110855843 1.8235998750144031 -1.1639435847501098
v -33.29119299747321 1.8551930155195535 -1.3281778984029158
v -33.33764775847075 1.8424253058046707 -1.36170906341643
v -33.430557143666036 1.8198417507107736 -1.429077200427674
v -33.28926643173367 1.7876178819420039 -1.2716806198130803
v -30.221875017697094 1.8156628458828628 -0.5539106413924705
v -32.7218750379223 1.7998437833013818 -0.9804872166655301
v -33.343522423726995 1.75095696998491 -1.1425660252354395
v -32.73750003033784 1.7513307199609798 -0.8609422902874597
v -33.62611261215782 1.7849284563894432 -1.5709457215985472
v -33.52833592669338 1.8002701050084489 -1.5001222336088054
v -33.71713021530825 1.7899201499870554 -1.6974303802181865
v -33.52694732519187 1.7795340633300785 -1.4479525498129129
v -31.56171877464951 1.7905315314259218 -0.6671546654740415
v -31.530468759480602 1.7240772208402908 -0.5652113079773211
v -33.88865735851531 1.8083392057897894 -1.9814507402331887
v -33.809861155600615 1.804130795771784 -1.8497061245621524
v -33.734814686391 1.8104901255874555 -1.7427035754589317
v -33.649582962533714 1.8178564825790942 -1.6399344843011328
v -29.357617192398322 1.734813235198252 -0.509464322604263
v -33.80416684962708 1.7992131821974553 -1.838892465084335
v -33.462454318288145 1.753681600899224 -1.2436913650241341
v -31.173779299363677 1.7069466508567255 -0.514807196641311
v -33.75858237050621 1.7900591495251834 -1.7557561674325597
v -29.127819825472976 1.7090859309691884 -0.5021416267648836
v -33.63050988994945 1.7762386888918091 -1.5425020651631594
v -33.90487998809363 1.8081266941444336 -2.012549925708816
v -33.82280829790669 1.7991362459686973 -1.8689545859873367
v -31.081173706684286 1.7017979941987216 -0.5036098969762314
v -33.83187838001005 1.7991029515598957 -1.8840896139724483
v -29.069512176829097 1.7022955849976928 -0.5005218032871476
v -33.47656887899899 1.754003317348646 -1.2566504760776585
v -33.76357590837863 1.7900788256465976 -1.7631251506652066
v -33.69050665478435 1.781049966030259 -1.634694085323548
v -33.67383724815935 1.7808863614375632 -1.6133129228035628
v -33.65386162745462 1.7765280307155393 -1.570526123792758
v -31.0578077317863 1.700453383489878 -0.5008967568066272
v -33.90686082140909 1.8081015804268732 -2.0164567086762264
v -33.83411979199043 1.7990952231897648 -1.8878841771630426
v -29.054881620486096 1.7005754054633468 -0.5001296072990165
v -27.049999999999997 1.7 -4.999999999999999
v -34.05 5.974058743086647 -2.9301764775335304
v -33.05 1.7 -5
v -34.05 4.039616079714452 -4.695429795081455
v -34.05 5.848423926857209 -3.383354454414049
v -34.05 5.625260055123951 -3.7972793083460936
v -34.05 5.315584407386931 -4.151167555605451
v -34.05 4.934925419600647 -4.427273755041762
v -34.05 4.502370930139018 -4.611752783649982
v -32.799999977324156 3.202419931063505 -4.769823797956537
v -32.99286819132159 4.472117160985369 -4.305141677704067
v -32.86249990456899 4.597393738790229 -4.161296508107895
v -34.05 3.900000102329734 -4.699944380031462
v -34.05 3.386655689255232 -4.636290160715308
v -34.05 2.9044589870129123 -4.449026254940865
v -34.05 2.4826677922394667 -4.14957071889109
v -34.05 2.1468747332985894 -3.7560933350093784
v -34.05 1.917454410397848 -3.292468761135875
v -34.05 1.8083271450987928 -2.786827910306338
v -34.05 1.8259412568441584 -2.269823522455578
v -34.05 4.039616079714452 -4.695429795081455
v -34.05 3.993112219486774 -4.697934726006089
v -34.05 3.946567611682466 -4.699483616878728
v -33.05 1.7 -5
v -33.05 1.7 -0.5
v -33.55000168285631 2.4736461244040524 -4.28823117044114
v -33.550001606686955 2.590204381308447 -4.465036850251971
v -33.55000165350094 2.7102749120327316 -4.634780900654226
v -33.80000261489577 2.4009821117506136 -4.0017434756595796
v -33.80000252428447 2.5607723107424305 -4.180107183206006
v -33.80000244811511 2.730783759796642 -4.338823584687229
v -33.800002494929096 2.91274529737756 -4.479962254137572
v -33.80000245684442 3.000194974065393 -4.538965622553372
v -33.800002480251415 3.0910282543740784 -4.594903125092659
v -33.79999453811151 3.283226491809712 -4.69707930640653
v -33.79999724146742 3.301046245644509 -4.705515182924289
v -33.79999970351469 3.3189756338112706 -4.713834588808779
v -33.799999928965946 3.3370187734294205 -4.722040173193175
v -74.05000000000001 3.9000000814836504 -0.5000629221005369
v -34.05 3.899999897670266 -0.5000556199685386
v -74.05000000000003 2.525155108450459 -4.187388271400582
v -74.05000000000003 2.1821966127408183 -3.8080042903441167
v -74.05000000000003 1.9446740602737735 -3.366080064727348
v -74.05000000000003 1.8216712893846552 -2.90003763736276
v -74.05 1.8081697330007913 -2.417575833629492
v -74.04999999999998 1.8607385047225697 -2.0986649916717894
v -74.04999999999998 1.994771097691991 -1.7188303346199234
v -74.05000000000001 2.203902421098676 -1.362209904195883
v -74.05000000000001 2.432419423625426 -1.098306530438823
v -74.05000000000001 2.6707009170193694 -0.8984967262134309
v -74.05 2.9310238317041826 -0.7374463258618302
v -74.05 3.204132124865322 -0.6186623850546371
v -74.05 3.5572352345504203 -0.5284967263166691
v -74.05000000000001 3.8999998370274946 -4.69993707789946
v -74.05000000000003 3.4237291557278815 -4.645322625987072
v -74.05000000000003 3.0242174275403104 -4.508665735615627
v -74.05000000000003 2.7479753688017863 -4.355960513807402
v -34.05 3.900000102329734 -4.699944380031462
v -34.05 3.386655689255232 -4.636290160715308
v -34.05 2.9044589870129123 -4.449026254940865
v -34.05 2.4826677922394667 -4.14957071889109
v -34.05 2.1468747332985894 -3.7560933350093784
v -34.05 1.917454410397848 -3.292468761135875
v -34.05 1.8083271450987928 -2.786827910306338
v -34.05 1.8259412568441584 -2.269823522455578
v -34.05 1.9515760688119734 -1.8166455563579187
v -34.05 2.1747399316376725 -1.4027207107301927
v -34.05 2.4844155668861094 -1.0488324678727885
v -34.05 2.865074539990947 -0.7727262678446207
v -34.05 3.297629014251033 -0.5882472330010788
v -34.05 3.760385016176407 -0.504587700438898
v -34.05 3.8068877341194516 -0.5020652760529969
v -34.05 3.8534323651035214 -0.5005163836361697
v -104.05 3.9000000000000017 5.599999999999999
v -74.05000000000001 4.3562946456735006 4.649828089457674
v -104.04999999999998 3.900000000000001 1.4000000000000001
v -104.05 3.410045505007859 1.4577076811322303
v -104.05 2.9457972034868476 1.6291255095417563
v -104.05 2.536756186371039 1.902526522902095
v -104.05000000000001 2.2005857082042137 2.265808193234332
v -104.05000000000001 1.9598529817262997 2.696364792033311
v -104.05000000000001 1.8256704766946317 3.171009302709812
v -104.05000000000001 1.806379764298514 3.665615798950414
v -104.05000000000001 1.9024361328478605 4.148146433136698
v -104.05000000000001 2.1094177563414513 4.59774932463702
v -104.05000000000001 2.41507575950825 4.984924240491748
v -104.05000000000001 2.8022406865521363 5.290531301010482
v -104.05000000000001 3.2518152690433375 5.4976313070122185
v -104.05000000000001 3.571009302709685 5.574329523305196
v -74.05000000000001 3.443705354326499 0.5501719105423262
v -74.05000000000003 2.9608046193476296 0.7216943067134372
v -74.05000000000001 2.541169236182628 0.9988262310134446
v -74.05000000000003 2.2112788894942845 1.3519315132654508
v -74.05 1.9705176506382547 1.771657757010803
v -74.05 1.8660024482603463 2.077738296115151
v -74.05000000000001 1.804493973120732 2.476745117119404
v -74.05000000000001 1.8204740809499127 2.890711130350551
v -74.05000000000001 1.8974095297339588 3.231218591855544
v -74.05 2.013376708081912 3.520286582788506
v -74.05 2.1671337051958655 3.7854459844774238
v -74.05 2.3521499076464094 4.01918040751117
v -74.05000000000001 2.632879066263428 4.274198805073881
v -74.05 2.9726992339653076 4.484135115034051
v -74.04999999999998 3.3132949472174573 4.616421557635211
v -74.05000000000001 3.6181867553930207 4.681011675008119
v -74.05000000000003 3.89999997854668 4.700031806906553
v -104.05 -0.10000000000000113 -3.6500000000000004
v -104.05 -0.100000000000002 3.6499999999999995
v -104.05 0.016232730295789644 4.60726265715023
v -104.05 0.3581758973871576 5.508892688175073
v -104.05 0.905957007315592 6.302490632963179
v -104.05 1.6277410130753718 6.941935463574625
v -104.05 2.481580451829852 7.390064970741658
v -104.05 3.4178532789787006 7.620835496392217
v -104.05 4.382146721021285 7.620835496392218
v -104.05 5.318419548170135 7.390064970741664
v -104.05 6.172258986924616 6.941935463574632
v -104.05 6.894042992684398 6.302490632963188
v -104.05 7.441824102612834 5.508892688175084
v -104.05 7.783767269704205 4.607262657150242
v -104.05 7.9 3.6500000000000004
v -104.05 7.9 -3.6500000000000004
v -104.05 7.783767269704208 -4.6072626571502315
v -104.05 7.4418241026128396 -5.508892688175075
v -104.05 6.894042992684405 -6.302490632963181
v -104.05 6.172258986924624 -6.941935463574626
v -104.05 5.318419548170144 -7.39006497074166
v -104.05 4.382146721021295 -7.620835496392217
v -104.05 3.4178532789787113 -7.620835496392218
v -104.05 2.481580451829861 -7.390064970741662
v -104.05 1.6277410130753807 -6.94193546357463
v -104.05 0.9059570073155987 -6.3024906329631865
v -104.05 0.3581758973871616 -5.508892688175081
v -104.05 0.016232730295791864 -4.607262657150239
v -104.04999999999997 3.9000000000000057 -1.4000000000000026
v -104.0499999999993 3.5211288888889154 -1.434346666666656
v -104.04999999999926 3.0919822222222635 -1.5616533333333114
v -104.04999999999927 2.640000000000043 -1.8199999999999665
v -104.04999999999927 2.421167243367976 -2.009422529796194
v -104.04999999999924 2.1292502883506703 -2.371266820453625
v -104.04999999999924 1.9749327181853447 -2.6615844867358196
v -104.04999999999926 1.8552068315071382 -3.0255236492574413
v -104.04999999999927 1.801900711264917 -3.4125819997115903
v -104.04999999999927 1.816803633218005 -3.761194312283676
v -104.04999999999926 1.8776677410925162 -4.062557312902303
v -104.04999999999924 1.9786506383531928 -4.346961973661143
v -104.04999999999923 2.1149274851552775 -4.605991863884199
v -104.04999999999924 2.3383234324891395 -4.903451801277506
v -104.04999999999927 2.6254960837169756 -5.169020016309291
v -104.04999999999926 2.9269219598412364 -5.3609934866805
v -104.04999999999926 3.2254981524947905 -5.488732124083341
v -104.04999999999929 3.50794487868476 -5.5631847578282025
v -104.04999999999947 3.7114109273367184 -5.591617826667229
v -104.05 3.900000000000001 -5.599999999999998
v -104.04999999999927 4.2788711111110755 -5.565653333333304
v -104.04999999999924 4.708017777777738 -5.438346666666646
v -104.04999999999922 5.15999999999996 -5.179999999999988
v -104.04999999999922 5.378832756632027 -4.990577470203763
v -104.04999999999917 5.670749711649332 -4.628733179546332
v -104.0499999999992 5.825067281814657 -4.338415513264139
v -104.04999999999922 5.944793168492862 -3.9744763507425196
v -104.04999999999923 5.998099288735084 -3.5874180002883724
v -104.04999999999924 5.983196366781997 -3.238805687716286
v -104.04999999999924 5.922332258907485 -2.937442687097655
v -104.04999999999924 5.821349361646807 -2.6530380263388116
v -104.04999999999924 5.685072514844722 -2.3940081361157532
v -104.04999999999924 5.461676567510858 -2.0965481987224432
v -104.04999999999924 5.174503916283016 -1.830979983690655
v -104.04999999999923 4.873078040158751 -1.639006513319447
v -104.04999999999922 4.574501847505189 -1.5112678759166083
v -104.04999999999924 4.292055121315209 -1.4368152421717488
v -104.04999999999943 4.088589072663263 -1.4083821733327366
v -104.05 3.9000000000000017 5.599999999999999
v -104.05 4.38986377022164 5.542329879520983
v -104.05 4.854202824777903 5.370874462219882
v -104.05 5.263243820695236 5.097473470038144
v -104.05000000000001 5.599414291795755 4.73419180676568
v -104.05000000000001 5.8401470182737025 4.303635207966689
v -104.05000000000001 5.974329523305197 3.828990697290281
v -104.05000000000001 5.993620235701627 3.334384201049759
v -104.05000000000001 5.897563867152355 2.8518535668636558
v -104.05000000000001 5.69058224365849 2.402250675362661
v -104.05000000000001 5.384924240491752 2.0150757595082522
v -104.05000000000001 4.997895679062609 1.7095252584258742
v -104.05000000000001 4.548159291197224 1.5023059083048322
v -104.05000000000001 4.229330770422482 1.4255764770762085
v -104.04999999999998 3.900000000000001 1.4000000000000001
v -104.05 3.410045505007859 1.4577076811322303
v -104.05 2.9457972034868476 1.6291255095417563
v -104.05 2.536756186371039 1.902526522902095
v -104.05000000000001 2.2005857082042137 2.265808193234332
v -104.05000000000001 1.9598529817262997 2.696364792033311
v -104.05000000000001 1.8256704766946317 3.171009302709812
v -104.05000000000001 1.806379764298514 3.665615798950414
v -104.05000000000001 1.9024361328478605 4.148146433136698
v -104.05000000000001 2.1094177563414513 4.59774932463702
v -104.05000000000001 2.41507575950825 4.984924240491748
v -104.05000000000001 2.8022406865521363 5.290531301010482
v -104.05000000000001 3.2518152690433375 5.4976313070122185
v -104.05000000000001 3.571009302709685 5.574329523305196
v -115.04999999999998 -0.7250000000000003 -3.62500000018695
v -104.05 -0.10000000000000113 -3.6500000000000004
v -115.04999999999998 3.8994466693143695 -8.250050180764724
v -115.05 2.870378298740531 -8.1339360332894
v -115.05 1.8929316223069752 -7.791809514156448
v -115.05 1.0161124694022825 -7.240773459560623
v -115.05 0.2838815445645251 -6.508454927037869
v -115.05 -0.2670496054365894 -5.631569855706691
v -115.05 -0.609059182621642 -4.654082255028945
v -115.05 8.524999999999999 -3.625
v -115.05 8.40902400370745 -4.654236383922569
v -115.05 8.066912417734049 -5.6318547289063465
v -115.05 7.515822747820975 -6.508825732657984
v -115.05 6.783393123055667 -7.241167736418662
v -115.05 5.906356194441946 -7.7921524835341
v -115.05 4.928696926987953 -8.134147106982155
v -115.05 8.524999999999999 3.6250000000000013
v -104.05 7.9 3.6500000000000004
v -104.05 7.9 -3.6500000000000004
v -104.05 7.783767269704208 -4.6072626571502315
v -104.05 7.4418241026128396 -5.508892688175075
v -104.05 6.894042992684405 -6.302490632963181
v -104.05 6.172258986924624 -6.941935463574626
v -104.05 5.318419548170144 -7.39006497074166
v -104.05 4.382146721021295 -7.620835496392217
v -104.05 3.4178532789787113 -7.620835496392218
v -104.05 2.481580451829861 -7.390064970741662
v -104.05 1.6277410130753807 -6.94193546357463
v -104.05 0.9059570073155987 -6.3024906329631865
v -104.05 0.3581758973871616 -5.508892688175081
v -104.05 0.016232730295791864 -4.607262657150239
v -74.05000000000001 5.274844891549545 -1.012611728599422
v -104.04999999999997 3.9000000000000057 -1.4000000000000026
v -74.05000000000003 5.617803387259184 -1.3919957096558822
v -74.05000000000003 5.855325939726228 -1.8339199352726514
v -74.05000000000003 5.978328710615347 -2.299962362637241
v -74.05000000000004 5.99183026699921 -2.782424166370509
v -74.05000000000003 5.93926149527743 -3.101335008328212
v -74.05000000000001 5.805228902308007 -3.4811696653800817
v -74.05000000000001 5.596097578901318 -3.8377900958041264
v -74.05000000000001 5.367580576374569 -4.101693469561185
v -74.05000000000001 5.129299082980623 -4.301503273786577
v -74.05000000000003 4.868976168295806 -4.462553674138178
v -74.05000000000003 4.595867875099439 -4.581337614945369
v -74.05000000000003 4.242764752773859 -4.6715032736833315
v -74.05000000000001 3.8999998370274946 -4.69993707789946
v -74.05000000000003 3.4237291557278815 -4.645322625987072
v -74.05000000000003 3.0242174275403104 -4.508665735615627
v -74.05000000000003 2.7479753688017863 -4.355960513807402
v -74.05000000000003 2.525155108450459 -4.187388271400582
v -104.05 3.900000000000001 -5.599999999999998
v -104.04999999999927 4.2788711111110755 -5.565653333333304
v -104.04999999999924 4.708017777777738 -5.438346666666646
v -104.04999999999922 5.15999999999996 -5.179999999999988
v -104.04999999999922 5.378832756632027 -4.990577470203763
v -104.04999999999917 5.670749711649332 -4.628733179546332
v -104.0499999999992 5.825067281814657 -4.338415513264139
v -104.04999999999922 5.944793168492862 -3.9744763507425196
v -104.04999999999923 5.998099288735084 -3.5874180002883724
v -104.04999999999924 5.983196366781997 -3.238805687716286
v -104.04999999999924 5.922332258907485 -2.937442687097655
v -104.04999999999924 5.821349361646807 -2.6530380263388116
v -104.04999999999924 5.685072514844722 -2.3940081361157532
v -104.04999999999924 5.461676567510858 -2.0965481987224432
v -104.04999999999924 5.174503916283016 -1.830979983690655
v -104.04999999999923 4.873078040158751 -1.639006513319447
v -104.04999999999922 4.574501847505189 -1.5112678759166083
v -104.04999999999924 4.292055121315209 -1.4368152421717488
v -104.04999999999943 4.088589072663263 -1.4083821733327366
v -115.05 8.524999999999999 -3.625
v -115.05 8.524999999999999 -7.249999999999993
v -115.05 8.40902400370745 -4.654236383922569
v -115.05 8.066912417734049 -5.6318547289063465
v -115.05 7.515822747820975 -6.508825732657984
v -115.05 6.783393123055667 -7.241167736418662
v -115.05 5.906356194441946 -7.7921524835341
v -115.05 4.928696926987953 -8.134147106982155
v -115.04999999999998 3.8994466693143695 -8.250050180764724
v -115.05 7.52499999999999 -8.25
v -115.05 8.499927912181823 -7.472520933956308
v -115.05 8.42596886790242 -7.683883739117553
v -115.05 8.30683148246803 -7.87348980185873
v -115.05 8.148489801858734 -8.031831482468027
v -115.05 7.958883739117558 -8.150968867902417
v -115.05 7.747520933956314 -8.224927912181823
v -115.04999999999998 3.8994466693143695 -8.250050180764724
v -115.05 0.2750000000000066 -8.249999999999998
v -115.05 2.870378298740531 -8.1339360332894
v -115.05 1.8929316223069752 -7.791809514156448
v -115.05 1.0161124694022825 -7.240773459560623
v -115.05 0.2838815445645251 -6.508454927037869
v -115.05 -0.2670496054365894 -5.631569855706691
v -115.05 -0.609059182621642 -4.654082255028945
v -115.04999999999998 -0.7250000000000003 -3.62500000018695
v -115.05 -0.7250000000000004 -7.249999999999992
v -115.05 0.05247906604368438 -8.22492791218182
v -115.05 -0.1588837391175601 -8.150968867902417
v -115.05 -0.34848980185873596 -8.031831482468027
v -115.05 -0.5068314824680324 -7.873489801858729
v -115.05 -0.6259688679024213 -7.683883739117553
v -115.05 -0.6999279121818252 -7.472520933956307
v -115.05000000000001 -0.7250000000000004 3.6250000000309144
v -115.05 -0.7250000000000004 7.24999999999999
v -115.05 -0.6090240037015575 4.654236383948403
v -115.05 -0.26691241772447016 5.631854728926241
v -115.05 0.28417725219003653 6.508825732671794
v -115.05 1.0166068769546883 7.241167736426922
v -115.05 1.8936438055660094 7.792152483537932
v -115.05 2.8713030730163505 8.134147106983136
v -115.05000000000001 3.900553330685632 8.250050180764726
v -115.05 0.27499999999999963 8.249999999999996
v -115.05 -0.6999279121818254 7.4725209339563055
v -115.05 -0.6259688679024218 7.68388373911755
v -115.05 -0.5068314824680331 7.873489801858727
v -115.05 -0.34848980185873685 8.031831482468025
v -115.05 -0.1588837391175611 8.150968867902415
v -115.05 0.05247906604368327 8.22492791218182
v -115.05 7.524999999999991 8.249999999999996
v -115.05 7.747520933956313 8.22492791218182
v -115.05 7.9588837391175575 8.150968867902415
v -115.05 8.148489801858734 8.031831482468025
v -115.05 8.306831482468029 7.873489801858728
v -115.05 8.42596886790242 7.683883739117552
v -115.05 8.499927912181823 7.472520933956306
v -115.05 8.524999999999999 7.24999999999999
v -116.05 8.524999999999999 7.24999999999999
v -116.05 7.524999999999991 8.249999999999996
v -116.05 7.747520933956313 8.22492791218182
v -116.05 7.9588837391175575 8.150968867902415
v -116.05 8.148489801858734 8.031831482468025
v -116.05 8.306831482468029 7.873489801858728
v -116.05 8.42596886790242 7.683883739117552
v -116.05 8.499927912181823 7.472520933956306
v -116.05 8.524999999999999 7.24999999999999
v -115.05 8.524999999999999 7.24999999999999
v -116.05 8.524999999999999 -7.249999999999993
v -115.05 8.524999999999999 -7.249999999999993
v -115.05 8.524999999999999 -3.625
v -115.05 8.524999999999999 3.6250000000000013
v -115.05 8.524999999999999 -7.249999999999993
v -115.05 8.499927912181823 -7.472520933956308
v -115.05 8.42596886790242 -7.683883739117553
v -115.05 8.30683148246803 -7.87348980185873
v -115.05 8.148489801858734 -8.031831482468027
v -115.05 7.958883739117558 -8.150968867902417
v -115.05 7.747520933956314 -8.224927912181823
v -115.05 7.52499999999999 -8.25
v -116.05 7.52499999999999 -8.25
v -116.05 8.524999999999999 -7.249999999999993
v -116.05 8.499927912181823 -7.472520933956308
v -116.05 8.42596886790242 -7.683883739117553
v -116.05 8.30683148246803 -7.87348980185873
v -116.05 8.148489801858734 -8.031831482468027
v -116.05 7.958883739117558 -8.150968867902417
v -116.05 7.747520933956314 -8.224927912181823
v -116.05 7.52499999999999 -8.25
v -115.05 7.52499999999999 -8.25
v -116.05 0.2750000000000066 -8.249999999999998
v -115.05 0.2750000000000066 -8.249999999999998
v -115.04999999999998 3.8994466693143695 -8.250050180764724
v -115.05 0.2750000000000066 -8.249999999999998
v -115.05 0.05247906604368438 -8.22492791218182
v -115.05 -0.1588837391175601 -8.150968867902417
v -115.05 -0.34848980185873596 -8.031831482468027
v -115.05 -0.5068314824680324 -7.873489801858729
v -115.05 -0.6259688679024213 -7.683883739117553
v -115.05 -0.6999279121818252 -7.472520933956307
v -115.05 -0.7250000000000004 -7.249999999999992
v -116.05 -0.7250000000000004 -7.249999999999992
v -116.05 0.2750000000000066 -8.249999999999998
v -116.05 0.05247906604368438 -8.22492791218182
v -116.05 -0.1588837391175601 -8.150968867902417
v -116.05 -0.34848980185873596 -8.031831482468027
v -116.05 -0.5068314824680324 -7.873489801858729
v -116.05 -0.6259688679024213 -7.683883739117553
v -116.05 -0.6999279121818252 -7.472520933956307
v -116.05 -0.7250000000000004 -7.249999999999992
v -115.05 -0.7250000000000004 -7.249999999999992
v -116.05 -0.7250000000000004 7.24999999999999
v -115.05 -0.7250000000000004 7.24999999999999
v -115.05000000000001 -0.7250000000000004 3.6250000000309144
v -115.04999999999998 -0.7250000000000003 -3.62500000018695
v -115.05 -0.7250000000000004 7.24999999999999
v -115.05 -0.6999279121818254 7.4725209339563055
v -115.05 -0.6259688679024218 7.68388373911755
v -115.05 -0.5068314824680331 7.873489801858727
v -115.05 -0.34848980185873685 8.031831482468025
v -115.05 -0.1588837391175611 8.150968867902415
v -115.05 0.05247906604368327 8.22492791218182
v -115.05 0.27499999999999963 8.249999999999996
v -116.05 0.27499999999999963 8.249999999999996
v -116.05 -0.7250000000000004 7.24999999999999
v -116.05 -0.6999279121818254 7.4725209339563055
v -116.05 -0.6259688679024218 7.68388373911755
v -116.05 -0.5068314824680331 7.873489801858727
v -116.05 -0.34848980185873685 8.031831482468025
v -116.05 -0.1588837391175611 8.150968867902415
v -116.05 0.05247906604368327 8.22492791218182
v -116.05 0.27499999999999963 8.249999999999996
v -115.05 0.27499999999999963 8.249999999999996
v -116.05 7.524999999999991 8.249999999999996
v -115.05 7.524999999999991 8.249999999999996
v -115.05000000000001 3.900553330685632 8.250050180764726
v -115.05000000000001 3.900553330685632 8.250050180764726
v -115.05 7.524999999999991 8.249999999999996
v -115.05 4.929621701285507 8.133936033283454
v -115.05 5.907068377741149 7.7918095141332655
v -115.05 6.7838875306603565 7.240773459510661
v -115.05 7.516118455502076 6.5084549269543395
v -115.05 8.067049605494523 5.631569855586374
v -115.05 8.409059182657295 4.654082254872716
v -115.05 8.524999999999999 3.6250000000000013
v -115.05 8.524999999999999 7.24999999999999
v -115.05 7.747520933956313 8.22492791218182
v -115.05 7.9588837391175575 8.150968867902415
v -115.05 8.148489801858734 8.031831482468025
v -115.05 8.306831482468029 7.873489801858728
v -115.05 8.42596886790242 7.683883739117552
v -115.05 8.499927912181823 7.472520933956306
v -128.14999999999998 8.024999999999997 -7.75
v -116.05 8.024999999999997 -7.75
v -128.14999999999998 -0.22500000000000125 -7.749999999999999
v -116.05 -0.22500000000000125 -7.749999999999999
v -128.14999999999998 -0.22500000000000125 -7.749999999999999
v -116.05 -0.22500000000000125 -7.749999999999999
v -128.14999999999998 -0.22500000000000167 5.649999999999996
v -116.05 -0.22500000000000167 5.649999999999996
v -116.05 -0.22500000000000167 5.649999999999996
v -116.05 -0.17485582436364844 6.095041867912625
v -116.05 -0.026937735804839713 6.517767478235112
v -116.05 0.2113370350639392 6.8969796037174635
v -116.05 0.5280203962825318 7.213662964936056
v -116.05 0.9072325217648827 7.451937735804835
v -116.05 1.3299581320873701 7.599855824363644
v -116.05 1.7750000000000001 7.649999999999999
v -128.14999999999998 1.7750000000000001 7.649999999999999
v -128.14999999999998 -0.22500000000000167 5.649999999999996
v -128.14999999999998 -0.17485582436364844 6.095041867912625
v -128.14999999999998 -0.026937735804839713 6.517767478235112
v -128.14999999999998 0.2113370350639392 6.8969796037174635
v -128.14999999999998 0.5280203962825318 7.213662964936056
v -128.14999999999998 0.9072325217648827 7.451937735804835
v -128.14999999999998 1.3299581320873701 7.599855824363644
v -128.14999999999998 1.7750000000000001 7.649999999999999
v -116.05 1.7750000000000001 7.649999999999999
v -128.14999999999998 6.024999999999998 7.649999999999997
v -116.05 6.024999999999998 7.649999999999997
v -116.05 6.024999999999998 7.649999999999997
v -116.05 6.470041867912626 7.599855824363644
v -116.05 6.892767478235114 7.451937735804835
v -116.05 7.271979603717464 7.213662964936057
v -116.05 7.5886629649360575 6.896979603717464
v -116.05 7.826937735804836 6.517767478235113
v -116.05 7.974855824363645 6.095041867912626
v -116.05 8.024999999999997 5.649999999999997
v -128.14999999999998 8.024999999999997 5.649999999999997
v -128.14999999999998 6.024999999999998 7.649999999999997
v -128.14999999999998 6.470041867912626 7.599855824363644
v -128.14999999999998 6.892767478235114 7.451937735804835
v -128.14999999999998 7.271979603717464 7.213662964936057
v -128.14999999999998 7.5886629649360575 6.896979603717464
v -128.14999999999998 7.826937735804836 6.517767478235113
v -128.14999999999998 7.974855824363645 6.095041867912626
v -128.14999999999998 8.024999999999997 5.649999999999997
v -116.05 8.024999999999997 5.649999999999997
v -128.14999999999998 8.024999999999997 -7.75
v -116.05 8.024999999999997 -7.75
v -128.14999999999998 8.024999999999997 -7.75
v -128.14999999999998 -0.22500000000000125 -7.749999999999999
v -128.14999999999998 -0.22500000000000167 5.649999999999996
v -128.14999999999998 -0.17485582436364844 6.095041867912625
v -128.14999999999998 -0.026937735804839713 6.517767478235112
v -128.14999999999998 0.2113370350639392 6.8969796037174635
v -128.14999999999998 0.5280203962825318 7.213662964936056
v -128.14999999999998 0.9072325217648827 7.451937735804835
v -128.14999999999998 1.3299581320873701 7.599855824363644
v -128.14999999999998 1.7750000000000001 7.649999999999999
v -128.14999999999998 6.024999999999998 7.649999999999997
v -128.14999999999998 6.470041867912626 7.599855824363644
v -128.14999999999998 6.892767478235114 7.451937735804835
v -128.14999999999998 7.271979603717464 7.213662964936057
v -128.14999999999998 7.5886629649360575 6.896979603717464
v -128.14999999999998 7.826937735804836 6.517767478235113
v -128.14999999999998 7.974855824363645 6.095041867912626
v -128.14999999999998 8.024999999999997 5.649999999999997
v -128.14999999999998 7.374999999999998 -7.1000000000000005
v -128.14999999999998 0.42499999999999877 -7.1
v -128.14999999999998 7.374999999999998 4.700000000000001
v -128.14999999999998 5.1499999999999995 6.9499999999999975
v -128.14999999999998 2.6499999999999986 6.9499999999999975
v -128.14999999999998 0.42499999999999827 4.700000000000002
v -121.44999999999999 7.374999999999998 -7.1000000000000005
v -128.14999999999998 7.374999999999998 -7.1000000000000005
v -121.44999999999999 0.4249999999999987 -7.1
v -128.14999999999998 0.42499999999999877 -7.1
v -121.44999999999999 7.374999999999998 4.700000000000001
v -128.14999999999998 7.374999999999998 4.700000000000001
v -121.44999999999999 7.374999999999998 -7.1000000000000005
v -128.14999999999998 7.374999999999998 -7.1000000000000005
v -121.44999999999999 5.1499999999999995 6.9499999999999975
v -128.14999999999998 5.1499999999999995 6.9499999999999975
v -121.44999999999999 7.374999999999998 4.700000000000001
v -128.14999999999998 7.374999999999998 4.700000000000001
v -121.44999999999999 2.6499999999999986 6.9499999999999975
v -128.14999999999998 2.6499999999999986 6.9499999999999975
v -121.44999999999999 5.1499999999999995 6.9499999999999975
v -128.14999999999998 5.1499999999999995 6.9499999999999975
v -121.44999999999999 0.42499999999999827 4.700000000000002
v -128.14999999999998 0.42499999999999827 4.700000000000002
v -121.44999999999999 2.6499999999999986 6.9499999999999975
v -128.14999999999998 2.6499999999999986 6.9499999999999975
v -121.44999999999999 0.4249999999999987 -7.1
v -128.14999999999998 0.42499999999999877 -7.1
v -121.44999999999999 0.42499999999999827 4.700000000000002
v -128.14999999999998 0.42499999999999827 4.700000000000002
v -121.44999999999999 7.374999999999998 -7.1000000000000005
v -121.44999999999999 0.4249999999999987 -7.1
v -121.44999999999999 0.42499999999999827 4.700000000000002
v -121.44999999999999 2.6499999999999986 6.9499999999999975
v -121.44999999999999 5.1499999999999995 6.9499999999999975
v -121.44999999999999 7.374999999999998 4.700000000000001
v -121.44999999999999 3.899999999999999 1.5499999999999996
v -121.44999999999999 3.4632489126752066 1.6030311831974542
v -121.44999999999999 3.051880211020122 1.759042753182891
v -121.44999999999999 2.689801148710549 2.0089678845877392
v -121.44999999999999 2.3980544447440773 2.3382818372156384
v -121.44999999999999 2.1935953570991176 2.72784608114737
v -121.44999999999999 2.0883063047710504 3.1550205585340323
v -121.44999999999999 2.08830630477105 3.594979441465961
v -121.44999999999999 2.193595357099116 4.022153918852624
v -121.44999999999999 2.3980544447440737 4.411718162784356
v -121.44999999999999 2.6898011487105444 4.741032115412256
v -121.44999999999999 3.0518802110201175 4.990957246817105
v -121.44999999999999 3.4632489126752013 5.146968816802543
v -121.44999999999999 3.8999999999999995 5.2
v -121.44999999999999 4.336751087324792 5.146968816802545
v -121.44999999999999 4.748119788979877 4.990957246817108
v -121.44999999999999 5.11019885128945 4.74103211541226
v -121.44999999999999 5.401945555255922 4.411718162784359
v -121.44999999999999 5.606404642900881 4.022153918852627
v -121.44999999999999 5.711693695228948 3.5949794414659646
v -121.44999999999999 5.711693695228948 3.1550205585340354
v -121.44999999999999 5.606404642900881 2.7278460811473724
v -121.44999999999999 5.401945555255923 2.33828183721564
v -121.44999999999999 5.110198851289451 2.00896788458774
v -121.44999999999999 4.748119788979878 1.7590427531828918
v -121.44999999999999 4.336751087324793 1.6030311831974549
v -121.44999999999999 3.899999999999999 -5.4
v -121.44999999999999 3.4632489126752066 -5.346968816802545
v -121.44999999999999 3.0518802110201224 -5.190957246817108
v -121.44999999999999 2.689801148710549 -4.941032115412261
v -121.44999999999999 2.3980544447440773 -4.611718162784361
v -121.44999999999999 2.1935953570991176 -4.22215391885263
v -121.44999999999999 2.088306304771051 -3.7949794414659674
v -121.44999999999999 2.0883063047710504 -3.3550205585340387
v -121.44999999999999 2.193595357099116 -2.9278460811473757
v -121.44999999999999 2.3980544447440737 -2.538281837215644
v -121.44999999999999 2.689801148710545 -2.208967884587744
v -121.44999999999999 3.0518802110201175 -1.9590427531828942
v -121.44999999999999 3.4632489126752013 -1.8030311831974566
v -121.44999999999999 3.8999999999999995 -1.75
v -121.44999999999999 4.336751087324792 -1.8030311831974553
v -121.44999999999999 4.748119788979876 -1.9590427531828922
v -121.44999999999999 5.11019885128945 -2.2089678845877403
v -121.44999999999999 5.401945555255922 -2.5382818372156404
v -121.44999999999999 5.6064046429008805 -2.927846081147372
v -121.44999999999999 5.711693695228948 -3.355020558534035
v -121.44999999999999 5.711693695228948 -3.7949794414659643
v -121.44999999999999 5.606404642900881 -4.222153918852627
v -121.44999999999999 5.401945555255923 -4.611718162784359
v -121.44999999999999 5.110198851289451 -4.941032115412259
v -121.44999999999999 4.748119788979878 -5.190957246817108
v -121.44999999999999 4.336751087324793 -5.346968816802544
v -126.94999999999997 3.8999999999999995 -1.75
v -121.44999999999999 3.8999999999999995 -1.75
v -126.94999999999997 3.899999999999999 -5.4
v -126.94999999999997 3.4632489126752066 -5.346968816802545
v -126.94999999999997 3.0518802110201224 -5.190957246817108
v -126.94999999999997 2.689801148710549 -4.941032115412261
v -126.94999999999997 2.3980544447440773 -4.611718162784361
v -126.94999999999997 2.1935953570991176 -4.22215391885263
v -126.94999999999997 2.088306304771051 -3.7949794414659674
v -126.94999999999997 2.0883063047710504 -3.3550205585340387
v -126.94999999999997 2.193595357099116 -2.9278460811473757
v -126.94999999999997 2.3980544447440737 -2.538281837215644
v -126.94999999999997 2.689801148710545 -2.208967884587744
v -126.94999999999997 3.0518802110201175 -1.9590427531828942
v -126.94999999999997 3.4632489126752013 -1.8030311831974566
v -121.44999999999999 3.899999999999999 -5.4
v -121.44999999999999 3.4632489126752066 -5.346968816802545
v -121.44999999999999 3.0518802110201224 -5.190957246817108
v -121.44999999999999 2.689801148710549 -4.941032115412261
v -121.44999999999999 2.3980544447440773 -4.611718162784361
v -121.44999999999999 2.1935953570991176 -4.22215391885263
v -121.44999999999999 2.088306304771051 -3.7949794414659674
v -121.44999999999999 2.0883063047710504 -3.3550205585340387
v -121.44999999999999 2.193595357099116 -2.9278460811473757
v -121.44999999999999 2.3980544447440737 -2.538281837215644
v -121.44999999999999 2.689801148710545 -2.208967884587744
v -121.44999999999999 3.0518802110201175 -1.9590427531828942
v -121.44999999999999 3.4632489126752013 -1.8030311831974566
v -126.94999999999997 3.899999999999999 -5.4
v -126.94999999999997 3.4632489126752066 -5.346968816802545
v -126.94999999999997 3.0518802110201224 -5.190957246817108
v -126.94999999999997 2.689801148710549 -4.941032115412261
v -126.94999999999997 2.3980544447440773 -4.611718162784361
v -126.94999999999997 2.1935953570991176 -4.22215391885263
v -126.94999999999997 2.088306304771051 -3.7949794414659674
v -126.94999999999997 2.0883063047710504 -3.3550205585340387
v -126.94999999999997 2.193595357099116 -2.9278460811473757
v -126.94999999999997 2.3980544447440737 -2.538281837215644
v -126.94999999999997 2.689801148710545 -2.208967884587744
v -126.94999999999997 3.0518802110201175 -1.9590427531828942
v -126.94999999999997 3.4632489126752013 -1.8030311831974566
v -126.94999999999997 3.8999999999999995 -1.75
v -126.94999999999997 4.336751087324792 -1.8030311831974553
v -126.94999999999997 4.748119788979876 -1.9590427531828922
v -126.94999999999997 5.11019885128945 -2.2089678845877403
v -126.94999999999997 5.401945555255922 -2.5382818372156404
v -126.94999999999997 5.6064046429008805 -2.927846081147372
v -126.94999999999997 5.711693695228948 -3.355020558534035
v -126.94999999999997 5.711693695228948 -3.7949794414659643
v -126.94999999999997 5.606404642900881 -4.222153918852627
v -126.94999999999997 5.401945555255923 -4.611718162784359
v -126.94999999999997 5.110198851289451 -4.941032115412259
v -126.94999999999997 4.748119788979878 -5.190957246817108
v -126.94999999999997 4.336751087324793 -5.346968816802544
v -126.94999999999997 3.8999999999999995 5.2
v -121.44999999999999 3.8999999999999995 5.2
v -126.94999999999997 3.899999999999999 1.5499999999999996
v -126.94999999999997 3.4632489126752066 1.6030311831974542
v -126.94999999999997 3.051880211020122 1.759042753182891
v -126.94999999999997 2.689801148710549 2.0089678845877392
v -126.94999999999997 2.3980544447440773 2.3382818372156384
v -126.94999999999997 2.1935953570991176 2.72784608114737
v -126.94999999999997 2.0883063047710504 3.1550205585340323
v -126.94999999999997 2.08830630477105 3.594979441465961
v -126.94999999999997 2.193595357099116 4.022153918852624
v -126.94999999999997 2.3980544447440737 4.411718162784356
v -126.94999999999997 2.6898011487105444 4.741032115412256
v -126.94999999999997 3.0518802110201175 4.990957246817105
v -126.94999999999997 3.4632489126752013 5.146968816802543
v -121.44999999999999 3.899999999999999 1.5499999999999996
v -121.44999999999999 3.4632489126752066 1.6030311831974542
v -121.44999999999999 3.051880211020122 1.759042753182891
v -121.44999999999999 2.689801148710549 2.0089678845877392
v -121.44999999999999 2.3980544447440773 2.3382818372156384
v -121.44999999999999 2.1935953570991176 2.72784608114737
v -121.44999999999999 2.0883063047710504 3.1550205585340323
v -121.44999999999999 2.08830630477105 3.594979441465961
v -121.44999999999999 2.193595357099116 4.022153918852624
v -121.44999999999999 2.3980544447440737 4.411718162784356
v -121.44999999999999 2.6898011487105444 4.741032115412256
v -121.44999999999999 3.0518802110201175 4.990957246817105
v -121.44999999999999 3.4632489126752013 5.146968816802543
v -126.94999999999997 3.899999999999999 1.5499999999999996
v -126.94999999999997 3.4632489126752066 1.6030311831974542
v -126.94999999999997 3.051880211020122 1.759042753182891
v -126.94999999999997 2.689801148710549 2.0089678845877392
v -126.94999999999997 2.3980544447440773 2.3382818372156384
v -126.94999999999997 2.1935953570991176 2.72784608114737
v -126.94999999999997 2.0883063047710504 3.1550205585340323
v -126.94999999999997 2.08830630477105 3.594979441465961
v -126.94999999999997 2.193595357099116 4.022153918852624
v -126.94999999999997 2.3980544447440737 4.411718162784356
v -126.94999999999997 2.6898011487105444 4.741032115412256
v -126.94999999999997 3.0518802110201175 4.990957246817105
v -126.94999999999997 3.4632489126752013 5.146968816802543
v -126.94999999999997 3.8999999999999995 5.2
v -126.94999999999997 4.336751087324792 5.146968816802545
v -126.94999999999997 4.748119788979877 4.990957246817108
v -126.94999999999997 5.11019885128945 4.74103211541226
v -126.94999999999997 5.401945555255922 4.411718162784359
v -126.94999999999997 5.606404642900881 4.022153918852627
v -126.94999999999997 5.711693695228948 3.5949794414659646
v -126.94999999999997 5.711693695228948 3.1550205585340354
v -126.94999999999997 5.606404642900881 2.7278460811473724
v -126.94999999999997 5.401945555255923 2.33828183721564
v -126.94999999999997 5.110198851289451 2.00896788458774
v -126.94999999999997 4.748119788979878 1.7590427531828918
v -126.94999999999997 4.336751087324793 1.6030311831974549
vn 0 0.12053667925720311 0.9927088742192477
vn 0 0.23931563945621478 0.970941823546428
vn 0 0.4647231936751213 0.8854560143001997
vn 0 0.6323097189961298 0.7747157022179396
vn 0 0.8229838823656151 0.5680647228674031
vn 0 0.9350162448087614 0.3546048814437308
vn 0 0.9870221633407014 0.1605840872385607
vn 0 0.992708875136287 -0.12053667170470467
vn 0 0.9350162448087614 -0.3546048814437308
vn 0 0.8452836542878438 -0.5343178303161787
vn 0 0.6928506391722322 -0.7210811270575795
vn 0 0.5001516131697133 -0.8659378521832461
vn 0 0.2783856440009705 -0.9604693817161299
vn 0 0.12053667925720311 -0.9927088742192477
vn 0 0.12053667925720311 0.9927088742192477
vn 0 0.2393156675516985 0.9709418166215136
vn 0 0.4647231936751213 0.8854560143001997
vn 0 0.6928506391722322 0.7210811270575795
vn 0 0.8229838823656151 0.5680647228674031
vn 0 0.9350162448087614 0.3546048814437308
vn 0 0.9967713817680103 0.08029204498760399
vn 0 0.992708875136287 -0.12053667170470467
vn 0 0.9350162448087614 -0.3546048814437308
vn 0 0.7993375654121704 -0.6008822318232951
vn 0 0.632309754769906 -0.7747156730199934
vn 0 0.42853434110202293 -0.9035254941042091
vn 0 0.19985413516691736 -0.9798256603379418
vn 0 0.12053667925720311 -0.9927088742192477
vn 0 0.12053667925720311 0.9927088742192477
vn 0 0.23931563945621478 0.970941823546428
vn 0 0.4647231936751213 0.8854560143001997
vn 0 0.6323097189961298 0.7747157022179396
vn 0 0.8229838823656151 0.5680647228674031
vn 0 0.9350162448087614 0.3546048814437308
vn 0 0.9870221633407014 0.1605840872385607
vn 0 0.992708875136287 -0.12053667170470467
vn 0 0.9350162448087614 -0.3546048814437308
vn 0 0.8452836542878438 -0.5343178303161787
vn 0 0.6928506391722322 -0.7210811270575795
vn 0 0.5001516131697133 -0.8659378521832461
vn 0 0.2783856440009705 -0.9604693817161299
vn 0 0.12053667925720311 -0.9927088742192477
vn 0 0.12053667925720311 0.9927088742192477
vn 0 0.2393156675516985 0.9709418166215136
vn 0 0.4647231936751213 0.8854560143001997
vn 0 0.6928506391722322 0.7210811270575795
vn 0 0.8229838823656151 0.5680647228674031
vn 0 0.9350162448087614 0.3546048814437308
vn 0 0.9967713817680103 0.08029204498760399
vn 0 0.992708875136287 -0.12053667170470467
vn 0 0.9350162448087614 -0.3546048814437308
vn 0 0.7993375654121704 -0.6008822318232951
vn 0 0.632309754769906 -0.7747156730199934
vn 0 0.42853434110202293 -0.9035254941042091
vn 0 0.19985413516691736 -0.9798256603379418
vn 0 0.12053667925720311 -0.9927088742192477
vn -0.03877116071348212 -0.15525873312359822 0.9871127204558681
vn -0.03504565382543944 -0.05042215099247755 0.9981129238904981
vn -0.03382328655279752 0.14503411016407997 0.9888483666243683
vn -0.03195855846083787 0.31049612937362364 0.9500372646297108
vn -0.03792025758396552 0.6028983377506317 0.7969163371410395
vn -0.026439133183343944 0.21765246332347163 0.9756681697409926
vn -0.022345252071458228 -0.008250394738735884 0.9997162700969301
vn -0.02197511690541387 -0.190811010365707 0.9813807887666293
vn -0.023935767453984295 -0.3241342038613434 0.9457082514832795
vn -0.01765976327911762 -0.5617654452369576 0.82710804451332
vn -0.015324259466977973 -0.6804132772896995 0.7326683691546123
vn -0.008895042778090235 -0.816200712643088 0.5776999869265111
vn -0.013547782102752218 -0.8558747917314062 0.5170056077827573
vn -0.0022898836469612705 -0.9661440025932334 0.25799326093138514
vn -0.000492968436537037 -0.9913369115587606 0.1313426235586102
vn 0.024561132291413178 -0.9635938035526344 -0.2662399904889026
vn 0.007164948712004709 -0.993782180423819 -0.11111094177458106
vn 0.016547956912603565 -0.9434889853034557 -0.33099048284365257
vn 0.017484738156169338 -0.8938368267526567 -0.4480513487005159
vn 0.021590015331334304 -0.7919616254189876 -0.6101890322692698
vn 0.043248181436442566 -0.4698172931148759 -0.8817036383573855
vn 0.025764724344455363 -0.6181934054112668 -0.7856036484675177
vn 0.04802750360812336 -0.20690543564561892 -0.9771814056752555
vn 0.02390190696324769 -0.49259533762415825 -0.8699301881153808
vn 0.044960196944427586 -0.04435802239569805 -0.9980034802243232
vn 0.014509329637320585 -0.589288118141366 -0.8077926671930633
vn 0.016206000697430133 -0.6548388129422541 -0.7555947952479387
vn 0.01551323511332297 -0.78749267485963 -0.6161287418865832
vn 0.0031205153217136123 -0.9441560793765926 -0.32948377829621356
vn -0.0011204377285769951 -0.9862195647435675 -0.16543794829574174
vn -0.009840549613878638 -0.9985741085389461 0.05246821265247981
vn -0.006540338645370378 -0.9907070009179212 0.13585603520867975
vn -0.017507252782758404 -0.9164510143183806 0.39976372328515747
vn -0.01957392527035179 -0.8530342073199556 0.5214877779886369
vn -0.04146334220312511 -0.5857943982783054 0.8093983655772383
vn -0.026041545766087883 -0.7017342755841276 0.7119626706257374
vn -0.03208333691310302 -0.5385685672067092 0.8419706395768398
vn -0.030892038782256753 -0.4371831426196307 0.8988418001790411
vn 0.05672669173657206 -0.9983897447613452 2.0014380523020844e-16
vn 0.05670828318107149 -0.9983631277149464 0.00743208166567865
vn 0.05672668836084242 -0.998389744953148 3.973537624000868e-17
vn 0.05673635082208382 -0.9980772212502366 0.02495690118584159
vn 0.05657147219115371 -0.9608865934713391 0.27110260607594894
vn 0.05627890008259542 -0.8710679531155578 0.4879275627186536
vn 0.05600769743908734 -0.7331135663843937 0.6777961615491245
vn 0.05578166685160571 -0.5546452694544814 0.8302150508844213
vn 0.055619886593672695 -0.34552462344740803 0.9367599280535188
vn 0.05553792728449184 -0.11732493956890422 0.9915394077837227
vn 0.05553864305378796 0.11740257570349306 0.9915301782325789
vn 0.055621015357895875 0.3455873043977088 0.9367367387316897
vn 0.055783030311883176 0.5546912617171501 0.8301842311823682
vn 0.05600912366140884 0.7331433721682353 0.6777638039261683
vn 0.05628020035932637 0.8710838102791042 0.4878991028042086
vn 0.0565724809905209 0.9608923063753075 0.27108214611685366
vn 0.05647204836782691 0.9916531479490938 0.11590919685596383
vn 0.05611795660150421 0.9921472187930164 0.11177956516355791
vn 0.05375895690037347 0.00006973143225195031 0.9985539392994808
vn 0.05383504093280114 0.2276397020380775 0.9722561156525471
vn 0.054066395998619066 0.4431832635558405 0.8947990946171743
vn 0.05444287835289545 0.6354118531939329 0.7702517444428826
vn 0.054948992705070435 0.7941921306780443 0.6051772201345375
vn 0.05556504750267888 0.911169343325475 0.4082682369225505
vn 0.05626755539327363 0.9801912236353623 0.18989240984904096
vn 0.05626741086866163 -0.9801861705096633 0.1899185341554069
vn 0.05556511643575327 -0.9111491666602176 0.40831325465856744
vn 0.05494915152404429 -0.7941484803000649 0.6052344851244723
vn 0.05444299584534517 -0.6353388174695355 0.7703119804467513
vn 0.05406637232375395 -0.44307811084127563 0.8948511692326694
vn 0.0538347531413822 -0.22750338137701606 0.9722880390173637
vn 0.029663785242291633 0.11686796281404903 0.9927043563482499
vn 0.028875276575937123 0.26843559862450017 0.962864760905585
vn 0.026181081173736284 0.4873562429827954 0.8728106572529168
vn 0.022048363642207136 0.6771491225246911 0.7355154216770319
vn 0.015556006695557284 0.8547993219821085 0.5187254859698099
vn 0.010119134853872022 0.9482659376661112 0.31731579628505735
vn 0.0033243356084269784 0.995090534737925 0.0989129742134618
vn -0.004878281006373081 0.986194139253754 -0.16552136440946316
vn -0.010101220530808211 0.9342625369762924 -0.3564428107654999
vn -0.01774816359515141 0.8044423867602589 -0.5937654832275597
vn -0.02200303916822911 0.658022387285347 -0.7526768258015216
vn -0.026031603660154546 0.4803301026485153 -0.8767014019040618
vn -0.02886690914464386 0.26164257254767626 -0.9647330541590605
vn -0.02943899890405116 0.04710178133840102 -0.9984561920977189
vn -0.027054974678395894 0.07740047536596605 -0.996632928794887
vn 0.029201336921566245 0.22923234695542646 0.9729336118314035
vn 0.02736083429099457 0.41298714614426524 0.9103257668914553
vn 0.023673169607335606 0.614840861503429 0.7882958176132001
vn 0.018727681678213728 0.7814253990069936 0.6237175800999363
vn 0.011772941005895675 0.9029649006831801 0.42955300719967787
vn 0.009540286862999275 0.941391648494157 0.33718058525369615
vn 0.0037714955783037193 0.9903932895850068 0.13822773877225802
vn -0.0019648909559789513 0.9982654324866131 -0.05884101890557476
vn -0.01043370606891412 0.9560733083817188 -0.29294191707180184
vn -0.010366337901361662 0.9429779281450186 -0.3326938022714625
vn -0.015184300474150366 0.866660508081176 -0.4986672244609511
vn -0.022224355583713988 0.723761978849192 -0.6896917253318257
vn -0.022613640846085078 0.6768915048639714 -0.735735355879186
vn -0.025959986340453677 0.5186172553383038 -0.8546123223863367
vn -0.02832704298978077 0.3460131975582216 -0.9378019224500397
vn -0.030712077220732766 0.14101620794110759 -0.9895307965953855
vn -0.030827974377385704 0.04303190784137531 -0.9985979625972199
vn -0.029972856668943393 -0.03131783733217745 -0.9990599686344852
vn -1.8084124975806598e-7 0.11392444795838884 0.9934894162281467
vn 0.000014438012675965447 0.1805006990140976 0.9835748560465369
vn 0.00006111115942995996 0.3806288448600689 0.9247278944240385
vn 0.00015886767863572204 0.5589511860558843 0.8292005465312845
vn -0.00005982569707238172 0.6957022540872062 0.7183302653228988
vn 0.00005702599894317965 0.11866533943016032 0.9929343049597794
vn 0.00012346653810357027 0.2676825191558409 0.9635071632813098
vn 0.00022580961337522978 0.4763599770446216 0.8792503177594343
vn 0.0001275224571527577 0.684010468805537 0.7294721806227107
vn 0.0000740261070459637 0.8506819935988168 0.5256806447710224
vn 0.00010353628486465299 0.9519896338160625 0.3061302441559753
vn 0.00012067511291938178 0.9975747598850494 0.06960304503254809
vn 0.00019595206098297618 0.9886585544564578 -0.1501806389081396
vn 0.0001194124431743242 0.9325313721766145 -0.36108894423267646
vn 0.00009833335582566331 0.819605619169663 -0.5729281101116129
vn 0.00015000989225947441 0.66632070104686 -0.7456652740026541
vn 0.00016672368797900715 0.4818013439158348 -0.8762804557926117
vn 0.00014839049203049838 0.27588292861481506 -0.9611912336674606
vn 0.00009775971219881686 0.13332089321676127 -0.9910729185458171
vn -0.00005130769413173149 0.043525489592180236 -0.9990523155086933
vn -0.000013787260927131676 0.021578138273633203 -0.9997671647731563
vn -1.8260998920909326e-7 0.00989403529874617 -0.9999510528348244
vn -0.00013528137145340784 0.06814490301506898 -0.9976754251218266
vn -0.000047577432394847495 0.7983614227353871 0.6021785751953623
vn -0.00004424499547864389 0.9186299413632657 0.39511900596314453
vn -0.00004973277806196402 0.9860315404971642 0.16655869437360457
vn -0.000008027623962149457 0.9990770692062546 -0.042953576356314624
vn 0.0000070791819584643315 0.9651720397095213 -0.26161600431328286
vn -0.00002486057653417258 0.8971747418769974 -0.4416757656017531
vn -0.000012067583809907174 0.8171964710217128 -0.5763592001556255
vn 0.00007187724850827146 0.7251089078329763 -0.6886342037794301
vn 0.00006805758745567361 0.5866659626131533 -0.8098290212627275
vn 0.000015129459817332067 0.46455141877189293 -0.8855461473509559
vn 0.00007932836750668217 0.3483208953481052 -0.9373753504178061
vn 0.000025345465999516256 0.17198223232221221 -0.9851000513262985
vn 0.12053667883686726 0 -0.9927088742702858
vn 0.12053667883686726 0 -0.9927088742702858
vn 0.12053667883686726 0 0.9927088742702858
vn 0.19985412989877593 0 0.9798256614124796
vn 0.42853436418044694 0 0.9035254831583115
vn 0.632309783967853 0 0.7747156491891249
vn 0.7993375438913483 0 0.6008822604518683
vn 0.9199108147773356 0 0.3921276486754008
vn 0.9870221625159064 0 0.1605840923081226
vn 0.9967713811717193 0 -0.08029205239015198
vn 0.9485918725965883 0 -0.31650191033183084
vn 0.8452836542878438 0 -0.5343178303161787
vn 0.6928506379588919 0 -0.7210811282234174
vn 0.5001516647992843 0 -0.865937822362844
vn 0.2783856165082846 0 -0.9604693896847012
vn 0.12053667883686726 0 0.9927088742702858
vn 0.2783856280638283 0 0.9604693863354042
vn 0.5001516647992843 0 0.865937822362844
vn 0.6928505784017484 0 0.7210811854488807
vn 0.8452836542878438 0 0.5343178303161787
vn 0.9485918725965883 0 0.31650191033183084
vn 0.9967713811717193 0 0.08029205239015198
vn 0.9870221625159064 0 -0.1605840923081226
vn 0.9199108147773356 0 -0.3921276486754008
vn 0.7993375654121704 0 -0.6008822318232951
vn 0.632309783967853 0 -0.7747156491891249
vn 0.42853438850981995 0 -0.9035254716190987
vn 0.19985412989877593 0 -0.9798256614124796
vn 0.12053667883686726 0 -0.9927088742702858
vn 0.12053667883686726 0 -0.9927088742702858
vn 0.12053667883686726 0 0.9927088742702858
vn 0.19985412989877593 0 0.9798256614124796
vn 0.42853436418044694 0 0.9035254831583115
vn 0.632309783967853 0 0.7747156491891249
vn 0.7993375438913483 0 0.6008822604518683
vn 0.9199108147773356 0 0.3921276486754008
vn 0.9870221625159064 0 0.1605840923081226
vn 0.9967713811717193 0 -0.08029205239015198
vn 0.9485918725965883 0 -0.31650191033183084
vn 0.8452836542878438 0 -0.5343178303161787
vn 0.6928506379588919 0 -0.7210811282234174
vn 0.5001516647992843 0 -0.865937822362844
vn 0.2783856165082846 0 -0.9604693896847012
vn 0.12053667883686726 0 0.9927088742702858
vn 0.2783856280638283 0 0.9604693863354042
vn 0.5001516647992843 0 0.865937822362844
vn 0.6928505784017484 0 0.7210811854488807
vn 0.8452836542878438 0 0.5343178303161787
vn 0.9485918725965883 0 0.31650191033183084
vn 0.9967713811717193 0 0.08029205239015198
vn 0.9870221625159064 0 -0.1605840923081226
vn 0.9199108147773356 0 -0.3921276486754008
vn 0.7993375654121704 0 -0.6008822318232951
vn 0.632309783967853 0 -0.7747156491891249
vn 0.42853438850981995 0 -0.9035254716190987
vn 0.19985412989877593 0 -0.9798256614124796
vn 0.12053667883686726 0 -0.9927088742702858
vn 0.12053667883686726 0 -0.9927088742702858
vn 0.12053667883686726 0 0.9927088742702858
vn 0.19985412989877593 0 0.9798256614124796
vn 0.42853436418044694 0 0.9035254831583115
vn 0.632309783967853 0 0.7747156491891249
vn 0.7993375438913483 0 0.6008822604518683
vn 0.9199108147773356 0 0.3921276486754008
vn 0.9870221625159064 0 0.1605840923081226
vn 0.9967713811717193 0 -0.08029205239015198
vn 0.9485918725965883 0 -0.31650191033183084
vn 0.8452836542878438 0 -0.5343178303161787
vn 0.6928506379588919 0 -0.7210811282234174
vn 0.5001516647992843 0 -0.865937822362844
vn 0.2783856165082846 0 -0.9604693896847012
vn 0.12053667883686726 0 0.9927088742702858
vn 0.2783856280638283 0 0.9604693863354042
vn 0.5001516647992843 0 0.865937822362844
vn 0.6928505784017484 0 0.7210811854488807
vn 0.8452836542878438 0 0.5343178303161787
vn 0.9485918725965883 0 0.31650191033183084
vn 0.9967713811717193 0 0.08029205239015198
vn 0.9870221625159064 0 -0.1605840923081226
vn 0.9199108147773356 0 -0.3921276486754008
vn 0.7993375654121704 0 -0.6008822318232951
vn 0.632309783967853 0 -0.7747156491891249
vn 0.42853438850981995 0 -0.9035254716190987
vn 0.19985412989877593 0 -0.9798256614124796
vn 0.12053667883686726 0 -0.9927088742702858
vn 0.12053667883686726 0 -0.9927088742702858
vn 0.12053667883686726 0 0.9927088742702858
vn 0.19985412989877593 0 0.9798256614124796
vn 0.42853436418044694 0 0.9035254831583115
vn 0.632309783967853 0 0.7747156491891249
vn 0.7993375438913483 0 0.6008822604518683
vn 0.9199108147773356 0 0.3921276486754008
vn 0.9870221625159064 0 0.1605840923081226
vn 0.9967713811717193 0 -0.08029205239015198
vn 0.9485918725965883 0 -0.31650191033183084
vn 0.8452836542878438 0 -0.5343178303161787
vn 0.6928506379588919 0 -0.7210811282234174
vn 0.5001516647992843 0 -0.865937822362844
vn 0.2783856165082846 0 -0.9604693896847012
vn 0.12053667883686726 0 0.9927088742702858
vn 0.2783856280638283 0 0.9604693863354042
vn 0.5001516647992843 0 0.865937822362844
vn 0.6928505784017484 0 0.7210811854488807
vn 0.8452836542878438 0 0.5343178303161787
vn 0.9485918725965883 0 0.31650191033183084
vn 0.9967713811717193 0 0.08029205239015198
vn 0.9870221625159064 0 -0.1605840923081226
vn 0.9199108147773356 0 -0.3921276486754008
vn 0.7993375654121704 0 -0.6008822318232951
vn 0.632309783967853 0 -0.7747156491891249
vn 0.42853438850981995 0 -0.9035254716190987
vn 0.19985412989877593 0 -0.9798256614124796
vn 0.000004620247881910079 0.10936480595422528 0.994001679675265
vn -0.000028989544803278662 0.2251985640531756 0.9743128891213511
vn 0.000012135210103410821 0.1100157028415884 0.9939298491246795
vn -2.7355772411071634e-7 0.22043707400846646 0.9754011976630493
vn -0.000013172642748300744 0.3967576885455259 0.9179233826450293
vn 0.000023220661533712813 0.5954803675380381 0.8033698596148376
vn 0.000051408437972274075 0.7614825871869514 0.6481853645125286
vn 0.0000570741304503167 0.8870032126989635 0.4617632482173746
vn 0.00011324465527501119 0.9727327169653681 0.23192897300859355
vn 0.00010279730539720129 0.9999949276351532 -0.0031834158821531116
vn 0.00016806018308441665 0.977175674186393 -0.21243275061567887
vn 0.0001641731212112858 0.903638003955525 -0.42829701242766216
vn 0.00017770019200635226 0.7884940640988435 -0.6150423394397581
vn 0.00012964365656443884 0.64510841924439 -0.7640910355530462
vn 0.0001041290956963472 0.44764107420987065 -0.8942133178595387
vn 0.00005010420528272206 0.27322693816021554 -0.9619496025016916
vn -0.000014557880416903156 0.15763394331872468 -0.9874976150360351
vn -0.00004177124249976258 0.07357734255144752 -0.997289513089469
vn 0.0000046451973884215965 0.03877014698589661 -0.9992481552052593
vn -0.0000703372706372031 0.0567409462838893 -0.9983889322641136
vn -0.00007253788954006766 0.47174990156520397 0.8817323999442659
vn -0.00008326250598317822 0.6629358944062123 0.748676160282395
vn -0.00009338031705574095 0.8171054793985747 0.5764881844556241
vn 0.000005236577496544197 0.9176810736305328 0.3973178162037178
vn -0.000010508071831810762 0.9733799834625138 0.22919731168601606
vn -0.000018879351255137803 0.9967132685383242 0.08101024603851338
vn -0.000011332808443028824 0.9935792017511279 -0.11313871892132694
vn 0.000050537911686635684 0.9528567369656933 -0.30342056005651796
vn -0.000015669040130966643 0.8991712237872262 -0.43759697218726634
vn 0.0000857388684892247 0.8389988679863204 -0.5441331566505754
vn 0.00003952529436088655 0.7208215121161254 -0.6931207298215611
vn 0.000012934827855333395 0.5787655560691631 -0.8154939797083992
vn -0.000006732560618490135 0.44932864237603903 -0.8933665379312
vn 0.00005605335223832493 0.312865617743293 -0.9497974005503117
vn -0.00008251001234591405 0.1470438526622048 -0.9891299705227589
vn -1 0 0
vn -1 0 0
vn -1 0 0
vn -1 0 0
vn -1 0 0
vn -1 0 0
vn -1 0 0
vn -1 0 0
vn -1 0 0
vn -1 0 0
vn -1 0 0
vn -1 0 0
vn -1 0 0
vn -1 0 0
vn -1 0 0
vn -1 0 0
vn -1 0 0
vn -1 0 0
vn -1 0 0
vn -1 0 0
vn -1 0 0
vn -1 0 0
vn -1 0 0
vn -1 0 0
vn -1 0 0
vn -1 0 0
vn -1 0 0
vn -1 0 0
vn -1 0 0
vn -1 0 0
vn -1 0 0
vn -1 0 0
vn -1 0 0
vn -1 0 0
vn -1 0 0
vn -1 0 0
vn -1 0 0
vn -1 0 0
vn -1 0 0
vn -1 0 0
vn -1 0 0
vn -1 0 0
vn -1 0 0
vn -1 0 0
vn -1 0 0
vn -1 0 0
vn -1 0 0
vn -1 0 0
vn -1 0 0
vn -1 0 0
vn -0.00007033728521885336 -0.056740938857296155 0.9983889326861847
vn 0.000004645176194048274 -0.038770140957062785 0.999248155439174
vn -0.00002898956461760009 -0.22519859234409054 -0.9743128825823075
vn -0.00007253788954006766 -0.47174990156520397 -0.8817323999442659
vn -0.00008326250598317822 -0.6629358944062123 -0.748676160282395
vn -0.00009338031705574095 -0.8171054793985747 -0.5764881844556241
vn 0.000005236567946850082 -0.9176810736305328 -0.3973178162037178
vn -0.000010508071831810762 -0.9733799834625138 -0.22919731168601606
vn -0.000018772437671549724 -0.9967137108152239 -0.08100480430531178
vn -0.000011861804997025194 -0.993588113028737 0.11306043298736865
vn 0.00005080838165137195 -0.9529645258737072 0.3030818533743131
vn -0.000013743891624945165 -0.8991712123989233 0.4375969956525706
vn 0.0000865927712421146 -0.8392443556614837 0.5437544519284718
vn 0.00004016075726896111 -0.7210237318122023 0.6929103668951123
vn 0.000013537274520865915 -0.578821986047337 0.8154539277512608
vn -0.0000025465694041802 -0.4493286184585572 0.8933665499825026
vn 0.00005938120528239373 -0.3131569214616617 0.9497013946575666
vn -0.0000824367964466986 -0.14705491298692364 0.9891283262401208
vn 0.00000462018967424608 -0.1093648059542253 -0.9940016796752652
vn 0.000012135180090084286 -0.11001570284158844 -0.9939298491246799
vn -2.735569283028727e-7 -0.22043707400846646 -0.9754011976630493
vn -0.00001317264456729013 -0.3967576885455259 -0.9179233826450293
vn 0.00002322066880967024 -0.595480367538038 -0.8033698596148375
vn 0.00005140844161025283 -0.7614825871869513 -0.6481853645125285
vn 0.00005707412317435887 -0.887003212698964 -0.4617632482173748
vn 0.0001132838281559808 -0.9727336660016088 -0.2319249926028776
vn 0.00010207099879326254 -0.9999954881520022 0.003002208711917982
vn 0.00016797430134179263 -0.9772442658260271 0.21211698822768393
vn 0.0001645569499128404 -0.9038514088286361 0.4278464720895801
vn 0.00017794556401170178 -0.7888612777110342 0.6145712756576661
vn 0.00013074658662345264 -0.6454216254609995 0.7638264909602255
vn 0.000107132715370723 -0.447742470162606 0.8941625517406043
vn 0.00005129120668036383 -0.27364855105928426 0.9618297499414157
vn -0.000014597428612525064 -0.15766466150263722 0.9874927110111618
vn -0.00004177125709747491 -0.07357732773095593 0.9972895141828844
vn -0.5660602571282797 -0.16178599345556388 0.8083322816895674
vn 0.022312337519122906 0.20987455796069168 0.9774736976078882
vn 0.17600976516472863 0.503818171102709 0.8456877751471749
vn 0.49337423751703435 0.8630250850490198 0.1084876229374452
vn -0.14078572149738233 0.07073612389203451 0.9875098892665289
vn 0.23704438819987156 0.21415434252262888 0.9476011162940076
vn 0.6607495083753091 0.3230025237473832 0.6775540250301879
vn 0.05892841668533863 0.284066278965571 0.9569920537087095
vn 0.31190718254555533 0.7381256467479077 0.5982344348911023
vn 0.3950267146803309 0.8237168811234997 0.40674856415362876
vn 0.46504554964825656 0.8606946663171083 0.20721324312319553
vn -0.5249986748813259 -0.13418887811846145 0.8404580515184328
vn -0.42240894924363837 -0.07148304260676179 0.9035822343420468
vn 0.10313789986310018 -0.9898577635593588 0.09769432702615645
vn 0.3613586778204516 -0.911830125369506 0.1948992776602463
vn 0.430867944304264 -0.8650351249376587 0.25703510887640785
vn 0.157085113762887 -0.7805626193150773 0.6050175735977317
vn -0.2338966815882806 -0.7182427916879727 0.6553011784899047
vn -0.5480567667547528 -0.5418367838188467 0.6372179219977848
vn -0.7790745820989134 -0.4280674337682126 0.4580404651059776
vn -0.28520214844334707 -0.9520626759863624 0.11061824224324726
vn -0.769453134614398 -0.6367500744854241 0.04991208545917352
vn -0.7947985855616153 -0.47220375088825595 0.3812070645152286
vn -0.8068237512653001 -0.54157812799237 0.23606898499055132
vn -0.5882459757271783 -0.7999626232653655 0.11843341344052778
vn 0.151153092018903 -0.9542424360717183 0.25801960385412137
vn 0.56225362666581 0.8081266487116147 -0.17550549547885524
vn 0.5717902221925453 0.8021941238860719 -0.17187358554372825
vn 0.4951542513902571 0.7875879244707923 -0.36677994568670685
vn 0.40622831366672085 0.7216871024697158 -0.560487540721788
vn 0.3109816753017835 0.602377323039395 -0.7351407744877089
vn 0.21831786863386574 0.4355837450786445 -0.873272070581917
vn 0.27215152756363437 0.6567863049056285 -0.703253365248394
vn 0.4950738803785131 0.8615654631304133 -0.11228003254291603
vn 0.38170711304576926 0.9233649042750555 -0.041193851524009485
vn 0.4873600103602401 0.8482781895658142 -0.20713361245488662
vn 0.06711575716585992 0.19575202737827918 -0.9783540355706347
vn 0.004126819811262183 0.022775625971748998 -0.9997320842204878
vn -0.01673572378133904 0.9940418410989046 -0.1077067021787182
vn -0.3210719762686253 -0.937611323618795 -0.13340836509293807
vn -0.028744664848769884 -0.07141820078713604 -0.9970321884668821
vn -0.1431122809864723 -0.36333630961411817 -0.9206006740964524
vn -0.21644216834677932 -0.5663518324974812 -0.7952348015448578
vn -0.047449367786260445 -0.6181502075520453 -0.7846265853258144
vn -0.2754473793468049 -0.7468295176147244 -0.6052887020507945
vn -0.3182845901900424 -0.855521491628044 -0.4083844965349241
vn -0.30017590160893515 -0.9273878820199338 -0.2232625010516638
vn 0.05321725046189514 0.1574105569971026 -0.9860982916520735
vn -0.0026809922789629444 -0.009312324354469626 -0.9999530453453889
vn -0.22593692106562424 -0.40652335279751944 -0.8852633909349518
vn -0.3085054225668942 -0.711554542621696 -0.6312800781913294
vn -0.053775208802736 0.9791446204527233 -0.19591845027131669
vn -0.05209940970536229 0.9939944603091837 -0.09623234582512913
vn -0.3436173053830567 -0.8863576272010296 -0.310318069315739
vn -0.44532628992110534 -0.8746196459613405 -0.19163760174757744
vn -0.5629520011301437 -0.5999991501385245 -0.5684066011726245
vn -0.5820240404566768 -0.6752163202148125 -0.45313456858427
vn -0.6077360048061725 -0.32140833844297423 -0.7261911789890858
vn -0.5705074108979504 -0.5249642763893274 -0.6316120665610712
vn -0.5014389285869175 -0.4661540806610759 -0.7288754173249578
vn -0.5255427292554602 0.27110343820846 -0.8064166203137642
vn -0.053499442431524685 0.9939705789031925 -0.09570944537697615
vn -0.16074670676657882 0.9562019892277098 -0.24461858486359975
vn -0.44307236481895546 0.6596158384844936 -0.607119284123093
vn -0.1713597217761047 0.9635376909396979 -0.20550173695473045
vn -0.20779400708589887 0.8125136355696145 -0.5446496512737643
vn -0.08040930283864518 -0.14173057592714755 -0.9866340698883058
vn -0.5097328256463559 -0.7947039342280288 -0.32957260714609526
vn -0.6651755917134038 -0.5683064160122515 -0.48432349696048493
vn -0.7494625660582774 -0.4298617321173446 -0.5035124162703623
vn -0.7954188275244516 -0.02535267824198366 -0.6055296281154088
vn -0.3448104219279292 0.8984236008949256 -0.27192058819603715
vn -0.44339033227154645 0.838723645628254 -0.3161449976073937
vn -0.47254351162068065 0.7709694676650658 -0.42697624003384627
vn -0.22605515446870308 0.9571553823566988 -0.18097690781901496
vn -0.6092172118404132 -0.5307700506237552 -0.589183793190418
vn -0.7011756546190694 0.1179889008980351 -0.7031581050051214
vn -0.6946664684503331 0.09887905003973917 -0.7125036358321136
vn -0.19106239790364912 0.9644342863135257 -0.18265176563676613
vn -0.40701359142759774 0.8030820424400289 -0.4352001487862338
vn -0.6043530629580425 -0.041523046289923024 -0.7956338428699706
vn -0.10967489177131146 0.8717459909371839 -0.4775252301186802
vn -0.03736792357787898 0.9679352260335123 -0.24840498483510945
vn -0.5625490528040312 -0.7835792873800079 -0.2637082925854367
vn -0.719082044513476 -0.608170617584451 -0.33622836460546685
vn -0.6538646165870872 -0.6720390279564729 -0.34759834303221376
vn -0.06590851166401328 0.664628542125958 -0.7442613580468614
vn -0.00008715382049190075 0.27186900103762873 -0.9623342655642131
vn -0.7782468555306649 0.4557790666445323 -0.43196906632914267
vn -0.6722361890242479 0.6364064073443375 -0.3782662962216284
vn -0.5668645685025174 0.7403772117463958 -0.3612563429243663
vn -0.07265230410659623 0.9927051857997833 -0.09621879647044257
vn -0.015639953669565332 0.918888172462141 -0.3942079633371203
vn -0.03958191283682173 0.46736802866591187 -0.8831763119316084
vn -0.7175740024469291 -0.6090061682305138 -0.3379334817230776
vn -0.2924074711822847 0.9360115750264231 -0.1959086578314913
vn -0.27491438881598046 0.944702659006108 -0.17877070478332002
vn -0.025518083799831424 0.39284467473788276 -0.9192507214733486
vn -0.00016385728478983324 0.11360301691408407 -0.9935262088635651
vn -0.3359785851509613 -0.9340846793971939 -0.12084784663120764
vn -0.8528186135307225 0.28174858447639156 -0.43967959648030724
vn -0.5749137684827653 0.7524461336824245 -0.3214015785824897
vn -0.011890605876634127 0.8752654086818932 -0.48349671959259977
vn -0.019096560052209662 0.3582208072149515 -0.9334415753931474
vn -0.7344884281026676 -0.5929159525799476 -0.33011728546001035
vn -0.8547861107242261 0.28792655896476393 -0.43178582834046497
vn -0.08358659906047529 0.9925001344026386 -0.08920069320497213
vn -0.016057915969094384 0.3417091863822466 -0.9396685454332887
vn -0.00017598675744236644 0.08745942180837489 -0.9961680674291894
vn -0.6048694039311884 -0.751095864468138 -0.26455246467721544
vn -0.46253605446370843 0.8431435003056208 -0.2741704510218618
vn -0.12880519842173555 0.9855248951544269 -0.11022659339013119
vn -0.24657593877892933 0.952369817276592 -0.1794213965942758
vn -0.12474425669307262 0.986264510019926 -0.10826442951056532
vn -0.12268646507149565 0.9859067559801695 -0.11373609717639868
vn -0.008864647503326196 0.6725674115663849 -0.7399827666395581
vn -0.014583181909453444 0.33366628081707994 -0.9425784550110898
vn -0.34438256908008474 -0.9309639138377791 -0.12127174957773505
vn -0.8763007704898347 -0.23211654016044816 -0.42215977001943833
vn -0.6293064548540633 0.6979733323190042 -0.341769824956089
vn -0.5042230430482113 0.8152164725690021 -0.2849231926526075
vn -0.006681024560713307 0.20961567753696453 -0.9777610299257884
vn -0.00018283232147362763 0.34750626983608135 -0.9376776413016121
vn 0 0 1
vn 0 0 1
vn 0 0 1
vn 0 0 1
vn 0 0 1
vn 0 0 1
vn 0 0 1
vn 0 0 1
vn 0 0 1
vn 0 0 1
vn 0 0 1
vn 0 0 1
vn 0 0 1
vn 0 0 1
vn 0 0 1
vn 0 0 1
vn 0 0 1
vn 0 0 1
vn 0 0 1
vn 0 0 1
vn 0 0 1
vn 0 0 1
vn 0 0 1
vn 0 0 1
vn 0 0 1
vn 0 0 1
vn 0 0 1
vn 0 0 1
vn 0 0 1
vn 0 0 1
vn 0 0 1
vn 0 0 1
vn 0 0 1
vn 0 0 1
vn 0 0 1
vn 0 0 1
vn 0 0 1
vn 0 0 1
vn 0 0 1
vn 0 0 1
vn -3.4160709060845884e-16 1 1.3457247860903517e-16
vn -6.832141812169177e-16 1 2.6914495721807035e-16
vn -3.4160709060845884e-16 1 1.3457247860903517e-16
vn 0 1 0
vn 0 -1 0
vn 0 -1 0
vn 0 -1 0
vn 0 -1 0
vn -1 0 0
vn -1 0 0
vn -1 0 0
vn -1 0 0
vn -1 0 0
vn -1 0 0
vn 1 0 0
vn 1 0 0
vn 1 0 0
vn 1 0 0
vn 1 0 0
vn 1 0 0
vn -6.832141812169177e-16 1 6.483054520663956e-17
vn -1.3664283624338354e-15 1 1.2966109041327912e-16
vn -6.832141812169177e-16 1 6.483054520663956e-17
vn 0 1 0
vn 0 -1 0
vn 0 -1 0
vn 0 -1 0
vn 0 -1 0
vn -1 0 0
vn -1 0 0
vn -1 0 0
vn -1 0 0
vn -1 0 0
vn -1 0 0
vn 1 0 0
vn 1 0 0
vn 1 0 0
vn 1 0 0
vn 1 0 0
vn 1 0 0
vn -1.3664283624338354e-15 1 2.0898315835502298e-16
vn -2.7328567248676707e-15 1 4.1796631671004597e-16
vn -1.3664283624338354e-15 1 2.0898315835502298e-16
vn 0 1 0
vn 0 -1 0
vn 0 -1 0
vn 0 -1 0
vn 0 -1 0
vn -1 0 0
vn -1 0 0
vn -1 0 0
vn -1 0 0
vn -1 0 0
vn -1 0 0
vn 1 0 0
vn 1 0 0
vn 1 0 0
vn 1 0 0
vn 1 0 0
vn 1 0 0
vn -3.4160709060845884e-16 1 1.3457247860903517e-16
vn -6.832141812169177e-16 1 2.6914495721807035e-16
vn -3.4160709060845884e-16 1 1.3457247860903517e-16
vn 0 1 0
vn 0 -1 0
vn 0 -1 0
vn 0 -1 0
vn 0 -1 0
vn -1 0 0
vn -1 0 0
vn -1 0 0
vn -1 0 0
vn -1 0 0
vn -1 0 0
vn 1 0 0
vn 1 0 0
vn 1 0 0
vn 1 0 0
vn 1 0 0
vn 1 0 0
vn -6.832141812169177e-16 1 6.483054520663956e-17
vn -1.3664283624338354e-15 1 1.2966109041327912e-16
vn -6.832141812169177e-16 1 6.483054520663956e-17
vn 0 1 0
vn 0 -1 0
vn 0 -1 0
vn 0 -1 0
vn 0 -1 0
vn -1 0 0
vn -1 0 0
vn -1 0 0
vn -1 0 0
vn -1 0 0
vn -1 0 0
vn 1 0 0
vn 1 0 0
vn 1 0 0
vn 1 0 0
vn 1 0 0
vn 1 0 0
vn -1.3664283624338354e-15 1 2.0898315835502298e-16
vn -2.7328567248676707e-15 1 4.1796631671004597e-16
vn -1.3664283624338354e-15 1 2.0898315835502298e-16
vn 0 1 0
vn 0 -1 0
vn 0 -1 0
vn 0 -1 0
vn 0 -1 0
vn -1 0 0
vn -1 0 0
vn -1 0 0
vn -1 0 0
vn -1 0 0
vn -1 0 0
vn 1 0 0
vn 1 0 0
vn 1 0 0
vn 1 0 0
vn 1 0 0
vn 1 0 0
vn -3.4160709060845884e-16 1 1.3457247860903517e-16
vn -6.832141812169177e-16 1 2.6914495721807035e-16
vn -3.4160709060845884e-16 1 1.3457247860903517e-16
vn 0 1 0
vn 0 -1 0
vn 0 -1 0
vn 0 -1 0
vn 0 -1 0
vn -1 0 0
vn -1 0 0
vn -1 0 0
vn -1 0 0
vn -1 0 0
vn -1 0 0
vn 1 0 0
vn 1 0 0
vn 1 0 0
vn 1 0 0
vn 1 0 0
vn 1 0 0
vn -6.832141812169177e-16 1 6.483054520663956e-17
vn -1.3664283624338354e-15 1 1.2966109041327912e-16
vn -6.832141812169177e-16 1 6.483054520663956e-17
vn 0 1 0
vn 0 -1 0
vn 0 -1 0
vn 0 -1 0
vn 0 -1 0
vn -1 0 0
vn -1 0 0
vn -1 0 0
vn -1 0 0
vn -1 0 0
vn -1 0 0
vn 1 0 0
vn 1 0 0
vn 1 0 0
vn 1 0 0
vn 1 0 0
vn 1 0 0
vn -1.3664283624338354e-15 1 2.0898315835502298e-16
vn -2.7328567248676707e-15 1 4.1796631671004597e-16
vn -1.3664283624338354e-15 1 2.0898315835502298e-16
vn 0 1 0
vn 0 -1 0
vn 0 -1 0
vn 0 -1 0
vn 0 -1 0
vn -1 0 0
vn -1 0 0
vn -1 0 0
vn -1 0 0
vn -1 0 0
vn -1 0 0
vn 1 0 0
vn 1 0 0
vn 1 0 0
vn 1 0 0
vn 1 0 0
vn 1 0 0
vn -3.4160709060845884e-16 1 1.3457247860903517e-16
vn -6.832141812169177e-16 1 2.6914495721807035e-16
vn -3.4160709060845884e-16 1 1.3457247860903517e-16
vn 0 1 0
vn 0 -1 0
vn 0 -1 0
vn 0 -1 0
vn 0 -1 0
vn -1 0 0
vn -1 0 0
vn -1 0 0
vn -1 0 0
vn -1 0 0
vn -1 0 0
vn 1 0 0
vn 1 0 0
vn 1 0 0
vn 1 0 0
vn 1 0 0
vn 1 0 0
vn -6.832141812169177e-16 1 6.483054520663956e-17
vn -1.3664283624338354e-15 1 1.2966109041327912e-16
vn -6.832141812169177e-16 1 6.483054520663956e-17
vn 0 1 0
vn 0 -1 0
vn 0 -1 0
vn 0 -1 0
vn 0 -1 0
vn -1 0 0
vn -1 0 0
vn -1 0 0
vn -1 0 0
vn -1 0 0
vn -1 0 0
vn 1 0 0
vn 1 0 0
vn 1 0 0
vn 1 0 0
vn 1 0 0
vn 1 0 0
vn -1.3664283624338354e-15 1 2.0898315835502298e-16
vn -2.7328567248676707e-15 1 4.1796631671004597e-16
vn -1.3664283624338354e-15 1 2.0898315835502298e-16
vn 0 1 0
vn 0 -1 0
vn 0 -1 0
vn 0 -1 0
vn 0 -1 0
vn -1 0 0
vn -1 0 0
vn -1 0 0
vn -1 0 0
vn -1 0 0
vn -1 0 0
vn 1 0 0
vn 1 0 0
vn 1 0 0
vn 1 0 0
vn 1 0 0
vn 1 0 0
vn -3.4160709060845884e-16 1 1.3457247860903517e-16
vn -6.832141812169177e-16 1 2.6914495721807035e-16
vn -3.4160709060845884e-16 1 1.3457247860903517e-16
vn 0 1 0
vn 0 -1 0
vn 0 -1 0
vn 0 -1 0
vn 0 -1 0
vn -1 0 0
vn -1 0 0
vn -1 0 0
vn -1 0 0
vn -1 0 0
vn -1 0 0
vn 1 0 0
vn 1 0 0
vn 1 0 0
vn 1 0 0
vn 1 0 0
vn 1 0 0
vn -6.832141812169177e-16 1 6.483054520663956e-17
vn -1.3664283624338354e-15 1 1.2966109041327912e-16
vn -6.832141812169177e-16 1 6.483054520663956e-17
vn 0 1 0
vn 0 -1 0
vn 0 -1 0
vn 0 -1 0
vn 0 -1 0
vn -1 0 0
vn -1 0 0
vn -1 0 0
vn -1 0 0
vn -1 0 0
vn -1 0 0
vn 1 0 0
vn 1 0 0
vn 1 0 0
vn 1 0 0
vn 1 0 0
vn 1 0 0
vn -1.3664283624338354e-15 1 2.0898315835502298e-16
vn -2.7328567248676707e-15 1 4.1796631671004597e-16
vn -1.3664283624338354e-15 1 2.0898315835502298e-16
vn 0 1 0
vn 0 -1 0
vn 0 -1 0
vn 0 -1 0
vn 0 -1 0
vn -1 0 0
vn -1 0 0
vn -1 0 0
vn -1 0 0
vn -1 0 0
vn -1 0 0
vn 1 0 0
vn 1 0 0
vn 1 0 0
vn 1 0 0
vn 1 0 0
vn 1 0 0
vn -3.4160709060845884e-16 1 1.3457247860903517e-16
vn -6.832141812169177e-16 1 2.6914495721807035e-16
vn -3.4160709060845884e-16 1 1.3457247860903517e-16
vn 0 1 0
vn 0 -1 0
vn 0 -1 0
vn 0 -1 0
vn 0 -1 0
vn -1 0 0
vn -1 0 0
vn -1 0 0
vn -1 0 0
vn -1 0 0
vn -1 0 0
vn 1 0 0
vn 1 0 0
vn 1 0 0
vn 1 0 0
vn 1 0 0
vn 1 0 0
vn -6.832141812169177e-16 1 6.483054520663956e-17
vn -1.3664283624338354e-15 1 1.2966109041327912e-16
vn -6.832141812169177e-16 1 6.483054520663956e-17
vn 0 1 0
vn 0 -1 0
vn 0 -1 0
vn 0 -1 0
vn 0 -1 0
vn -1 0 0
vn -1 0 0
vn -1 0 0
vn -1 0 0
vn -1 0 0
vn -1 0 0
vn 1 0 0
vn 1 0 0
vn 1 0 0
vn 1 0 0
vn 1 0 0
vn 1 0 0
vn -1.3664283624338354e-15 1 2.0898315835502298e-16
vn -2.7328567248676707e-15 1 4.1796631671004597e-16
vn -1.3664283624338354e-15 1 2.0898315835502298e-16
vn 0 1 0
vn 0 -1 0
vn 0 -1 0
vn 0 -1 0
vn 0 -1 0
vn -1 0 0
vn -1 0 0
vn -1 0 0
vn -1 0 0
vn -1 0 0
vn -1 0 0
vn 1 0 0
vn 1 0 0
vn 1 0 0
vn 1 0 0
vn 1 0 0
vn 1 0 0
vn 0 0 -1
vn 0 0 -1
vn 0 0 -1
vn 0 0 -1
vn 0 0 -1
vn 0 0 -1
vn 0 0 -1
vn 0 0 -1
vn 0 0 -1
vn 0 0 -1
vn 0 0 -1
vn 0 0 -1
vn 0 0 -1
vn 0 0 -1
vn 0 0 -1
vn 0 0 -1
vn 0 0 -1
vn 0 0 -1
vn 0 0 -1
vn 0 0 -1
vn 0 0 -1
vn 0 0 -1
vn 0 0 -1
vn 0 0 -1
vn 0 0 -1
vn 0 0 -1
vn 0 0 -1
vn 0 0 -1
vn 0 0 -1
vn 0 0 -1
vn 0 0 -1
vn -0.7071067811865475 -0.7071067811865475 0
vn -0.7071067811865475 -0.7071067811865475 -3.3864740446777814e-16
vn -0.7071067811865475 -0.7071067811865475 -3.3864740446777814e-16
vn -0.7071067811865475 -0.7071067811865475 -6.772948089355563e-16
vn -0.7071067811865475 0.7071067811865475 0
vn -0.7071067811865475 0.7071067811865475 0
vn -0.7071067811865475 0.7071067811865475 0
vn -0.7071067811865475 0.7071067811865475 0
vn 0 1 0
vn 0 1 0
vn 0 1 0
vn 0 1 0
vn 0 1 0
vn 1.1509264674126372e-16 1 -4.652831004192526e-17
vn 0 1 -9.992007817196485e-16
vn 0 1 0
vn 0 1 -1.5899232995228029e-15
vn 0 1 -8.519262565905884e-16
vn 0 1 -1.5899232995228029e-15
vn 0 1 -8.519262565905884e-16
vn 0 1 -9.992007817196485e-16
vn 0 1 0
vn 7.021173514711288e-16 1 -1.662701634125935e-15
vn -7.898820402573558e-16 1 -2.814174384882553e-15
vn -8.75043929773306e-17 1 -9.619430250655948e-17
vn 0 1 0
vn -1.976083859935695e-17 1 -4.0381928492156795e-17
vn -8.143573278249856e-17 1 2.708711574250154e-16
vn 8.88178432935015e-17 1 5.329070729958988e-16
vn 9.224590474504786e-17 1 -1.5582077654694213e-17
vn 1.6410821638604966e-17 1 3.5462463704899775e-16
vn 0 1 0
vn 0 1 0
vn 0 1 0
vn 6.487304243779009e-17 1 0
vn 1.696443410112425e-16 1 0
vn 0 1 0
vn 0 1 0
vn 0 1 0
vn -1.1281313359944193e-17 1 1.7776460330585486e-19
vn -7.441036376299381e-18 1 -1.4777086989253533e-17
vn 2.7664301192676983e-17 1 -2.9919541438415375e-17
vn -3.469191849452703e-17 1 0
vn -1.9728366797230567e-17 1 -3.460549466412749e-17
vn -1.3137887323031084e-16 1 -2.858666846160707e-16
vn 6.274794926969235e-17 1 2.1160446393770148e-18
vn 2.292518329109283e-17 1 1.828222347591636e-17
vn 1.6999046315803675e-17 1 2.1316130056858753e-17
vn 4.032757941718961e-17 1 2.0850661050514445e-18
vn -2.558803153849496e-16 1 0
vn 2.0373461795903522e-17 1 1.826202868844149e-17
vn -2.1240107195481454e-17 1 -3.80551926789564e-18
vn -2.3552576955529394e-16 1 -8.917919548973407e-17
vn 8.226852995141082e-18 1 -8.099057064660212e-17
vn 3.868592037756992e-17 1 -4.8510605901935796e-17
vn 5.0686004886166554e-17 1 -4.0420739806497783e-17
vn 6.669817080407236e-17 1 -3.212014640143813e-17
vn 6.737194845086788e-17 1 1.7910276750398216e-17
vn 2.119182300876551e-17 1 -1.3862983756391595e-17
vn -1.607075375742496e-17 1 1.3039224312869808e-17
vn -2.7284654413713084e-16 1 1.9360486491603734e-16
vn -1.286145001432464e-17 1 -5.4307646453385025e-17
vn -6.306674467777029e-17 1 -5.029405362471443e-17
vn -2.32234546938121e-17 1 -7.096851651935865e-17
vn -3.641768195010866e-17 1 -7.562209567923907e-17
vn 2.128862062207489e-16 1 -1.8836960372477823e-16
vn 5.0952459613804585e-17 1 -3.5157517988612967e-19
vn 0 1 0
vn 0 1 0
vn 1.5091772964048306e-17 1 -4.999850612775229e-18
vn 0 1 0
vn -1.6890002553657297e-25 1 0
vn 0 1 0
vn -4.1342649142800384e-17 1 -8.813753356179094e-18
vn -2.324310850516636e-17 1 -2.7428708579133684e-17
vn 0 1 -3.888696497108971e-17
vn 3.920740812294785e-17 1 -5.086908973422659e-17
vn -5.749347964307381e-17 1 -1.0875849441441523e-16
vn 1.7654112149580344e-16 1 1.650659426428758e-16
vn -2.663114996606067e-16 1 -1.3382151772684523e-15
vn 0 1 -5.719827542606588e-17
vn -2.028000031285238e-17 1 -1.014000015642619e-17
vn 1.4695209343500584e-17 1 -1.1439653761724196e-16
vn 1.6695082256108814e-17 1 -5.008524676832644e-17
vn 0 1 0
vn 4.117133093895391e-18 1 1.1908015997697032e-17
vn 0 1 -2.344715741867094e-17
vn 0 1 -1.3069130250718329e-17
vn 4.4085629684862977e-17 1 -9.970133654554751e-17
vn -5.833046069152436e-17 1 -1.145670029978769e-16
vn 0 1 -1.2362771972861206e-15
vn 2.666668299819799e-16 1 -3.1125943535555416e-16
vn 0 1 -3.888696827981216e-17
vn 0 1 3.701997862388812e-17
vn 1.4695209343500584e-17 1 -1.1439653761724196e-16
vn 1.944348413990608e-17 1 -1.145670029978769e-16
vn 2.927589470401259e-18 1 8.467489761500109e-18
vn 2.927589470401259e-18 1 8.467489761500109e-18
vn 0 1 -2.344716072739339e-17
vn 0 1 1.489715390952683e-17
vn 4.4085629684862977e-17 1 -9.970133654554751e-17
vn -5.008525338577134e-17 1 -5.008525338577134e-17
vn -5.312071837498778e-16 1 -7.363121885210072e-16
vn 0 1 -7.383814370715903e-16
vn 0 1 -1.3069132732260167e-17
vn 0 1 -2.344716212495316e-17
vn 1.4695209343500584e-17 1 -1.1439653761724196e-16
vn -1.3355010487861556e-17 1 -9.910822157656738e-17
vn -6.40172198693468e-18 1 1.6020880426041343e-17
vn -6.603638263383976e-17 1 -4.395950780250579e-17
vn 0 1 0
vn 1.854482188753867e-17 1 -4.816501894099788e-18
vn -6.265809388052164e-19 1 1.873466314684204e-17
vn 5.919630682783542e-19 1 1.3180491922225118e-17
vn 0 1 0
vn 0 1 0
vn 0 1 0
vn 0 1 0
vn 0 1 0
vn 0 1 0
vn 8.591529961127743e-17 1 -2.031780742992973e-17
vn 0 1 0
vn 0 1 0
vn 0 1 0
vn 0 1 -5.533821423495259e-17
vn 0 1 -5.1339788589993765e-17
vn 0 1 0
vn 0 1 0
vn 0 1 0
vn 0 1 0
vn 0 1 0
vn 0 1 0
vn 0 1 0
vn 0 1 0
vn 0 1 0
vn 0 1 0
vn 0 1 0
vn 0 1 0
vn 0 1 0
vn 1.0086595721718542e-17 1 3.2781430305320972e-18
vn 0 1 0
vn 0 1 0
vn 0 1 0
vn 0 1 0
vn 0 1 0
vn 0 1 0
vn 0 1 0
vn 0 1 0
vn 0 1 0
vn 0 1 0
vn 0 1 0
vn 0 1 0
vn 0 1 0
vn 0 1 0
vn 0 1 0
vn 0 1 0
vn 0 1 0
vn 0 1 0
vn 0 1 0
vn 0 1 0
vn 0 1 0
vn 0 1 0
vn 0 1 0
vn 0 1 0
vn 0 1 0
vn 0 1 0
vn 0 1 0
vn 0 1 0
vn 0 1 0
vn 0 1 0
vn 0 1 0
vn 0 1 0
vn 0 1 0
vn 0 1 0
vn 0 1 0
vn 0 1 0
vn 0 1 0
vn 0 1 0
vn 0 1 0
vn 0 1 0
vn 0 1 0
vn 0 1 0
vn 0 1 0
vn 0 1 0
vn 0 1 0
vn 0 1 0
vn 0 1 0
vn 0 1 0
vn 0 1 0
vn 0 1 0
vn 0 1 0
vn 0 1 0
vn 0 1 0
vn 0 1 0
vn 0 1 0
vn 0 1 0
vn 0 1 0
vn -4.0423286623477634e-17 1 7.669386824406745e-17
vn -7.395229595518032e-18 1 -3.8898294036759234e-17
vn 0 1 0
vn 0 1 0
vn 0 1 0
vn 0 1 0
vn 0 1 0
vn 0 1 0
vn 0 1 0
vn 0 1 0
vn 0 1 0
vn 0 1 0
vn 0 1 0
vn 0 1 0
vn 0 1 0
vn 0 1 0
vn 0 1 0
vn 0 1 0
vn 0 1 0
vn 0 1 0
vn 0 1 0
vn 0 1 0
vn 0 1 0
vn 0 1 0
vn 0 1 0
vn 0 1 0
vn 0 1 0
vn 0 1 0
vn 0 1 0
vn 0 1 0
vn 0 1 0
vn 0 1 0
vn 0 1 0
vn 3.974308367019229e-18 1 1.0598155645384611e-17
vn 1.3296083795384503e-17 1 -1.3296081313842666e-17
vn 1.9563400025016177e-17 1 5.658337920110578e-17
vn 0 1 0
vn 0 1 -1.5053868239658676e-17
vn 5.640606635545037e-18 1 -5.640604567593506e-18
vn 1.669508060174759e-17 1 3.159223781999687e-17
vn 0 1 -5.066037221334476e-17
vn -5.3323830920038956e-17 1 -6.959211444985001e-17
vn 0 1 0
vn 0 1 0
vn 4.4085629684862977e-17 1 -4.2503067736926524e-17
vn 5.611547367035743e-18 1 1.623032255713977e-17
vn 1.4695209343500584e-17 1 -1.4695209343500584e-17
vn 1.1723578580934595e-17 1 -1.172358106247658e-17
vn -6.380269471338423e-18 1 -1.3368183339116463e-17
vn -3.339016782094008e-17 1 -1.6695082256108814e-17
vn 1.4695209343500584e-17 1 -1.4695209343500584e-17
vn 1.1723578580934595e-17 1 -1.172358106247658e-17
vn 0 1 0
vn -5.008525007704889e-17 1 -6.49823957147696e-17
vn 0 1 0
vn 0 1 0
vn 0 1 0
vn 9.634604796275172e-19 1 2.7866242455421158e-18
vn 2.3447155764309716e-17 1 -2.344716072739339e-17
vn 1.669508060174759e-17 1 3.159223781999687e-17
vn 0 1 0
vn 1.1723580363696696e-17 1 -1.1723580363696696e-17
vn 2.3447155764309716e-17 1 -2.344716072739339e-17
vn 1.669508060174759e-17 1 3.159223781999687e-17
vn 4.4085629684862977e-17 1 -4.2503067736926524e-17
vn 0 1 -4.5631782450957295e-17
vn 0 1 0
vn 0 1 0
vn 4.4085629684862977e-17 1 -4.2503067736926524e-17
vn 1.641165212793997e-17 1 4.746754769311868e-17
vn 1.4695209343500584e-17 1 -1.4695209343500584e-17
vn 1.1723578580934595e-17 1 -1.172358106247658e-17
vn 0 1 0
vn -3.339016782094008e-17 1 -1.6695082256108814e-17
vn 1.3015509921870804e-17 1 -1.3015509921870804e-17
vn 1.306913355944078e-17 1 0
vn 0 1 0
vn 0 1 -7.614677757176063e-17
vn 0 1 0
vn 0 1 0
vn -5.008525007704889e-17 1 -1.6695082256108814e-17
vn 1.641165212793997e-17 1 4.746754769311868e-17
vn 2.3447155764309716e-17 1 -2.344716072739339e-17
vn 1.1723578580934595e-17 1 -1.172358106247658e-17
vn 0 1 0
vn 1.1723580363696696e-17 1 -1.1723580363696696e-17
vn 2.3447155764309716e-17 1 -2.344716072739339e-17
vn 1.1723578580934595e-17 1 -1.172358106247658e-17
vn 0 1 0
vn 0 1 -5.066037221334476e-17
vn 0 1 0
vn 0 1 0
vn 0 1 0
vn 1.641165212793997e-17 1 4.746754769311868e-17
vn 2.344716072739339e-17 1 -2.344716072739339e-17
vn 1.1723578580934595e-17 1 -1.172358106247658e-17
vn 0 1 0
vn 1.172357870933547e-17 1 -1.172357870933547e-17
vn 2.3447155764309716e-17 1 -2.344716072739339e-17
vn 1.669508060174759e-17 1 3.159223781999687e-17
vn 0 1 0
vn 0 1 -5.066037221334476e-17
vn 0 1 0
vn 0 1 0
vn 3.920740812294785e-17 1 -3.7799960310688874e-17
vn 7.40646188105589e-18 1 2.1421767638526675e-17
vn 2.3447155764309716e-17 1 -2.344716072739339e-17
vn 1.1723578580934595e-17 1 -1.172358106247658e-17
vn 0 1 0
vn 1.1723580363696696e-17 1 -1.1723580363696696e-17
vn 1.3015509921870804e-17 1 -1.3015509921870804e-17
vn 1.9563398858946667e-17 1 5.658338244591846e-17
vn 0 1 0
vn 0 1 -9.126356490191459e-17
vn 0 1 0
vn 0 1 0
vn 0 1 -5.066037221334476e-17
vn 1.641165212793997e-17 1 4.746754769311868e-17
vn 2.344716072739339e-17 1 -2.344716072739339e-17
vn -3.0372341631105715e-17 1 -1.0124113325581497e-17
vn 0 1 0
vn 1.1723580363696696e-17 1 -1.1723580363696696e-17
vn 1.3015509921870804e-17 1 -1.3015509921870804e-17
vn -3.777397029584246e-17 1 0
vn 0 1 0
vn 0 1 -7.614677757176063e-17
vn 0 1 0
vn 0 1 0
vn -2.9134730542216126e-17 1 -9.711576020224763e-18
vn 0 1 0
vn 0 1 0
vn 0 1 0
vn 0 1 0
vn 0 1 0
vn 0 1 0
vn 0 1 0
vn 0 1 0
vn 0 1 0
vn 0 1 0
vn 0 1 0
vn 0 1 0
vn 0 1 0
vn 0 1 0
vn 0 1 0
vn 0 1 0
vn 1.385328175498696e-18 1 -4.088691232995307e-17
vn 0 1 0
vn 0 1 0
vn -2.8876375567136214e-17 1 -4.939995079188341e-17
vn 0 1 0
vn 0 1 0
vn 0 1 0
vn 0 1 0
vn 0 1 0
vn 0 1 0
vn 0 1 0
vn 2.4121198775699576e-17 1 -4.0388761004016483e-17
vn -5.969903928679947e-18 1 -3.9075790452600863e-17
vn 0 1 0
vn 3.451330909637321e-17 1 -2.76106469462263e-17
vn 5.15836943741336e-18 1 1.3565951470229929e-17
vn 0 1 0
vn 0 1 0
vn -3.3387999289092574e-17 1 -2.1470274789374887e-17
vn 0 1 -5.1339788589993765e-17
vn 0 1 0
vn 0 1 0
vn 0 1 -5.533821423495259e-17
vn 0 1 -5.1339795207438666e-17
vn 0 1 0
vn 0 1 0
vn 0 1 0
vn -4.794926128592261e-18 1 1.1512241507453685e-17
vn 0 1 0
vn 0 1 0
vn 0 1 0
vn 4.104567058834931e-17 1 1.0046416849457498e-17
vn 0 1 -8.486264809258817e-16
vn 4.702155705312071e-16 1 -7.834966353038408e-16
vn 3.057899120045616e-17 1 -7.64474780011404e-18
vn 0 1 -3.888696827981216e-17
vn 0 1 -5.719827542606588e-17
vn 2.6885169852986315e-17 1 -6.990142705938564e-18
vn 3.973952348483586e-17 1 -9.934883352750803e-18
vn -5.008525338577134e-17 1 -5.008525338577134e-17
vn 1.3069132732260167e-17 1 -1.0173817946845318e-16
vn 1.6695082256108814e-17 1 -5.008524676832644e-17
vn 0 1 0
vn 0 1 8.682709749177218e-18
vn -5.312071837498778e-16 1 -7.363121885210072e-16
vn 2.666668299819799e-16 1 -3.1125943535555416e-16
vn 0 1 -2.344716072739339e-17
vn 0 1 -2.344716212495316e-17
vn 0 1 -2.344716072739339e-17
vn 0 1 -2.344715741867094e-17
vn 4.4085629684862977e-17 1 -9.970133654554751e-17
vn -5.008525338577134e-17 1 -5.008525338577134e-17
vn 1.4695209343500584e-17 1 -1.1439653761724196e-16
vn 1.6695082256108814e-17 1 -5.008524676832644e-17
vn 0 1 0
vn 4.117133093895391e-18 1 1.1908015997697032e-17
vn 0 1 -1.2362770914070022e-15
vn 0 1 -5.625091274969829e-16
vn 0 1 -5.719827542606588e-17
vn 0 1 1.489715390952683e-17
vn 0 1 -1.3069134386621392e-17
vn 0 1 -3.888696497108971e-17
vn 3.920740812294785e-17 1 -5.086908973422659e-17
vn -5.833046069152436e-17 1 -1.145670029978769e-16
vn 2.3587812864390683e-17 1 -1.0794893605763203e-16
vn 1.6695082256108814e-17 1 -5.008524676832644e-17
vn 0 1 0
vn 2.2397277864932405e-18 1 1.2890877791796827e-17
vn -2.928548917193759e-17 1 3.023215106089023e-17
vn 0 1 0
vn 0 1 0
vn 0 1 0
vn 0 1 0
vn -5.2617475752380936e-18 1 1.7621856655184145e-18
vn 0 1 0
vn 0 1 0
vn 1.630263303192793e-17 1 3.579309772190457e-18
vn 0 1 0
vn 0 1 0
vn 5.879543959335573e-18 1 1.0039008848258978e-17
vn -3.445200302966215e-17 1 0
vn -2.5227439024936963e-16 1 0
vn 4.669451379795083e-17 1 -2.4142570425834217e-18
vn 5.0931227541841574e-17 1 -6.386574159249241e-17
vn 5.34898493777008e-17 1 -4.2656731424959275e-17
vn 5.699987781050626e-17 1 -2.7449694151274155e-17
vn 6.72131496255924e-17 1 8.937764604485289e-17
vn 5.145714814812218e-18 1 3.441196748801458e-17
vn 1.7842012843166664e-17 1 0
vn -3.0388669762807206e-18 1 3.442836220775538e-17
vn -2.781790532914601e-17 1 2.4953103582167017e-16
vn -1.1470284425243158e-17 1 -1.8074231133937797e-19
vn 0 1 0
vn 0 1 0
vn 0 1 0
vn 3.37466714152941e-16 1 0
vn -5.605414649974275e-18 1 -4.81497326432779e-18
vn 2.1243126016545027e-17 1 3.1763532688088737e-18
vn 1.1449642133056897e-16 1 3.310024101624024e-17
vn -2.0395018949847266e-18 1 2.0078204639336394e-17
vn -1.2310673457817432e-17 1 1.543709605437082e-17
vn -6.9848603305468e-18 1 1.6837532683757796e-17
vn -1.6236966471819796e-17 1 7.819311033503556e-18
vn -1.5005935108394698e-16 1 -1.1344354614224207e-16
vn -2.1254194081313233e-17 1 8.704098985456615e-19
vn 1.6809289428922785e-17 1 -1.2939525110801683e-17
vn 2.859100950546175e-16 1 -1.906232162974736e-16
vn 4.4423724870993e-17 1 2.1393339095234453e-17
vn 3.714755303540095e-17 1 2.9624186545553554e-17
vn 3.070619503505457e-17 1 3.850435092439208e-17
vn 2.39800271692776e-17 1 4.9795035413495887e-17
vn -7.926815207108402e-18 1 2.2080988889469083e-17
vn -1 0 0
vn -1 0 0
vn -1 0 0
vn -1 0 0
vn 1 0 0
vn 1 0 0
vn 1 0 0
vn 1 0 0
vn 0 -1 0
vn 0 -1 0
vn 0 -1 0
vn 0 -1 0
vn 0 -1 0
vn 0 -1 0
vn 0 -1 0
vn 0 -1 0
vn 0 -1 0
vn 0 -1 0
vn 0 -1 0
vn 0 -1 0
vn 0 -1 0
vn 0 -1 0
vn 0 -1 0
vn 0 -1 0
vn 0 -1 0
vn 0 -1 0
vn 0 -1 0
vn 0 -1 0
vn 0 -1 0
vn 0 -1 0
vn 0 -1 0
vn 0 -1 0
vn 0 -1 0
vn 0 -1 0
vn 0 -1 0
vn 0 -1 0
vn 0 -1 0
vn 0 -1 0
vn 0 -1 0
vn 0 -1 0
vn 0 -1 0
vn 0 -1 0
vn 0 -1 0
vn 0 -1 0
vn 0 -1 0
vn 0 -1 0
vn 0 -1 0
vn 0 -1 0
vn 0 -1 0
vn 0 -1 0
vn 0 -1 0
vn 0 -1 0
vn 0 -1 0
vn 0 -1 0
vn 0 -1 0
vn 0 -1 0
vn 0 -1 0
vn 0 -1 0
vn 0 -1 0
vn 0 -1 0
vn 0 -1 0
vn 0 -1 0
vn 0 -1 0
vn 0 -1 0
vn 0 -1 0
vn 0 -1 0
vn 0 -1 0
vn 0 -1 0
vn 0 -1 0
vn 0 -1 0
vn 0 -1 0
vn 0 -1 0
vn 0 -1 0
vn 0 -1 0
vn 0 -1 0
vn 0 -1 0
vn 0 -1 0
vn 0 -1 0
vn 0 -1 0
vn 0 -1 0
vn 0 -1 0
vn 0 -1 0
vn 0 -1 0
vn 0 -1 0
vn 0 -1 0
vn 0 -1 0
vn 0 -1 0
vn 0 -1 0
vn 0 -1 0
vn 0 -1 0
vn 0 -1 0
vn 0 -1 0
vn 0 -1 0
vn 0 -1 0
vn 0 -1 0
vn 0 -1 0
vn 0 -1 0
vn 0 -1 0
vn 0 -1 0
vn 0 -1 0
vn 0 -1 0
vn 0 -1 0
vn 0 -1 0
vn 0 -1 0
vn 0 -1 0
vn 0 -1 0
vn 0 -1 0
vn 0 -1 0
vn 0 -1 0
vn 0 -1 0
vn 0 -1 0
vn 0 -1 0
vn 0 -1 0
vn 0 -1 0
vn 0 -1 0
vn 0 -1 0
vn -0.12053667883686726 0 -0.9927088742702858
vn -0.19985412989877593 0 -0.9798256614124796
vn -0.42853436418044694 0 -0.9035254831583115
vn -0.632309783967853 0 -0.7747156491891249
vn -0.7993375438913483 0 -0.6008822604518683
vn -0.9199108147773356 0 -0.3921276486754008
vn -0.9870221625159064 0 -0.1605840923081226
vn -0.9967713811717193 0 0.08029205239015198
vn -0.9485918725965883 0 0.31650191033183084
vn -0.8452836542878438 0 0.5343178303161787
vn -0.6928506379588919 0 0.7210811282234174
vn -0.46472319483596775 0 0.8854560136909405
vn -0.19985412989877593 0 0.9798256614124796
vn -0.12053667883686726 0 0.9927088742702858
vn -0.12053667883686726 0 -0.9927088742702858
vn -0.2783856280638283 0 -0.9604693863354042
vn -0.5001516647992843 0 -0.865937822362844
vn -0.6928505784017484 0 -0.7210811854488807
vn -0.8452836542878438 0 -0.5343178303161787
vn -0.9485918725965883 0 -0.31650191033183084
vn -0.9967713811717193 0 -0.08029205239015198
vn -0.9870221625159064 0 0.1605840923081226
vn -0.9199108147773356 0 0.3921276486754008
vn -0.7993375654121704 0 0.6008822318232951
vn -0.632309783967853 0 0.7747156491891249
vn -0.46472319483596775 0 0.8854560136909405
vn -0.2783856280638283 0 0.9604693863354042
vn -0.12053667883686726 0 0.9927088742702858
vn -0.12053667883686726 0 -0.9927088742702858
vn -0.19985412989877593 0 -0.9798256614124796
vn -0.42853436418044694 0 -0.9035254831583115
vn -0.632309783967853 0 -0.7747156491891249
vn -0.7993375438913483 0 -0.6008822604518683
vn -0.9199108147773356 0 -0.3921276486754008
vn -0.9870221625159064 0 -0.1605840923081226
vn -0.9967713811717193 0 0.08029205239015198
vn -0.9485918725965883 0 0.31650191033183084
vn -0.8452836542878438 0 0.5343178303161787
vn -0.6928506379588919 0 0.7210811282234174
vn -0.46472319483596775 0 0.8854560136909405
vn -0.19985412989877593 0 0.9798256614124796
vn -0.12053667883686726 0 0.9927088742702858
vn -0.12053667883686726 0 -0.9927088742702858
vn -0.2783856280638283 0 -0.9604693863354042
vn -0.5001516647992843 0 -0.865937822362844
vn -0.6928505784017484 0 -0.7210811854488807
vn -0.8452836542878438 0 -0.5343178303161787
vn -0.9485918725965883 0 -0.31650191033183084
vn -0.9967713811717193 0 -0.08029205239015198
vn -0.9870221625159064 0 0.1605840923081226
vn -0.9199108147773356 0 0.3921276486754008
vn -0.7993375654121704 0 0.6008822318232951
vn -0.632309783967853 0 0.7747156491891249
vn -0.46472319483596775 0 0.8854560136909405
vn -0.2783856280638283 0 0.9604693863354042
vn -0.12053667883686726 0 0.9927088742702858
vn -0.12053667883686726 0 -0.9927088742702858
vn -0.19985412989877593 0 -0.9798256614124796
vn -0.42853436418044694 0 -0.9035254831583115
vn -0.632309783967853 0 -0.7747156491891249
vn -0.7993375438913483 0 -0.6008822604518683
vn -0.9199108147773356 0 -0.3921276486754008
vn -0.9870221625159064 0 -0.1605840923081226
vn -0.9967713811717193 0 0.08029205239015198
vn -0.9485918725965883 0 0.31650191033183084
vn -0.8452836542878438 0 0.5343178303161787
vn -0.6928506379588919 0 0.7210811282234174
vn -0.46472319483596775 0 0.8854560136909405
vn -0.19985412989877593 0 0.9798256614124796
vn -0.12053667883686726 0 0.9927088742702858
vn -0.12053667883686726 0 -0.9927088742702858
vn -0.2783856280638283 0 -0.9604693863354042
vn -0.5001516647992843 0 -0.865937822362844
vn -0.6928505784017484 0 -0.7210811854488807
vn -0.8452836542878438 0 -0.5343178303161787
vn -0.9485918725965883 0 -0.31650191033183084
vn -0.9967713811717193 0 -0.08029205239015198
vn -0.9870221625159064 0 0.1605840923081226
vn -0.9199108147773356 0 0.3921276486754008
vn -0.7993375654121704 0 0.6008822318232951
vn -0.632309783967853 0 0.7747156491891249
vn -0.46472319483596775 0 0.8854560136909405
vn -0.2783856280638283 0 0.9604693863354042
vn -0.12053667883686726 0 0.9927088742702858
vn -0.12053667883686726 0 -0.9927088742702858
vn -0.19985412989877593 0 -0.9798256614124796
vn -0.42853436418044694 0 -0.9035254831583115
vn -0.632309783967853 0 -0.7747156491891249
vn -0.7993375438913483 0 -0.6008822604518683
vn -0.9199108147773356 0 -0.3921276486754008
vn -0.9870221625159064 0 -0.1605840923081226
vn -0.9967713811717193 0 0.08029205239015198
vn -0.9485918725965883 0 0.31650191033183084
vn -0.8452836542878438 0 0.5343178303161787
vn -0.6928506379588919 0 0.7210811282234174
vn -0.46472319483596775 0 0.8854560136909405
vn -0.19985412989877593 0 0.9798256614124796
vn -0.12053667883686726 0 0.9927088742702858
vn -0.12053667883686726 0 -0.9927088742702858
vn -0.2783856280638283 0 -0.9604693863354042
vn -0.5001516647992843 0 -0.865937822362844
vn -0.6928505784017484 0 -0.7210811854488807
vn -0.8452836542878438 0 -0.5343178303161787
vn -0.9485918725965883 0 -0.31650191033183084
vn -0.9967713811717193 0 -0.08029205239015198
vn -0.9870221625159064 0 0.1605840923081226
vn -0.9199108147773356 0 0.3921276486754008
vn -0.7993375654121704 0 0.6008822318232951
vn -0.632309783967853 0 0.7747156491891249
vn -0.46472319483596775 0 0.8854560136909405
vn -0.2783856280638283 0 0.9604693863354042
vn -0.12053667883686726 0 0.9927088742702858
vn 0 0 1
vn 0 0 1
vn 0 0 1
vn 0 0 1
vn 0 0.9937122100189533 0.11196447498759578
vn 0 0.9825925085033841 0.18577395466810484
vn 0 0.9166182837604805 0.3997635824784335
vn 0 0.804680957010314 0.5937074678871449
vn 0 0.6523935574230116 0.7578803640634502
vn 0 0.46739248769731906 0.8840499207873453
vn 0 0.2589543434838022 0.9658895630406579
vn 0 0.11196447498759578 0.9937122100189533
vn 0 0.9937122100189533 0.11196447498759578
vn 0 0.9658895630406579 0.2589543434838022
vn 0 0.8840499331016134 0.4673924644054853
vn 0 0.7578803640634502 0.6523935574230116
vn 0 0.593707439411321 0.8046809780202665
vn 0 0.3997635824784335 0.9166182837604805
vn 0 0.18577395466810484 0.9825925085033841
vn 0 0.11196447498759578 0.9937122100189533
vn 0 1 0
vn 0 1 0
vn 0 1 0
vn 0 1 0
vn 0 -1 -1.6917684499880714e-16
vn 0 -1 -1.6917684499880714e-16
vn 0 -1 -1.6917684499880714e-16
vn 0 -1 -1.6917684499880714e-16
vn 0 -0.9937122100189533 -0.11196447498759578
vn 0 -0.9937122100189533 -0.11196447498759578
vn 0 -0.11196447498759578 -0.9937122100189533
vn 0 -0.18577395466810484 -0.9825925085033841
vn 0 -0.3997635824784335 -0.9166182837604805
vn 0 -0.593707439411321 -0.8046809780202665
vn 0 -0.7578803640634502 -0.6523935574230116
vn 0 -0.8840499331016134 -0.4673924644054853
vn 0 -0.9658895630406579 -0.2589543434838022
vn 0 -0.11196447498759578 -0.9937122100189533
vn 0 -0.2589543434838022 -0.9658895630406579
vn 0 -0.46739248769731906 -0.8840499207873453
vn 0 -0.6523935574230116 -0.7578803640634502
vn 0 -0.804680957010314 -0.5937074678871449
vn 0 -0.9166182837604805 -0.3997635824784335
vn 0 -0.9825925085033841 -0.18577395466810484
vn 0 0 -1
vn 0 0 -1
vn 0 0 -1
vn 0 0 -1
vn -1 0 0
vn -1 0 0
vn -1 0 0
vn -1 0 0
vn -1 0 0
vn -1 0 0
vn -1 0 0
vn -1 0 0
vn -1 0 0
vn -1 0 0
vn -1 0 0
vn -1 0 0
vn -1 0 0
vn -1 0 0
vn -1 0 0
vn -1 0 0
vn -1 0 0
vn -1 0 0
vn -1 0 0
vn -1 0 0
vn 1 0 0
vn 1 0 0
vn 1 0 0
vn 1 0 0
vn 1 0 0
vn 1 0 0
vn 1 0 0
vn 1 0 0
vn 1 0 0
vn 1 0 0
vn 1 0 0
vn 1 0 0
vn 1 0 0
vn 1 0 0
vn 1 0 0
vn 1 0 0
vn 1 0 0
vn 1 0 0
vn 1 0 0
vn 1 0 0
vn 0 0 1
vn 0 0 1
vn 0 0 1
vn 0 0 1
vn 0 0.9937122100189533 0.11196447498759578
vn 0 0.9825925085033841 0.18577395466810484
vn 0 0.9166182837604805 0.3997635824784335
vn 0 0.804680957010314 0.5937074678871449
vn 0 0.6523935574230116 0.7578803640634502
vn 0 0.46739248769731906 0.8840499207873453
vn 0 0.2589543434838022 0.9658895630406579
vn 0 0.11196447498759578 0.9937122100189533
vn 0 0.9937122100189533 0.11196447498759578
vn 0 0.9658895630406579 0.2589543434838022
vn 0 0.8840499331016134 0.4673924644054853
vn 0 0.7578803640634502 0.6523935574230116
vn 0 0.593707439411321 0.8046809780202665
vn 0 0.3997635824784335 0.9166182837604805
vn 0 0.18577395466810484 0.9825925085033841
vn 0 0.11196447498759578 0.9937122100189533
vn 0 1 0
vn 0 1 0
vn 0 1 0
vn 0 1 0
vn 2.0496427024694307e-15 -1 -8.379042084839447e-16
vn 4.099285404938861e-15 -1 -3.3516167280566605e-16
vn 0 -1 -1.3406466912226642e-15
vn 2.0496427024694307e-15 -1 -8.379042084839447e-16
vn 0 -0.9937122100189533 -0.11196447498759578
vn 0 -0.9937122100189533 -0.11196447498759578
vn 0 -0.11196447498759578 -0.9937122100189533
vn 0 -0.18577395466810484 -0.9825925085033841
vn 0 -0.3997635824784335 -0.9166182837604805
vn 0 -0.593707439411321 -0.8046809780202665
vn 0 -0.7578803640634502 -0.6523935574230116
vn 0 -0.8840499331016134 -0.4673924644054853
vn 0 -0.9658895630406579 -0.2589543434838022
vn 0 -0.11196447498759578 -0.9937122100189533
vn 0 -0.2589543434838022 -0.9658895630406579
vn 0 -0.46739248769731906 -0.8840499207873453
vn 0 -0.6523935574230116 -0.7578803640634502
vn 0 -0.804680957010314 -0.5937074678871449
vn 0 -0.9166182837604805 -0.3997635824784335
vn 0 -0.9825925085033841 -0.18577395466810484
vn 0 0 -1
vn 0 0 -1
vn 0 0 -1
vn 0 0 -1
vn -1 0 0
vn -1 0 0
vn -1 0 0
vn -1 0 0
vn -1 0 0
vn -1 0 0
vn -1 0 0
vn -1 0 0
vn -1 0 0
vn -1 0 0
vn -1 0 0
vn -1 0 0
vn -1 0 0
vn -1 0 0
vn -1 0 0
vn -1 0 0
vn -1 0 0
vn -1 0 0
vn -1 0 0
vn -1 0 0
vn 1 0 0
vn 1 0 0
vn 1 0 0
vn 1 0 0
vn 1 0 0
vn 1 0 0
vn 1 0 0
vn 1 0 0
vn 1 0 0
vn 1 0 0
vn 1 0 0
vn 1 0 0
vn 1 0 0
vn 1 0 0
vn 1 0 0
vn 1 0 0
vn 1 0 0
vn 1 0 0
vn 1 0 0
vn 1 0 0
vn 0 0 1
vn 0 0 1
vn 0 0 1
vn 0 0 1
vn 0 0.9937122100189533 0.11196447498759578
vn 0 0.9825925085033841 0.18577395466810484
vn 0 0.9166182837604805 0.3997635824784335
vn 0 0.804680957010314 0.5937074678871449
vn 0 0.6523935574230116 0.7578803640634502
vn 0 0.46739248769731906 0.8840499207873453
vn 0 0.2589543434838022 0.9658895630406579
vn 0 0.11196447498759578 0.9937122100189533
vn 0 0.9937122100189533 0.11196447498759578
vn 0 0.9658895630406579 0.2589543434838022
vn 0 0.8840499331016134 0.4673924644054853
vn 0 0.7578803640634502 0.6523935574230116
vn 0 0.593707439411321 0.8046809780202665
vn 0 0.3997635824784335 0.9166182837604805
vn 0 0.18577395466810484 0.9825925085033841
vn 0 0.11196447498759578 0.9937122100189533
vn 0 1 0
vn 0 1 0
vn 0 1 0
vn 0 1 0
vn 0 -1 0
vn 0 -1 0
vn 0 -1 0
vn 0 -1 0
vn 0 0 -1
vn 0 0 -1
vn 0 0 -1
vn 0 0 -1
vn -1 0 0
vn -1 0 0
vn -1 0 0
vn -1 0 0
vn -1 0 0
vn -1 0 0
vn -1 0 0
vn -1 0 0
vn -1 0 0
vn -1 0 0
vn -1 0 0
vn -1 0 0
vn -1 0 0
vn 1 0 0
vn 1 0 0
vn 1 0 0
vn 1 0 0
vn 1 0 0
vn 1 0 0
vn 1 0 0
vn 1 0 0
vn 1 0 0
vn 1 0 0
vn 1 0 0
vn 1 0 0
vn 1 0 0
vn 0 0 1
vn 0 0 1
vn 0 0 1
vn 0 0 1
vn 0 0.9937122100189533 0.11196447498759578
vn 0 0.9825925085033841 0.18577395466810484
vn 0 0.9166182837604805 0.3997635824784335
vn 0 0.804680957010314 0.5937074678871449
vn 0 0.6523935574230116 0.7578803640634502
vn 0 0.46739248769731906 0.8840499207873453
vn 0 0.2589543434838022 0.9658895630406579
vn 0 0.11196447498759578 0.9937122100189533
vn 0 0.9937122100189533 0.11196447498759578
vn 0 0.9658895630406579 0.2589543434838022
vn 0 0.8840499331016134 0.4673924644054853
vn 0 0.7578803640634502 0.6523935574230116
vn 0 0.593707439411321 0.8046809780202665
vn 0 0.3997635824784335 0.9166182837604805
vn 0 0.18577395466810484 0.9825925085033841
vn 0 0.11196447498759578 0.9937122100189533
vn 0 1 0
vn 0 1 0
vn 0 1 0
vn 0 1 0
vn 0 -1 -1.6917684499880714e-16
vn 0 -1 -1.6917684499880714e-16
vn 0 -1 -1.6917684499880714e-16
vn 0 -1 -1.6917684499880714e-16
vn 0 -0.9937122100189533 -0.11196447498759578
vn 0 -0.9937122100189533 -0.11196447498759578
vn 0 -0.11196447498759578 -0.9937122100189533
vn 0 -0.18577395466810484 -0.9825925085033841
vn 0 -0.3997635824784335 -0.9166182837604805
vn 0 -0.593707439411321 -0.8046809780202665
vn 0 -0.7578803640634502 -0.6523935574230116
vn 0 -0.8840499331016134 -0.4673924644054853
vn 0 -0.9658895630406579 -0.2589543434838022
vn 0 -0.11196447498759578 -0.9937122100189533
vn 0 -0.2589543434838022 -0.9658895630406579
vn 0 -0.46739248769731906 -0.8840499207873453
vn 0 -0.6523935574230116 -0.7578803640634502
vn 0 -0.804680957010314 -0.5937074678871449
vn 0 -0.9166182837604805 -0.3997635824784335
vn 0 -0.9825925085033841 -0.18577395466810484
vn 0 0 -1
vn 0 0 -1
vn 0 0 -1
vn 0 0 -1
vn -1 0 0
vn -1 0 0
vn -1 0 0
vn -1 0 0
vn -1 0 0
vn -1 0 0
vn -1 0 0
vn -1 0 0
vn -1 0 0
vn -1 0 0
vn -1 0 0
vn -1 0 0
vn -1 0 0
vn -1 0 0
vn -1 0 0
vn -1 0 0
vn -1 0 0
vn -1 0 0
vn -1 0 0
vn -1 0 0
vn 1 0 0
vn 1 0 0
vn 1 0 0
vn 1 0 0
vn 1 0 0
vn 1 0 0
vn 1 0 0
vn 1 0 0
vn 1 0 0
vn 1 0 0
vn 1 0 0
vn 1 0 0
vn 1 0 0
vn 1 0 0
vn 1 0 0
vn 1 0 0
vn 1 0 0
vn 1 0 0
vn 1 0 0
vn 1 0 0
vn 0 0 1
vn 0 0 1
vn 0 0 1
vn 0 0 1
vn 0 0.9937122100189533 0.11196447498759578
vn 0 0.9825925085033841 0.18577395466810484
vn 0 0.9166182837604805 0.3997635824784335
vn 0 0.804680957010314 0.5937074678871449
vn 0 0.6523935574230116 0.7578803640634502
vn 0 0.46739248769731906 0.8840499207873453
vn 0 0.2589543434838022 0.9658895630406579
vn 0 0.11196447498759578 0.9937122100189533
vn 0 0.9937122100189533 0.11196447498759578
vn 0 0.9658895630406579 0.2589543434838022
vn 0 0.8840499331016134 0.4673924644054853
vn 0 0.7578803640634502 0.6523935574230116
vn 0 0.593707439411321 0.8046809780202665
vn 0 0.3997635824784335 0.9166182837604805
vn 0 0.18577395466810484 0.9825925085033841
vn 0 0.11196447498759578 0.9937122100189533
vn 0 1 0
vn 0 1 0
vn 0 1 0
vn 0 1 0
vn 2.0496427024694307e-15 -1 -8.379042084839447e-16
vn 4.099285404938861e-15 -1 -3.3516167280566605e-16
vn 0 -1 -1.3406466912226642e-15
vn 2.0496427024694307e-15 -1 -8.379042084839447e-16
vn 0 -0.9937122100189533 -0.11196447498759578
vn 0 -0.9937122100189533 -0.11196447498759578
vn 0 -0.11196447498759578 -0.9937122100189533
vn 0 -0.18577395466810484 -0.9825925085033841
vn 0 -0.3997635824784335 -0.9166182837604805
vn 0 -0.593707439411321 -0.8046809780202665
vn 0 -0.7578803640634502 -0.6523935574230116
vn 0 -0.8840499331016134 -0.4673924644054853
vn 0 -0.9658895630406579 -0.2589543434838022
vn 0 -0.11196447498759578 -0.9937122100189533
vn 0 -0.2589543434838022 -0.9658895630406579
vn 0 -0.46739248769731906 -0.8840499207873453
vn 0 -0.6523935574230116 -0.7578803640634502
vn 0 -0.804680957010314 -0.5937074678871449
vn 0 -0.9166182837604805 -0.3997635824784335
vn 0 -0.9825925085033841 -0.18577395466810484
vn 0 0 -1
vn 0 0 -1
vn 0 0 -1
vn 0 0 -1
vn -1 0 0
vn -1 0 0
vn -1 0 0
vn -1 0 0
vn -1 0 0
vn -1 0 0
vn -1 0 0
vn -1 0 0
vn -1 0 0
vn -1 0 0
vn -1 0 0
vn -1 0 0
vn -1 0 0
vn -1 0 0
vn -1 0 0
vn -1 0 0
vn -1 0 0
vn -1 0 0
vn -1 0 0
vn -1 0 0
vn 1 0 0
vn 1 0 0
vn 1 0 0
vn 1 0 0
vn 1 0 0
vn 1 0 0
vn 1 0 0
vn 1 0 0
vn 1 0 0
vn 1 0 0
vn 1 0 0
vn 1 0 0
vn 1 0 0
vn 1 0 0
vn 1 0 0
vn 1 0 0
vn 1 0 0
vn 1 0 0
vn 1 0 0
vn 1 0 0
vn 0 0 1
vn 0 0 1
vn 0 0 1
vn 0 0 1
vn 0 0.9937122100189533 0.11196447498759578
vn 0 0.9825925085033841 0.18577395466810484
vn 0 0.9166182837604805 0.3997635824784335
vn 0 0.804680957010314 0.5937074678871449
vn 0 0.6523935574230116 0.7578803640634502
vn 0 0.46739248769731906 0.8840499207873453
vn 0 0.2589543434838022 0.9658895630406579
vn 0 0.11196447498759578 0.9937122100189533
vn 0 0.9937122100189533 0.11196447498759578
vn 0 0.9658895630406579 0.2589543434838022
vn 0 0.8840499331016134 0.4673924644054853
vn 0 0.7578803640634502 0.6523935574230116
vn 0 0.593707439411321 0.8046809780202665
vn 0 0.3997635824784335 0.9166182837604805
vn 0 0.18577395466810484 0.9825925085033841
vn 0 0.11196447498759578 0.9937122100189533
vn 0 1 0
vn 0 1 0
vn 0 1 0
vn 0 1 0
vn 0 -1 0
vn 0 -1 0
vn 0 -1 0
vn 0 -1 0
vn 0 0 -1
vn 0 0 -1
vn 0 0 -1
vn 0 0 -1
vn -1 0 0
vn -1 0 0
vn -1 0 0
vn -1 0 0
vn -1 0 0
vn -1 0 0
vn -1 0 0
vn -1 0 0
vn -1 0 0
vn -1 0 0
vn -1 0 0
vn -1 0 0
vn -1 0 0
vn 1 0 0
vn 1 0 0
vn 1 0 0
vn 1 0 0
vn 1 0 0
vn 1 0 0
vn 1 0 0
vn 1 0 0
vn 1 0 0
vn 1 0 0
vn 1 0 0
vn 1 0 0
vn 1 0 0
vn 0 0 1
vn 0 0 1
vn 0 0 1
vn 0 0 1
vn 0 0.9937122100189533 0.11196447498759578
vn 0 0.9825925085033841 0.18577395466810484
vn 0 0.9166182837604805 0.3997635824784335
vn 0 0.804680957010314 0.5937074678871449
vn 0 0.6523935574230116 0.7578803640634502
vn 0 0.46739248769731906 0.8840499207873453
vn 0 0.2589543434838022 0.9658895630406579
vn 0 0.11196447498759578 0.9937122100189533
vn 0 0.9937122100189533 0.11196447498759578
vn 0 0.9658895630406579 0.2589543434838022
vn 0 0.8840499331016134 0.4673924644054853
vn 0 0.7578803640634502 0.6523935574230116
vn 0 0.593707439411321 0.8046809780202665
vn 0 0.3997635824784335 0.9166182837604805
vn 0 0.18577395466810484 0.9825925085033841
vn 0 0.11196447498759578 0.9937122100189533
vn 0 1 0
vn 0 1 0
vn 0 1 0
vn 0 1 0
vn 0 -1 -1.6917684499880714e-16
vn 0 -1 -1.6917684499880714e-16
vn 0 -1 -1.6917684499880714e-16
vn 0 -1 -1.6917684499880714e-16
vn 0 -0.9937122100189533 -0.11196447498759578
vn 0 -0.9937122100189533 -0.11196447498759578
vn 0 -0.11196447498759578 -0.9937122100189533
vn 0 -0.18577395466810484 -0.9825925085033841
vn 0 -0.3997635824784335 -0.9166182837604805
vn 0 -0.593707439411321 -0.8046809780202665
vn 0 -0.7578803640634502 -0.6523935574230116
vn 0 -0.8840499331016134 -0.4673924644054853
vn 0 -0.9658895630406579 -0.2589543434838022
vn 0 -0.11196447498759578 -0.9937122100189533
vn 0 -0.2589543434838022 -0.9658895630406579
vn 0 -0.46739248769731906 -0.8840499207873453
vn 0 -0.6523935574230116 -0.7578803640634502
vn 0 -0.804680957010314 -0.5937074678871449
vn 0 -0.9166182837604805 -0.3997635824784335
vn 0 -0.9825925085033841 -0.18577395466810484
vn 0 0 -1
vn 0 0 -1
vn 0 0 -1
vn 0 0 -1
vn -1 0 0
vn -1 0 0
vn -1 0 0
vn -1 0 0
vn -1 0 0
vn -1 0 0
vn -1 0 0
vn -1 0 0
vn -1 0 0
vn -1 0 0
vn -1 0 0
vn -1 0 0
vn -1 0 0
vn -1 0 0
vn -1 0 0
vn -1 0 0
vn -1 0 0
vn -1 0 0
vn -1 0 0
vn -1 0 0
vn 1 0 0
vn 1 0 0
vn 1 0 0
vn 1 0 0
vn 1 0 0
vn 1 0 0
vn 1 0 0
vn 1 0 0
vn 1 0 0
vn 1 0 0
vn 1 0 0
vn 1 0 0
vn 1 0 0
vn 1 0 0
vn 1 0 0
vn 1 0 0
vn 1 0 0
vn 1 0 0
vn 1 0 0
vn 1 0 0
vn 0 0 1
vn 0 0 1
vn 0 0 1
vn 0 0 1
vn 0 0.9937122100189533 0.11196447498759578
vn 0 0.9825925085033841 0.18577395466810484
vn 0 0.9166182837604805 0.3997635824784335
vn 0 0.804680957010314 0.5937074678871449
vn 0 0.6523935574230116 0.7578803640634502
vn 0 0.46739248769731906 0.8840499207873453
vn 0 0.2589543434838022 0.9658895630406579
vn 0 0.11196447498759578 0.9937122100189533
vn 0 0.9937122100189533 0.11196447498759578
vn 0 0.9658895630406579 0.2589543434838022
vn 0 0.8840499331016134 0.4673924644054853
vn 0 0.7578803640634502 0.6523935574230116
vn 0 0.593707439411321 0.8046809780202665
vn 0 0.3997635824784335 0.9166182837604805
vn 0 0.18577395466810484 0.9825925085033841
vn 0 0.11196447498759578 0.9937122100189533
vn 0 1 0
vn 0 1 0
vn 0 1 0
vn 0 1 0
vn 2.0496427024694307e-15 -1 -8.379042084839447e-16
vn 4.099285404938861e-15 -1 -3.3516167280566605e-16
vn 0 -1 -1.3406466912226642e-15
vn 2.0496427024694307e-15 -1 -8.379042084839447e-16
vn 0 -0.9937122100189533 -0.11196447498759578
vn 0 -0.9937122100189533 -0.11196447498759578
vn 0 -0.11196447498759578 -0.9937122100189533
vn 0 -0.18577395466810484 -0.9825925085033841
vn 0 -0.3997635824784335 -0.9166182837604805
vn 0 -0.593707439411321 -0.8046809780202665
vn 0 -0.7578803640634502 -0.6523935574230116
vn 0 -0.8840499331016134 -0.4673924644054853
vn 0 -0.9658895630406579 -0.2589543434838022
vn 0 -0.11196447498759578 -0.9937122100189533
vn 0 -0.2589543434838022 -0.9658895630406579
vn 0 -0.46739248769731906 -0.8840499207873453
vn 0 -0.6523935574230116 -0.7578803640634502
vn 0 -0.804680957010314 -0.5937074678871449
vn 0 -0.9166182837604805 -0.3997635824784335
vn 0 -0.9825925085033841 -0.18577395466810484
vn 0 0 -1
vn 0 0 -1
vn 0 0 -1
vn 0 0 -1
vn -1 0 0
vn -1 0 0
vn -1 0 0
vn -1 0 0
vn -1 0 0
vn -1 0 0
vn -1 0 0
vn -1 0 0
vn -1 0 0
vn -1 0 0
vn -1 0 0
vn -1 0 0
vn -1 0 0
vn -1 0 0
vn -1 0 0
vn -1 0 0
vn -1 0 0
vn -1 0 0
vn -1 0 0
vn -1 0 0
vn 1 0 0
vn 1 0 0
vn 1 0 0
vn 1 0 0
vn 1 0 0
vn 1 0 0
vn 1 0 0
vn 1 0 0
vn 1 0 0
vn 1 0 0
vn 1 0 0
vn 1 0 0
vn 1 0 0
vn 1 0 0
vn 1 0 0
vn 1 0 0
vn 1 0 0
vn 1 0 0
vn 1 0 0
vn 1 0 0
vn 0 0 1
vn 0 0 1
vn 0 0 1
vn 0 0 1
vn 0 0.9937122100189533 0.11196447498759578
vn 0 0.9825925085033841 0.18577395466810484
vn 0 0.9166182837604805 0.3997635824784335
vn 0 0.804680957010314 0.5937074678871449
vn 0 0.6523935574230116 0.7578803640634502
vn 0 0.46739248769731906 0.8840499207873453
vn 0 0.2589543434838022 0.9658895630406579
vn 0 0.11196447498759578 0.9937122100189533
vn 0 0.9937122100189533 0.11196447498759578
vn 0 0.9658895630406579 0.2589543434838022
vn 0 0.8840499331016134 0.4673924644054853
vn 0 0.7578803640634502 0.6523935574230116
vn 0 0.593707439411321 0.8046809780202665
vn 0 0.3997635824784335 0.9166182837604805
vn 0 0.18577395466810484 0.9825925085033841
vn 0 0.11196447498759578 0.9937122100189533
vn 0 1 0
vn 0 1 0
vn 0 1 0
vn 0 1 0
vn 0 -1 0
vn 0 -1 0
vn 0 -1 0
vn 0 -1 0
vn 0 0 -1
vn 0 0 -1
vn 0 0 -1
vn 0 0 -1
vn -1 0 0
vn -1 0 0
vn -1 0 0
vn -1 0 0
vn -1 0 0
vn -1 0 0
vn -1 0 0
vn -1 0 0
vn -1 0 0
vn -1 0 0
vn -1 0 0
vn -1 0 0
vn -1 0 0
vn 1 0 0
vn 1 0 0
vn 1 0 0
vn 1 0 0
vn 1 0 0
vn 1 0 0
vn 1 0 0
vn 1 0 0
vn 1 0 0
vn 1 0 0
vn 1 0 0
vn 1 0 0
vn 1 0 0
vn 0 0 1
vn 0 0 1
vn 0 0 1
vn 0 0 1
vn 0 0.9937122100189533 0.11196447498759578
vn 0 0.9825925085033841 0.18577395466810484
vn 0 0.9166182837604805 0.3997635824784335
vn 0 0.804680957010314 0.5937074678871449
vn 0 0.6523935574230116 0.7578803640634502
vn 0 0.46739248769731906 0.8840499207873453
vn 0 0.2589543434838022 0.9658895630406579
vn 0 0.11196447498759578 0.9937122100189533
vn 0 0.9937122100189533 0.11196447498759578
vn 0 0.9658895630406579 0.2589543434838022
vn 0 0.8840499331016134 0.4673924644054853
vn 0 0.7578803640634502 0.6523935574230116
vn 0 0.593707439411321 0.8046809780202665
vn 0 0.3997635824784335 0.9166182837604805
vn 0 0.18577395466810484 0.9825925085033841
vn 0 0.11196447498759578 0.9937122100189533
vn 0 1 0
vn 0 1 0
vn 0 1 0
vn 0 1 0
vn 0 -1 -1.6917684499880714e-16
vn 0 -1 -1.6917684499880714e-16
vn 0 -1 -1.6917684499880714e-16
vn 0 -1 -1.6917684499880714e-16
vn 0 -0.9937122100189533 -0.11196447498759578
vn 0 -0.9937122100189533 -0.11196447498759578
vn 0 -0.11196447498759578 -0.9937122100189533
vn 0 -0.18577395466810484 -0.9825925085033841
vn 0 -0.3997635824784335 -0.9166182837604805
vn 0 -0.593707439411321 -0.8046809780202665
vn 0 -0.7578803640634502 -0.6523935574230116
vn 0 -0.8840499331016134 -0.4673924644054853
vn 0 -0.9658895630406579 -0.2589543434838022
vn 0 -0.11196447498759578 -0.9937122100189533
vn 0 -0.2589543434838022 -0.9658895630406579
vn 0 -0.46739248769731906 -0.8840499207873453
vn 0 -0.6523935574230116 -0.7578803640634502
vn 0 -0.804680957010314 -0.5937074678871449
vn 0 -0.9166182837604805 -0.3997635824784335
vn 0 -0.9825925085033841 -0.18577395466810484
vn 0 0 -1
vn 0 0 -1
vn 0 0 -1
vn 0 0 -1
vn -1 0 0
vn -1 0 0
vn -1 0 0
vn -1 0 0
vn -1 0 0
vn -1 0 0
vn -1 0 0
vn -1 0 0
vn -1 0 0
vn -1 0 0
vn -1 0 0
vn -1 0 0
vn -1 0 0
vn -1 0 0
vn -1 0 0
vn -1 0 0
vn -1 0 0
vn -1 0 0
vn -1 0 0
vn -1 0 0
vn 1 0 0
vn 1 0 0
vn 1 0 0
vn 1 0 0
vn 1 0 0
vn 1 0 0
vn 1 0 0
vn 1 0 0
vn 1 0 0
vn 1 0 0
vn 1 0 0
vn 1 0 0
vn 1 0 0
vn 1 0 0
vn 1 0 0
vn 1 0 0
vn 1 0 0
vn 1 0 0
vn 1 0 0
vn 1 0 0
vn 0 0 1
vn 0 0 1
vn 0 0 1
vn 0 0 1
vn 0 0.9937122100189533 0.11196447498759578
vn 0 0.9825925085033841 0.18577395466810484
vn 0 0.9166182837604805 0.3997635824784335
vn 0 0.804680957010314 0.5937074678871449
vn 0 0.6523935574230116 0.7578803640634502
vn 0 0.46739248769731906 0.8840499207873453
vn 0 0.2589543434838022 0.9658895630406579
vn 0 0.11196447498759578 0.9937122100189533
vn 0 0.9937122100189533 0.11196447498759578
vn 0 0.9658895630406579 0.2589543434838022
vn 0 0.8840499331016134 0.4673924644054853
vn 0 0.7578803640634502 0.6523935574230116
vn 0 0.593707439411321 0.8046809780202665
vn 0 0.3997635824784335 0.9166182837604805
vn 0 0.18577395466810484 0.9825925085033841
vn 0 0.11196447498759578 0.9937122100189533
vn 0 1 0
vn 0 1 0
vn 0 1 0
vn 0 1 0
vn 2.0496427024694307e-15 -1 -8.379042084839447e-16
vn 4.099285404938861e-15 -1 -3.3516167280566605e-16
vn 0 -1 -1.3406466912226642e-15
vn 2.0496427024694307e-15 -1 -8.379042084839447e-16
vn 0 -0.9937122100189533 -0.11196447498759578
vn 0 -0.9937122100189533 -0.11196447498759578
vn 0 -0.11196447498759578 -0.9937122100189533
vn 0 -0.18577395466810484 -0.9825925085033841
vn 0 -0.3997635824784335 -0.9166182837604805
vn 0 -0.593707439411321 -0.8046809780202665
vn 0 -0.7578803640634502 -0.6523935574230116
vn 0 -0.8840499331016134 -0.4673924644054853
vn 0 -0.9658895630406579 -0.2589543434838022
vn 0 -0.11196447498759578 -0.9937122100189533
vn 0 -0.2589543434838022 -0.9658895630406579
vn 0 -0.46739248769731906 -0.8840499207873453
vn 0 -0.6523935574230116 -0.7578803640634502
vn 0 -0.804680957010314 -0.5937074678871449
vn 0 -0.9166182837604805 -0.3997635824784335
vn 0 -0.9825925085033841 -0.18577395466810484
vn 0 0 -1
vn 0 0 -1
vn 0 0 -1
vn 0 0 -1
vn -1 0 0
vn -1 0 0
vn -1 0 0
vn -1 0 0
vn -1 0 0
vn -1 0 0
vn -1 0 0
vn -1 0 0
vn -1 0 0
vn -1 0 0
vn -1 0 0
vn -1 0 0
vn -1 0 0
vn -1 0 0
vn -1 0 0
vn -1 0 0
vn -1 0 0
vn -1 0 0
vn -1 0 0
vn -1 0 0
vn 1 0 0
vn 1 0 0
vn 1 0 0
vn 1 0 0
vn 1 0 0
vn 1 0 0
vn 1 0 0
vn 1 0 0
vn 1 0 0
vn 1 0 0
vn 1 0 0
vn 1 0 0
vn 1 0 0
vn 1 0 0
vn 1 0 0
vn 1 0 0
vn 1 0 0
vn 1 0 0
vn 1 0 0
vn 1 0 0
vn 0 0 1
vn 0 0 1
vn 0 0 1
vn 0 0 1
vn 0 0.9937122100189533 0.11196447498759578
vn 0 0.9825925085033841 0.18577395466810484
vn 0 0.9166182837604805 0.3997635824784335
vn 0 0.804680957010314 0.5937074678871449
vn 0 0.6523935574230116 0.7578803640634502
vn 0 0.46739248769731906 0.8840499207873453
vn 0 0.2589543434838022 0.9658895630406579
vn 0 0.11196447498759578 0.9937122100189533
vn 0 0.9937122100189533 0.11196447498759578
vn 0 0.9658895630406579 0.2589543434838022
vn 0 0.8840499331016134 0.4673924644054853
vn 0 0.7578803640634502 0.6523935574230116
vn 0 0.593707439411321 0.8046809780202665
vn 0 0.3997635824784335 0.9166182837604805
vn 0 0.18577395466810484 0.9825925085033841
vn 0 0.11196447498759578 0.9937122100189533
vn 0 1 0
vn 0 1 0
vn 0 1 0
vn 0 1 0
vn 0 -1 0
vn 0 -1 0
vn 0 -1 0
vn 0 -1 0
vn 0 0 -1
vn 0 0 -1
vn 0 0 -1
vn 0 0 -1
vn -1 0 0
vn -1 0 0
vn -1 0 0
vn -1 0 0
vn -1 0 0
vn -1 0 0
vn -1 0 0
vn -1 0 0
vn -1 0 0
vn -1 0 0
vn -1 0 0
vn -1 0 0
vn -1 0 0
vn 1 0 0
vn 1 0 0
vn 1 0 0
vn 1 0 0
vn 1 0 0
vn 1 0 0
vn 1 0 0
vn 1 0 0
vn 1 0 0
vn 1 0 0
vn 1 0 0
vn 1 0 0
vn 1 0 0
vn 0 0 1
vn 0 0 1
vn 0 0 1
vn 0 0 1
vn 0 0.9937122100189533 0.11196447498759578
vn 0 0.9825925085033841 0.18577395466810484
vn 0 0.9166182837604805 0.3997635824784335
vn 0 0.804680957010314 0.5937074678871449
vn 0 0.6523935574230116 0.7578803640634502
vn 0 0.46739248769731906 0.8840499207873453
vn 0 0.22252093478534796 0.9749279119926021
vn 0 0.11196447498759578 0.9937122100189533
vn 0 0.9937122100189533 0.11196447498759578
vn 0 0.9658895630406579 0.2589543434838022
vn 0 0.8840499331016134 0.4673924644054853
vn 0 0.7578803640634502 0.6523935574230116
vn 0 0.593707439411321 0.8046809780202665
vn 0 0.3997635824784335 0.9166182837604805
vn 0 0.22252093478534796 0.9749279119926021
vn 0 0.11196447498759578 0.9937122100189533
vn 0 1 0
vn 0 1 0
vn 0 1 0
vn 0 1 0
vn 0 -1 -1.6917684499880714e-16
vn 0 -1 -1.6917684499880714e-16
vn 0 -1 -1.6917684499880714e-16
vn 0 -1 -1.6917684499880714e-16
vn 0 -0.9937122100189533 -0.11196447498759578
vn 0 -0.9937122100189533 -0.11196447498759578
vn 0 -0.11196447498759578 -0.9937122100189533
vn 0 -0.18577395466810484 -0.9825925085033841
vn 0 -0.3997635824784335 -0.9166182837604805
vn 0 -0.593707439411321 -0.8046809780202665
vn 0 -0.7578803640634502 -0.6523935574230116
vn 0 -0.8840499331016134 -0.4673924644054853
vn 0 -0.9658895630406579 -0.2589543434838022
vn 0 -0.11196447498759578 -0.9937122100189533
vn 0 -0.2589543434838022 -0.9658895630406579
vn 0 -0.46739248769731906 -0.8840499207873453
vn 0 -0.6523935574230116 -0.7578803640634502
vn 0 -0.804680957010314 -0.5937074678871449
vn 0 -0.9166182837604805 -0.3997635824784335
vn 0 -0.9825925085033841 -0.18577395466810484
vn 0 0 -1
vn 0 0 -1
vn 0 0 -1
vn 0 0 -1
vn -1 0 0
vn -1 0 0
vn -1 0 0
vn -1 0 0
vn -1 0 0
vn -1 0 0
vn -1 0 0
vn -1 0 0
vn -1 0 0
vn -1 0 0
vn -1 0 0
vn -1 0 0
vn -1 0 0
vn -1 0 0
vn -1 0 0
vn -1 0 0
vn -1 0 0
vn -1 0 0
vn -1 0 0
vn -1 0 0
vn 1 0 0
vn 1 0 0
vn 1 0 0
vn 1 0 0
vn 1 0 0
vn 1 0 0
vn 1 0 0
vn 1 0 0
vn 1 0 0
vn 1 0 0
vn 1 0 0
vn 1 0 0
vn 1 0 0
vn 1 0 0
vn 1 0 0
vn 1 0 0
vn 1 0 0
vn 1 0 0
vn 1 0 0
vn 1 0 0
vn 0 0 1
vn 0 0 1
vn 0 0 1
vn 0 0 1
vn 0 0.9937122100189533 0.11196447498759578
vn 0 0.9825925085033841 0.18577395466810484
vn 0 0.9166182837604805 0.3997635824784335
vn 0 0.804680957010314 0.5937074678871449
vn 0 0.6523935574230116 0.7578803640634502
vn 0 0.46739248769731906 0.8840499207873453
vn 0 0.22252093478534796 0.9749279119926021
vn 0 0.11196447498759578 0.9937122100189533
vn 0 0.9937122100189533 0.11196447498759578
vn 0 0.9658895630406579 0.2589543434838022
vn 0 0.8840499331016134 0.4673924644054853
vn 0 0.7578803640634502 0.6523935574230116
vn 0 0.593707439411321 0.8046809780202665
vn 0 0.3997635824784335 0.9166182837604805
vn 0 0.22252093478534796 0.9749279119926021
vn 0 0.11196447498759578 0.9937122100189533
vn 0 1 0
vn 0 1 0
vn 0 1 0
vn 0 1 0
vn 2.0496427024694307e-15 -1 -8.379042084839447e-16
vn 4.099285404938861e-15 -1 -3.3516167280566605e-16
vn 0 -1 -1.3406466912226642e-15
vn 2.0496427024694307e-15 -1 -8.379042084839447e-16
vn 0 -0.9937122100189533 -0.11196447498759578
vn 0 -0.9937122100189533 -0.11196447498759578
vn 0 -0.11196447498759578 -0.9937122100189533
vn 0 -0.18577395466810484 -0.9825925085033841
vn 0 -0.3997635824784335 -0.9166182837604805
vn 0 -0.593707439411321 -0.8046809780202665
vn 0 -0.7578803640634502 -0.6523935574230116
vn 0 -0.8840499331016134 -0.4673924644054853
vn 0 -0.9658895630406579 -0.2589543434838022
vn 0 -0.11196447498759578 -0.9937122100189533
vn 0 -0.2589543434838022 -0.9658895630406579
vn 0 -0.46739248769731906 -0.8840499207873453
vn 0 -0.6523935574230116 -0.7578803640634502
vn 0 -0.804680957010314 -0.5937074678871449
vn 0 -0.9166182837604805 -0.3997635824784335
vn 0 -0.9825925085033841 -0.18577395466810484
vn 0 0 -1
vn 0 0 -1
vn 0 0 -1
vn 0 0 -1
vn -1 0 0
vn -1 0 0
vn -1 0 0
vn -1 0 0
vn -1 0 0
vn -1 0 0
vn -1 0 0
vn -1 0 0
vn -1 0 0
vn -1 0 0
vn -1 0 0
vn -1 0 0
vn -1 0 0
vn -1 0 0
vn -1 0 0
vn -1 0 0
vn -1 0 0
vn -1 0 0
vn -1 0 0
vn -1 0 0
vn 1 0 0
vn 1 0 0
vn 1 0 0
vn 1 0 0
vn 1 0 0
vn 1 0 0
vn 1 0 0
vn 1 0 0
vn 1 0 0
vn 1 0 0
vn 1 0 0
vn 1 0 0
vn 1 0 0
vn 1 0 0
vn 1 0 0
vn 1 0 0
vn 1 0 0
vn 1 0 0
vn 1 0 0
vn 1 0 0
vn 0 0 1
vn 0 0 1
vn 0 0 1
vn 0 0 1
vn 0 0.9937122100189533 0.11196447498759578
vn 0 0.9825925085033841 0.18577395466810484
vn 0 0.9166182837604805 0.3997635824784335
vn 0 0.804680957010314 0.5937074678871449
vn 0 0.6523935574230116 0.7578803640634502
vn 0 0.46739248769731906 0.8840499207873453
vn 0 0.2589543434838022 0.9658895630406579
vn 0 0.11196447498759578 0.9937122100189533
vn 0 0.9937122100189533 0.11196447498759578
vn 0 0.9658895630406579 0.2589543434838022
vn 0 0.8840499331016134 0.4673924644054853
vn 0 0.7578803640634502 0.6523935574230116
vn 0 0.593707439411321 0.8046809780202665
vn 0 0.3997635824784335 0.9166182837604805
vn 0 0.18577395466810484 0.9825925085033841
vn 0 0.11196447498759578 0.9937122100189533
vn 0 1 0
vn 0 1 0
vn 0 1 0
vn 0 1 0
vn 0 -1 0
vn 0 -1 0
vn 0 -1 0
vn 0 -1 0
vn 0 0 -1
vn 0 0 -1
vn 0 0 -1
vn 0 0 -1
vn -1 0 0
vn -1 0 0
vn -1 0 0
vn -1 0 0
vn -1 0 0
vn -1 0 0
vn -1 0 0
vn -1 0 0
vn -1 0 0
vn -1 0 0
vn -1 0 0
vn -1 0 0
vn -1 0 0
vn 1 0 0
vn 1 0 0
vn 1 0 0
vn 1 0 0
vn 1 0 0
vn 1 0 0
vn 1 0 0
vn 1 0 0
vn 1 0 0
vn 1 0 0
vn 1 0 0
vn 1 0 0
vn 1 0 0
vn 0 0 1
vn 0 0 1
vn 0 0 1
vn 0 0 1
vn 0 0.9937122100189533 0.11196447498759578
vn 0 0.9825925085033841 0.18577395466810484
vn 0 0.9166182837604805 0.3997635824784335
vn 0 0.804680957010314 0.5937074678871449
vn 0 0.6523935574230116 0.7578803640634502
vn 0 0.46739248769731906 0.8840499207873453
vn 0 0.2589543434838022 0.9658895630406579
vn 0 0.11196447498759578 0.9937122100189533
vn 0 0.9937122100189533 0.11196447498759578
vn 0 0.9658895630406579 0.2589543434838022
vn 0 0.8840499331016134 0.4673924644054853
vn 0 0.7578803640634502 0.6523935574230116
vn 0 0.593707439411321 0.8046809780202665
vn 0 0.3997635824784335 0.9166182837604805
vn 0 0.18577395466810484 0.9825925085033841
vn 0 0.11196447498759578 0.9937122100189533
vn 0 1 0
vn 0 1 0
vn 0 1 0
vn 0 1 0
vn 0 -1 -1.6917684499880714e-16
vn 0 -1 -1.6917684499880714e-16
vn 0 -1 -1.6917684499880714e-16
vn 0 -1 -1.6917684499880714e-16
vn 0 -0.9937122100189533 -0.11196447498759578
vn 0 -0.9937122100189533 -0.11196447498759578
vn 0 -0.11196447498759578 -0.9937122100189533
vn 0 -0.18577395466810484 -0.9825925085033841
vn 0 -0.3997635824784335 -0.9166182837604805
vn 0 -0.593707439411321 -0.8046809780202665
vn 0 -0.7578803640634502 -0.6523935574230116
vn 0 -0.8840499331016134 -0.4673924644054853
vn 0 -0.9658895630406579 -0.2589543434838022
vn 0 -0.11196447498759578 -0.9937122100189533
vn 0 -0.2589543434838022 -0.9658895630406579
vn 0 -0.46739248769731906 -0.8840499207873453
vn 0 -0.6523935574230116 -0.7578803640634502
vn 0 -0.804680957010314 -0.5937074678871449
vn 0 -0.9166182837604805 -0.3997635824784335
vn 0 -0.9825925085033841 -0.18577395466810484
vn 0 0 -1
vn 0 0 -1
vn 0 0 -1
vn 0 0 -1
vn -1 0 0
vn -1 0 0
vn -1 0 0
vn -1 0 0
vn -1 0 0
vn -1 0 0
vn -1 0 0
vn -1 0 0
vn -1 0 0
vn -1 0 0
vn -1 0 0
vn -1 0 0
vn -1 0 0
vn -1 0 0
vn -1 0 0
vn -1 0 0
vn -1 0 0
vn -1 0 0
vn -1 0 0
vn -1 0 0
vn 1 0 0
vn 1 0 0
vn 1 0 0
vn 1 0 0
vn 1 0 0
vn 1 0 0
vn 1 0 0
vn 1 0 0
vn 1 0 0
vn 1 0 0
vn 1 0 0
vn 1 0 0
vn 1 0 0
vn 1 0 0
vn 1 0 0
vn 1 0 0
vn 1 0 0
vn 1 0 0
vn 1 0 0
vn 1 0 0
vn 0 0 1
vn 0 0 1
vn 0 0 1
vn 0 0 1
vn 0 0.9937122100189533 0.11196447498759578
vn 0 0.9825925085033841 0.18577395466810484
vn 0 0.9166182837604805 0.3997635824784335
vn 0 0.804680957010314 0.5937074678871449
vn 0 0.6523935574230116 0.7578803640634502
vn 0 0.46739248769731906 0.8840499207873453
vn 0 0.2589543434838022 0.9658895630406579
vn 0 0.11196447498759578 0.9937122100189533
vn 0 0.9937122100189533 0.11196447498759578
vn 0 0.9658895630406579 0.2589543434838022
vn 0 0.8840499331016134 0.4673924644054853
vn 0 0.7578803640634502 0.6523935574230116
vn 0 0.593707439411321 0.8046809780202665
vn 0 0.3997635824784335 0.9166182837604805
vn 0 0.18577395466810484 0.9825925085033841
vn 0 0.11196447498759578 0.9937122100189533
vn 0 1 0
vn 0 1 0
vn 0 1 0
vn 0 1 0
vn 2.0496427024694307e-15 -1 -8.379042084839447e-16
vn 4.099285404938861e-15 -1 -3.3516167280566605e-16
vn 0 -1 -1.3406466912226642e-15
vn 2.0496427024694307e-15 -1 -8.379042084839447e-16
vn 0 -0.9937122100189533 -0.11196447498759578
vn 0 -0.9937122100189533 -0.11196447498759578
vn 0 -0.11196447498759578 -0.9937122100189533
vn 0 -0.18577395466810484 -0.9825925085033841
vn 0 -0.3997635824784335 -0.9166182837604805
vn 0 -0.593707439411321 -0.8046809780202665
vn 0 -0.7578803640634502 -0.6523935574230116
vn 0 -0.8840499331016134 -0.4673924644054853
vn 0 -0.9658895630406579 -0.2589543434838022
vn 0 -0.11196447498759578 -0.9937122100189533
vn 0 -0.2589543434838022 -0.9658895630406579
vn 0 -0.46739248769731906 -0.8840499207873453
vn 0 -0.6523935574230116 -0.7578803640634502
vn 0 -0.804680957010314 -0.5937074678871449
vn 0 -0.9166182837604805 -0.3997635824784335
vn 0 -0.9825925085033841 -0.18577395466810484
vn 0 0 -1
vn 0 0 -1
vn 0 0 -1
vn 0 0 -1
vn -1 0 0
vn -1 0 0
vn -1 0 0
vn -1 0 0
vn -1 0 0
vn -1 0 0
vn -1 0 0
vn -1 0 0
vn -1 0 0
vn -1 0 0
vn -1 0 0
vn -1 0 0
vn -1 0 0
vn -1 0 0
vn -1 0 0
vn -1 0 0
vn -1 0 0
vn -1 0 0
vn -1 0 0
vn -1 0 0
vn 1 0 0
vn 1 0 0
vn 1 0 0
vn 1 0 0
vn 1 0 0
vn 1 0 0
vn 1 0 0
vn 1 0 0
vn 1 0 0
vn 1 0 0
vn 1 0 0
vn 1 0 0
vn 1 0 0
vn 1 0 0
vn 1 0 0
vn 1 0 0
vn 1 0 0
vn 1 0 0
vn 1 0 0
vn 1 0 0
vn 0 0 1
vn 0 0 1
vn 0 0 1
vn 0 0 1
vn 0 0.9937122100189533 0.11196447498759578
vn 0 0.9825925085033841 0.18577395466810484
vn 0 0.9166182837604805 0.3997635824784335
vn 0 0.804680957010314 0.5937074678871449
vn 0 0.6523935574230116 0.7578803640634502
vn 0 0.46739248769731906 0.8840499207873453
vn 0 0.2589543434838022 0.9658895630406579
vn 0 0.11196447498759578 0.9937122100189533
vn 0 0.9937122100189533 0.11196447498759578
vn 0 0.9658895630406579 0.2589543434838022
vn 0 0.8840499331016134 0.4673924644054853
vn 0 0.7578803640634502 0.6523935574230116
vn 0 0.593707439411321 0.8046809780202665
vn 0 0.3997635824784335 0.9166182837604805
vn 0 0.18577395466810484 0.9825925085033841
vn 0 0.11196447498759578 0.9937122100189533
vn 0 1 0
vn 0 1 0
vn 0 1 0
vn 0 1 0
vn 0 -1 0
vn 0 -1 0
vn 0 -1 0
vn 0 -1 0
vn 0 0 -1
vn 0 0 -1
vn 0 0 -1
vn 0 0 -1
vn -1 0 0
vn -1 0 0
vn -1 0 0
vn -1 0 0
vn -1 0 0
vn -1 0 0
vn -1 0 0
vn -1 0 0
vn -1 0 0
vn -1 0 0
vn -1 0 0
vn -1 0 0
vn -1 0 0
vn 1 0 0
vn 1 0 0
vn 1 0 0
vn 1 0 0
vn 1 0 0
vn 1 0 0
vn 1 0 0
vn 1 0 0
vn 1 0 0
vn 1 0 0
vn 1 0 0
vn 1 0 0
vn 1 0 0
vn 0 0 1
vn 0 0 1
vn 0 0 1
vn 0 0 1
vn 0 0.9937122100189533 0.11196447498759578
vn 0 0.9825925085033841 0.18577395466810484
vn 0 0.9166182837604805 0.3997635824784335
vn 0 0.804680957010314 0.5937074678871449
vn 0 0.6523935574230116 0.7578803640634502
vn 0 0.46739248769731906 0.8840499207873453
vn 0 0.2589543434838022 0.9658895630406579
vn 0 0.11196447498759578 0.9937122100189533
vn 0 0.9937122100189533 0.11196447498759578
vn 0 0.9658895630406579 0.2589543434838022
vn 0 0.8840499331016134 0.4673924644054853
vn 0 0.7578803640634502 0.6523935574230116
vn 0 0.593707439411321 0.8046809780202665
vn 0 0.3997635824784335 0.9166182837604805
vn 0 0.18577395466810484 0.9825925085033841
vn 0 0.11196447498759578 0.9937122100189533
vn 0 1 0
vn 0 1 0
vn 0 1 0
vn 0 1 0
vn 0 -1 -1.6917684499880714e-16
vn 0 -1 -1.6917684499880714e-16
vn 0 -1 -1.6917684499880714e-16
vn 0 -1 -1.6917684499880714e-16
vn 0 -0.9937122100189533 -0.11196447498759578
vn 0 -0.9937122100189533 -0.11196447498759578
vn 0 -0.11196447498759578 -0.9937122100189533
vn 0 -0.18577395466810484 -0.9825925085033841
vn 0 -0.3997635824784335 -0.9166182837604805
vn 0 -0.593707439411321 -0.8046809780202665
vn 0 -0.7578803640634502 -0.6523935574230116
vn 0 -0.8840499331016134 -0.4673924644054853
vn 0 -0.9658895630406579 -0.2589543434838022
vn 0 -0.11196447498759578 -0.9937122100189533
vn 0 -0.2589543434838022 -0.9658895630406579
vn 0 -0.46739248769731906 -0.8840499207873453
vn 0 -0.6523935574230116 -0.7578803640634502
vn 0 -0.804680957010314 -0.5937074678871449
vn 0 -0.9166182837604805 -0.3997635824784335
vn 0 -0.9825925085033841 -0.18577395466810484
vn 0 0 -1
vn 0 0 -1
vn 0 0 -1
vn 0 0 -1
vn -1 0 0
vn -1 0 0
vn -1 0 0
vn -1 0 0
vn -1 0 0
vn -1 0 0
vn -1 0 0
vn -1 0 0
vn -1 0 0
vn -1 0 0
vn -1 0 0
vn -1 0 0
vn -1 0 0
vn -1 0 0
vn -1 0 0
vn -1 0 0
vn -1 0 0
vn -1 0 0
vn -1 0 0
vn -1 0 0
vn 1 0 0
vn 1 0 0
vn 1 0 0
vn 1 0 0
vn 1 0 0
vn 1 0 0
vn 1 0 0
vn 1 0 0
vn 1 0 0
vn 1 0 0
vn 1 0 0
vn 1 0 0
vn 1 0 0
vn 1 0 0
vn 1 0 0
vn 1 0 0
vn 1 0 0
vn 1 0 0
vn 1 0 0
vn 1 0 0
vn 0 0 1
vn 0 0 1
vn 0 0 1
vn 0 0 1
vn 0 0.9937122100189533 0.11196447498759578
vn 0 0.9825925085033841 0.18577395466810484
vn 0 0.9166182837604805 0.3997635824784335
vn 0 0.804680957010314 0.5937074678871449
vn 0 0.6523935574230116 0.7578803640634502
vn 0 0.46739248769731906 0.8840499207873453
vn 0 0.2589543434838022 0.9658895630406579
vn 0 0.11196447498759578 0.9937122100189533
vn 0 0.9937122100189533 0.11196447498759578
vn 0 0.9658895630406579 0.2589543434838022
vn 0 0.8840499331016134 0.4673924644054853
vn 0 0.7578803640634502 0.6523935574230116
vn 0 0.593707439411321 0.8046809780202665
vn 0 0.3997635824784335 0.9166182837604805
vn 0 0.18577395466810484 0.9825925085033841
vn 0 0.11196447498759578 0.9937122100189533
vn 0 1 0
vn 0 1 0
vn 0 1 0
vn 0 1 0
vn 2.0496427024694307e-15 -1 -8.379042084839447e-16
vn 4.099285404938861e-15 -1 -3.3516167280566605e-16
vn 0 -1 -1.3406466912226642e-15
vn 2.0496427024694307e-15 -1 -8.379042084839447e-16
vn 0 -0.9937122100189533 -0.11196447498759578
vn 0 -0.9937122100189533 -0.11196447498759578
vn 0 -0.11196447498759578 -0.9937122100189533
vn 0 -0.18577395466810484 -0.9825925085033841
vn 0 -0.3997635824784335 -0.9166182837604805
vn 0 -0.593707439411321 -0.8046809780202665
vn 0 -0.7578803640634502 -0.6523935574230116
vn 0 -0.8840499331016134 -0.4673924644054853
vn 0 -0.9658895630406579 -0.2589543434838022
vn 0 -0.11196447498759578 -0.9937122100189533
vn 0 -0.2589543434838022 -0.9658895630406579
vn 0 -0.46739248769731906 -0.8840499207873453
vn 0 -0.6523935574230116 -0.7578803640634502
vn 0 -0.804680957010314 -0.5937074678871449
vn 0 -0.9166182837604805 -0.3997635824784335
vn 0 -0.9825925085033841 -0.18577395466810484
vn 0 0 -1
vn 0 0 -1
vn 0 0 -1
vn 0 0 -1
vn -1 0 0
vn -1 0 0
vn -1 0 0
vn -1 0 0
vn -1 0 0
vn -1 0 0
vn -1 0 0
vn -1 0 0
vn -1 0 0
vn -1 0 0
vn -1 0 0
vn -1 0 0
vn -1 0 0
vn -1 0 0
vn -1 0 0
vn -1 0 0
vn -1 0 0
vn -1 0 0
vn -1 0 0
vn -1 0 0
vn 1 0 0
vn 1 0 0
vn 1 0 0
vn 1 0 0
vn 1 0 0
vn 1 0 0
vn 1 0 0
vn 1 0 0
vn 1 0 0
vn 1 0 0
vn 1 0 0
vn 1 0 0
vn 1 0 0
vn 1 0 0
vn 1 0 0
vn 1 0 0
vn 1 0 0
vn 1 0 0
vn 1 0 0
vn 1 0 0
vn 0 0 1
vn 0 0 1
vn 0 0 1
vn 0 0 1
vn 0 0.9937122100189533 0.11196447498759578
vn 0 0.9825925085033841 0.18577395466810484
vn 0 0.9166182837604805 0.3997635824784335
vn 0 0.804680957010314 0.5937074678871449
vn 0 0.6523935574230116 0.7578803640634502
vn 0 0.46739248769731906 0.8840499207873453
vn 0 0.2589543434838022 0.9658895630406579
vn 0 0.11196447498759578 0.9937122100189533
vn 0 0.9937122100189533 0.11196447498759578
vn 0 0.9658895630406579 0.2589543434838022
vn 0 0.8840499331016134 0.4673924644054853
vn 0 0.7578803640634502 0.6523935574230116
vn 0 0.593707439411321 0.8046809780202665
vn 0 0.3997635824784335 0.9166182837604805
vn 0 0.18577395466810484 0.9825925085033841
vn 0 0.11196447498759578 0.9937122100189533
vn 0 1 0
vn 0 1 0
vn 0 1 0
vn 0 1 0
vn 0 -1 0
vn 0 -1 0
vn 0 -1 0
vn 0 -1 0
vn 0 0 -1
vn 0 0 -1
vn 0 0 -1
vn 0 0 -1
vn -1 0 0
vn -1 0 0
vn -1 0 0
vn -1 0 0
vn -1 0 0
vn -1 0 0
vn -1 0 0
vn -1 0 0
vn -1 0 0
vn -1 0 0
vn -1 0 0
vn -1 0 0
vn -1 0 0
vn 1 0 0
vn 1 0 0
vn 1 0 0
vn 1 0 0
vn 1 0 0
vn 1 0 0
vn 1 0 0
vn 1 0 0
vn 1 0 0
vn 1 0 0
vn 1 0 0
vn 1 0 0
vn 1 0 0
vn 0 0 1
vn 0 0 1
vn 0 0 1
vn 0 0 1
vn 0 0.9937122100189533 0.11196447498759578
vn 0 0.9825925085033841 0.18577395466810484
vn 0 0.9166182837604805 0.3997635824784335
vn 0 0.804680957010314 0.5937074678871449
vn 0 0.6523935574230116 0.7578803640634502
vn 0 0.46739248769731906 0.8840499207873453
vn 0 0.2589543434838022 0.9658895630406579
vn 0 0.11196447498759578 0.9937122100189533
vn 0 0.9937122100189533 0.11196447498759578
vn 0 0.9658895630406579 0.2589543434838022
vn 0 0.8840499331016134 0.4673924644054853
vn 0 0.7578803640634502 0.6523935574230116
vn 0 0.593707439411321 0.8046809780202665
vn 0 0.3997635824784335 0.9166182837604805
vn 0 0.18577395466810484 0.9825925085033841
vn 0 0.11196447498759578 0.9937122100189533
vn 0 1 0
vn 0 1 0
vn 0 1 0
vn 0 1 0
vn 0 -1 -1.6917684499880714e-16
vn 0 -1 -1.6917684499880714e-16
vn 0 -1 -1.6917684499880714e-16
vn 0 -1 -1.6917684499880714e-16
vn 0 -0.9937122100189533 -0.11196447498759578
vn 0 -0.9937122100189533 -0.11196447498759578
vn 0 -0.11196447498759578 -0.9937122100189533
vn 0 -0.18577395466810484 -0.9825925085033841
vn 0 -0.3997635824784335 -0.9166182837604805
vn 0 -0.593707439411321 -0.8046809780202665
vn 0 -0.7578803640634502 -0.6523935574230116
vn 0 -0.8840499331016134 -0.4673924644054853
vn 0 -0.9658895630406579 -0.2589543434838022
vn 0 -0.11196447498759578 -0.9937122100189533
vn 0 -0.2589543434838022 -0.9658895630406579
vn 0 -0.46739248769731906 -0.8840499207873453
vn 0 -0.6523935574230116 -0.7578803640634502
vn 0 -0.804680957010314 -0.5937074678871449
vn 0 -0.9166182837604805 -0.3997635824784335
vn 0 -0.9825925085033841 -0.18577395466810484
vn 0 0 -1
vn 0 0 -1
vn 0 0 -1
vn 0 0 -1
vn -1 0 0
vn -1 0 0
vn -1 0 0
vn -1 0 0
vn -1 0 0
vn -1 0 0
vn -1 0 0
vn -1 0 0
vn -1 0 0
vn -1 0 0
vn -1 0 0
vn -1 0 0
vn -1 0 0
vn -1 0 0
vn -1 0 0
vn -1 0 0
vn -1 0 0
vn -1 0 0
vn -1 0 0
vn -1 0 0
vn 1 0 0
vn 1 0 0
vn 1 0 0
vn 1 0 0
vn 1 0 0
vn 1 0 0
vn 1 0 0
vn 1 0 0
vn 1 0 0
vn 1 0 0
vn 1 0 0
vn 1 0 0
vn 1 0 0
vn 1 0 0
vn 1 0 0
vn 1 0 0
vn 1 0 0
vn 1 0 0
vn 1 0 0
vn 1 0 0
vn 0 0 1
vn 0 0 1
vn 0 0 1
vn 0 0 1
vn 0 0.9937122100189533 0.11196447498759578
vn 0 0.9825925085033841 0.18577395466810484
vn 0 0.9166182837604805 0.3997635824784335
vn 0 0.804680957010314 0.5937074678871449
vn 0 0.6523935574230116 0.7578803640634502
vn 0 0.46739248769731906 0.8840499207873453
vn 0 0.2589543434838022 0.9658895630406579
vn 0 0.11196447498759578 0.9937122100189533
vn 0 0.9937122100189533 0.11196447498759578
vn 0 0.9658895630406579 0.2589543434838022
vn 0 0.8840499331016134 0.4673924644054853
vn 0 0.7578803640634502 0.6523935574230116
vn 0 0.593707439411321 0.8046809780202665
vn 0 0.3997635824784335 0.9166182837604805
vn 0 0.18577395466810484 0.9825925085033841
vn 0 0.11196447498759578 0.9937122100189533
vn 0 1 0
vn 0 1 0
vn 0 1 0
vn 0 1 0
vn 2.0496427024694307e-15 -1 -8.379042084839447e-16
vn 4.099285404938861e-15 -1 -3.3516167280566605e-16
vn 0 -1 -1.3406466912226642e-15
vn 2.0496427024694307e-15 -1 -8.379042084839447e-16
vn 0 -0.9937122100189533 -0.11196447498759578
vn 0 -0.9937122100189533 -0.11196447498759578
vn 0 -0.11196447498759578 -0.9937122100189533
vn 0 -0.18577395466810484 -0.9825925085033841
vn 0 -0.3997635824784335 -0.9166182837604805
vn 0 -0.593707439411321 -0.8046809780202665
vn 0 -0.7578803640634502 -0.6523935574230116
vn 0 -0.8840499331016134 -0.4673924644054853
vn 0 -0.9658895630406579 -0.2589543434838022
vn 0 -0.11196447498759578 -0.9937122100189533
vn 0 -0.2589543434838022 -0.9658895630406579
vn 0 -0.46739248769731906 -0.8840499207873453
vn 0 -0.6523935574230116 -0.7578803640634502
vn 0 -0.804680957010314 -0.5937074678871449
vn 0 -0.9166182837604805 -0.3997635824784335
vn 0 -0.9825925085033841 -0.18577395466810484
vn 0 0 -1
vn 0 0 -1
vn 0 0 -1
vn 0 0 -1
vn -1 0 0
vn -1 0 0
vn -1 0 0
vn -1 0 0
vn -1 0 0
vn -1 0 0
vn -1 0 0
vn -1 0 0
vn -1 0 0
vn -1 0 0
vn -1 0 0
vn -1 0 0
vn -1 0 0
vn -1 0 0
vn -1 0 0
vn -1 0 0
vn -1 0 0
vn -1 0 0
vn -1 0 0
vn -1 0 0
vn 1 0 0
vn 1 0 0
vn 1 0 0
vn 1 0 0
vn 1 0 0
vn 1 0 0
vn 1 0 0
vn 1 0 0
vn 1 0 0
vn 1 0 0
vn 1 0 0
vn 1 0 0
vn 1 0 0
vn 1 0 0
vn 1 0 0
vn 1 0 0
vn 1 0 0
vn 1 0 0
vn 1 0 0
vn 1 0 0
vn 0 0 1
vn 0 0 1
vn 0 0 1
vn 0 0 1
vn 0 0.9937122100189533 0.11196447498759578
vn 0 0.9825925085033841 0.18577395466810484
vn 0 0.9166182837604805 0.3997635824784335
vn 0 0.804680957010314 0.5937074678871449
vn 0 0.6523935574230116 0.7578803640634502
vn 0 0.46739248769731906 0.8840499207873453
vn 0 0.2589543434838022 0.9658895630406579
vn 0 0.11196447498759578 0.9937122100189533
vn 0 0.9937122100189533 0.11196447498759578
vn 0 0.9658895630406579 0.2589543434838022
vn 0 0.8840499331016134 0.4673924644054853
vn 0 0.7578803640634502 0.6523935574230116
vn 0 0.593707439411321 0.8046809780202665
vn 0 0.3997635824784335 0.9166182837604805
vn 0 0.18577395466810484 0.9825925085033841
vn 0 0.11196447498759578 0.9937122100189533
vn 0 1 0
vn 0 1 0
vn 0 1 0
vn 0 1 0
vn 0 -1 0
vn 0 -1 0
vn 0 -1 0
vn 0 -1 0
vn 0 0 -1
vn 0 0 -1
vn 0 0 -1
vn 0 0 -1
vn -1 0 0
vn -1 0 0
vn -1 0 0
vn -1 0 0
vn -1 0 0
vn -1 0 0
vn -1 0 0
vn -1 0 0
vn -1 0 0
vn -1 0 0
vn -1 0 0
vn -1 0 0
vn -1 0 0
vn 1 0 0
vn 1 0 0
vn 1 0 0
vn 1 0 0
vn 1 0 0
vn 1 0 0
vn 1 0 0
vn 1 0 0
vn 1 0 0
vn 1 0 0
vn 1 0 0
vn 1 0 0
vn 1 0 0
vn 1 0 0
vn 1 0 0
vn 1 0 0
vn 1 0 0
vn 0 0 1
vn 0 0 1
vn 0 0 1
vn 0 0 1
vn -1 0 1.421085492696024e-15
vn -1 0 1.421085492696024e-15
vn -1 0 1.421085492696024e-15
vn -1 0 1.421085492696024e-15
vn 1.1842379282265398e-15 0 -1
vn 1.1842379282265398e-15 0 -1
vn 1.1842379282265398e-15 0 -1
vn 1.1842379282265398e-15 0 -1
vn 0 1 0
vn 0 1 0
vn 0 1 0
vn 0 1 0
vn 1 0 0
vn 1 0 0
vn 1 0 0
vn 1 0 0
vn 0 0 1
vn 0 0 1
vn 0 0 1
vn 0 0 1
vn -1 0 1.421085492696024e-15
vn -1 0 1.421085492696024e-15
vn -1 0 1.421085492696024e-15
vn -1 0 1.421085492696024e-15
vn 1.1842379282265398e-15 0 -1
vn 1.1842379282265398e-15 0 -1
vn 1.1842379282265398e-15 0 -1
vn 1.1842379282265398e-15 0 -1
vn 0 1 0
vn 0 1 0
vn 0 1 0
vn 0 1 0
vn 1 0 0
vn 1 0 0
vn 1 0 0
vn 1 0 0
vn 0 0 1
vn 0 0 1
vn 0 0 1
vn 0 0 1
vn -1 0 1.421085492696024e-15
vn -1 0 1.421085492696024e-15
vn -1 0 1.421085492696024e-15
vn -1 0 1.421085492696024e-15
vn 1.1842379282265398e-15 0 -1
vn 1.1842379282265398e-15 0 -1
vn 1.1842379282265398e-15 0 -1
vn 1.1842379282265398e-15 0 -1
vn 0 1 0
vn 0 1 0
vn 0 1 0
vn 0 1 0
vn 1 0 0
vn 1 0 0
vn 1 0 0
vn 1 0 0
vn 0 0 1
vn 0 0 1
vn 0 0 1
vn 0 0 1
vn -1 0 1.421085492696024e-15
vn -1 0 1.421085492696024e-15
vn -1 0 1.421085492696024e-15
vn -1 0 1.421085492696024e-15
vn 1.1842379282265398e-15 0 -1
vn 1.1842379282265398e-15 0 -1
vn 1.1842379282265398e-15 0 -1
vn 1.1842379282265398e-15 0 -1
vn 0 1 0
vn 0 1 0
vn 0 1 0
vn 0 1 0
vn 1 0 0
vn 1 0 0
vn 1 0 0
vn 1 0 0
vn 0 0 1
vn 0 0 1
vn 0 0 1
vn 0 0 1
vn -1 0 0
vn -1 0 0
vn -1 0 0
vn -1 0 0
vn 0 0 -1
vn 0 0 -1
vn 0 0 -1
vn 0 0 -1
vn 0 1 0
vn 0 1 0
vn 0 1 0
vn 0 1 0
vn 1 0 0
vn 1 0 0
vn 1 0 0
vn 1 0 0
vn 0 0 1
vn 0 0 1
vn 0 0 1
vn 0 0 1
vn -1 0 0
vn -1 0 0
vn -1 0 0
vn -1 0 0
vn 0 0 -1
vn 0 0 -1
vn 0 0 -1
vn 0 0 -1
vn 0 1 0
vn 0 1 0
vn 0 1 0
vn 0 1 0
vn 1 0 0
vn 1 0 0
vn 1 0 0
vn 1 0 0
vn 0 0 1
vn 0 0 1
vn 0 0 1
vn 0 0 1
vn -1 0 0
vn -1 0 0
vn -1 0 0
vn -1 0 0
vn 0 0 -1
vn 0 0 -1
vn 0 0 -1
vn 0 0 -1
vn 0 1 0
vn 0 1 0
vn 0 1 0
vn 0 1 0
vn 1 0 0
vn 1 0 0
vn 1 0 0
vn 1 0 0
vn 0 0 1
vn 0 0 1
vn 0 0 1
vn 0 0 1
vn -1 0 0
vn -1 0 0
vn -1 0 0
vn -1 0 0
vn 0 0 -1
vn 0 0 -1
vn 0 0 -1
vn 0 0 -1
vn 0 1 0
vn 0 1 0
vn 0 1 0
vn 0 1 0
vn 1 0 0
vn 1 0 0
vn 1 0 0
vn 1 0 0
vn 1.1842379282265398e-15 0 1
vn 1.1842379282265398e-15 0 1
vn 1.1842379282265398e-15 0 1
vn 1.1842379282265398e-15 0 1
vn -1 0 -1.421085492696024e-15
vn -1 0 -1.421085492696024e-15
vn -1 0 -1.421085492696024e-15
vn -1 0 -1.421085492696024e-15
vn 0 0 -1
vn 0 0 -1
vn 0 0 -1
vn 0 0 -1
vn 0 1 0
vn 0 1 0
vn 0 1 0
vn 0 1 0
vn 1 0 0
vn 1 0 0
vn 1 0 0
vn 1 0 0
vn 1.1842379282265398e-15 0 1
vn 1.1842379282265398e-15 0 1
vn 1.1842379282265398e-15 0 1
vn 1.1842379282265398e-15 0 1
vn -1 0 -1.421085492696024e-15
vn -1 0 -1.421085492696024e-15
vn -1 0 -1.421085492696024e-15
vn -1 0 -1.421085492696024e-15
vn 0 0 -1
vn 0 0 -1
vn 0 0 -1
vn 0 0 -1
vn 0 1 0
vn 0 1 0
vn 0 1 0
vn 0 1 0
vn 1 0 0
vn 1 0 0
vn 1 0 0
vn 1 0 0
vn 1.1842379282265398e-15 0 1
vn 1.1842379282265398e-15 0 1
vn 1.1842379282265398e-15 0 1
vn 1.1842379282265398e-15 0 1
vn -1 0 -1.421085492696024e-15
vn -1 0 -1.421085492696024e-15
vn -1 0 -1.421085492696024e-15
vn -1 0 -1.421085492696024e-15
vn 0 0 -1
vn 0 0 -1
vn 0 0 -1
vn 0 0 -1
vn 0 1 0
vn 0 1 0
vn 0 1 0
vn 0 1 0
vn 1 0 0
vn 1 0 0
vn 1 0 0
vn 1 0 0
vn 1.1842379282265398e-15 0 1
vn 1.1842379282265398e-15 0 1
vn 1.1842379282265398e-15 0 1
vn 1.1842379282265398e-15 0 1
vn -1 0 -1.421085492696024e-15
vn -1 0 -1.421085492696024e-15
vn -1 0 -1.421085492696024e-15
vn -1 0 -1.421085492696024e-15
vn 0 0 -1
vn 0 0 -1
vn 0 0 -1
vn 0 0 -1
vn 0 1 0
vn 0 1 0
vn 0 1 0
vn 0 1 0
vn 1 0 0
vn 1 0 0
vn 1 0 0
vn 1 0 0
vn 0 0 1
vn 0 0 1
vn 0 0 1
vn 0 0 1
vn -1 0 0
vn -1 0 0
vn -1 0 0
vn -1 0 0
vn 0 0 -1
vn 0 0 -1
vn 0 0 -1
vn 0 0 -1
vn 0 1 0
vn 0 1 0
vn 0 1 0
vn 0 1 0
vn 1 0 0
vn 1 0 0
vn 1 0 0
vn 1 0 0
vn 0 0 1
vn 0 0 1
vn 0 0 1
vn 0 0 1
vn -1 0 0
vn -1 0 0
vn -1 0 0
vn -1 0 0
vn 0 0 -1
vn 0 0 -1
vn 0 0 -1
vn 0 0 -1
vn 0 1 0
vn 0 1 0
vn 0 1 0
vn 0 1 0
vn 1 0 0
vn 1 0 0
vn 1 0 0
vn 1 0 0
vn 0 0 1
vn 0 0 1
vn 0 0 1
vn 0 0 1
vn -1 0 0
vn -1 0 0
vn -1 0 0
vn -1 0 0
vn 0 0 -1
vn 0 0 -1
vn 0 0 -1
vn 0 0 -1
vn 0 1 0
vn 0 1 0
vn 0 1 0
vn 0 1 0
vn 1 0 0
vn 1 0 0
vn 1 0 0
vn 1 0 0
vn 0 0 1
vn 0 0 1
vn 0 0 1
vn 0 0 1
vn -1 0 0
vn -1 0 0
vn -1 0 0
vn -1 0 0
vn 0 0 -1
vn 0 0 -1
vn 0 0 -1
vn 0 0 -1
vn 0 1 0
vn 0 1 0
vn 0 1 0
vn 0 1 0
vn 0 0 -1
vn 0 0 -1
vn 0 0 -1
vn 0 0 -1
vn 0 0 1
vn 0 0 1
vn 0 0 1
vn 0 0 1
vn 0 0 -1
vn 0 0 -1
vn 0 0 -1
vn 0 0 -1
vn 0 0 1
vn 0 0 1
vn 0 0 1
vn 0 0 1
vn 0 0 -1
vn 0 0 -1
vn 0 0 -1
vn 0 0 -1
vn 0 0 1
vn 0 0 1
vn 0 0 1
vn 0 0 1
vn 0 0 -1
vn 0 0 -1
vn 0 0 -1
vn 0 0 -1
vn 0 0 1
vn 0 0 1
vn 0 0 1
vn 0 0 1
vn 0 0 -1
vn 0 0 -1
vn 0 0 -1
vn 0 0 -1
vn 0 0 1
vn 0 0 1
vn 0 0 1
vn 0 0 1
vn 0 0 -1
vn 0 0 -1
vn 0 0 -1
vn 0 0 -1
vn 0 0 1
vn 0 0 1
vn 0 0 1
vn 0 0 1
vn 0 0 -1
vn 0 0 -1
vn 0 0 -1
vn 0 0 -1
vn 0 0 1
vn 0 0 1
vn 0 0 1
vn 0 0 1
vn 0 0 -1
vn 0 0 -1
vn 0 0 -1
vn 0 0 -1
vn 0 0 1
vn 0 0 1
vn 0 0 1
vn 0 0 1
vn 0 0 -1
vn 0 0 -1
vn 0 0 -1
vn 0 0 -1
vn 0 0 1
vn 0 0 1
vn 0 0 1
vn 0 0 1
vn 0 0 -1
vn 0 0 -1
vn 0 0 -1
vn 0 0 -1
vn 0 0 1
vn 0 0 1
vn 0 0 1
vn 0 0 1
vn 0 0 -1
vn 0 0 -1
vn 0 0 -1
vn 0 0 -1
vn 0 0 1
vn 0 0 1
vn 0 0 1
vn 0 0 1
vn 0 0 -1
vn 0 0 -1
vn 0 0 -1
vn 0 0 -1
vn 0 0 1
vn 0 0 1
vn 0 0 1
vn 0 0 1
vn 0 0 -1
vn 0 0 -1
vn 0 0 -1
vn 0 0 -1
vn 0 0 1
vn 0 0 1
vn 0 0 1
vn 0 0 1
vn 0 0 -1
vn 0 0 -1
vn 0 0 -1
vn 0 0 -1
vn 0 0 1
vn 0 0 1
vn 0 0 1
vn 0 0 1
vn 0 0 -1
vn 0 0 -1
vn 0 0 -1
vn 0 0 -1
vn 0 0 1
vn 0 0 1
vn 0 0 1
vn 0 0 1
vn 0 0 -1
vn 0 0 -1
vn 0 0 -1
vn 0 0 -1
vn 0 0 1
vn 0 0 1
vn 0 0 1
vn 0 0 1
vn 0 0 -1
vn 0 0 -1
vn 0 0 -1
vn 0 0 -1
vn 0 0 1
vn 0 0 1
vn 0 0 1
vn 0 0 1
vn 0 0 -1
vn 0 0 -1
vn 0 0 -1
vn 0 0 -1
vn 0 0 1
vn 0 0 1
vn 0 0 1
vn 0 0 1
vn -1 0 2.2599958704421885e-16
vn -1 0 2.2599958704421885e-16
vn -1 0 2.2599958704421885e-16
vn -1 0 2.2599958704421885e-16
vn 0 0 1
vn 0 0 1
vn 0 0 1
vn 0 0 1
vn 1 0 -2.2599958704421885e-16
vn 1 0 -2.2599958704421885e-16
vn 1 0 -2.2599958704421885e-16
vn 1 0 -2.2599958704421885e-16
vn 0 0 -1
vn 0 0 -1
vn 0 0 -1
vn 0 0 -1
vn 0 1 0
vn 0 1 0
vn 0 1 0
vn 0 1 0
vn 0 1 0
vn 0 1 0
vn 0 1 0
vn 0 1 0
vn 0 1 0
vn 0 1 0
vn 0 1 0
vn 0 1 0
vn 0 1 0
vn 0 1 0
vn 0 1 0
vn 0 1 0
vn 0 1 0
vn 0 1 0
vn 0 1 0
vn 0 1 0
vn 0 1 0
vn 0 1 0
vn 0 1 0
vn 0 1 0
vn -1 0 1.3316017822046195e-16
vn -1 0 1.3316017822046195e-16
vn -1 0 1.3316017822046195e-16
vn -1 0 1.3316017822046195e-16
vn 0 0 1
vn 0 0 1
vn 0 0 1
vn 0 0 1
vn 1 0 -1.3316017822046195e-16
vn 1 0 -1.3316017822046195e-16
vn 1 0 -1.3316017822046195e-16
vn 1 0 -1.3316017822046195e-16
vn 0 0 -1
vn 0 0 -1
vn 0 0 -1
vn 0 0 -1
vn 0 1 0
vn 0 1 0
vn 0 1 0
vn 0 1 0
vn 0 1 0
vn 0 1 0
vn 0 1 0
vn 0 1 0
vn 0 1 0
vn 0 1 0
vn 0 1 0
vn 0 1 0
vn 0 1 0
vn 0 1 0
vn 0 1 0
vn 0 1 0
vn 0 1 0
vn 0 1 0
vn 0 1 0
vn 0 1 0
vn 0 1 0
vn 0 1 0
vn 0 1 0
vn 0 1 0
vn -1 0 0
vn -1 0 0
vn -1 0 0
vn -1 0 0
vn 0 0 1
vn 0 0 1
vn 0 0 1
vn 0 0 1
vn 1 0 0
vn 1 0 0
vn 1 0 0
vn 1 0 0
vn 0 0 -1
vn 0 0 -1
vn 0 0 -1
vn 0 0 -1
vn 0 1 0
vn 0 1 0
vn 0 1 0
vn 0 1 0
vn 0 1 0
vn 0 1 0
vn 0 1 0
vn 0 1 0
vn 0 1 0
vn 0 1 0
vn 0 1 0
vn 0 1 0
vn 0 1 0
vn 0 1 0
vn 0 1 0
vn 0 1 0
vn 0 1 0
vn 0 1 0
vn 0 1 0
vn 0 1 0
vn 0 1 0
vn 0 1 0
vn 0 1 0
vn 0 1 0
vn 0 0 1
vn 0 0 1
vn 0 0 1
vn 0 0 1
vn -1 0 0
vn -1 0 0
vn -1 0 0
vn -1 0 0
vn 0 0 -1
vn 0 0 -1
vn 0 0 -1
vn 0 0 -1
vn 1 0 0
vn 1 0 0
vn 1 0 0
vn 1 0 0
vn 0 0 1
vn 0 0 1
vn 0 0 1
vn 0 0 1
vn 1 0 0
vn 1 0 0
vn 1 0 0
vn 1 0 0
vn 0 0 -1
vn 0 0 -1
vn 0 0 -1
vn 0 0 -1
vn 1 0 0
vn 1 0 0
vn 1 0 0
vn 1 0 0
vn 0 0 1
vn 0 0 1
vn 0 0 1
vn 0 0 1
vn 1 0 0
vn 1 0 0
vn 1 0 0
vn 1 0 0
vn 0 0 -1
vn 0 0 -1
vn 0 0 -1
vn 0 0 -1
vn 1 0 0
vn 1 0 0
vn 1 0 0
vn 1 0 0
vn 0 0 1
vn 0 0 1
vn 0 0 1
vn 0 0 1
vn 1 0 0
vn 1 0 0
vn 1 0 0
vn 1 0 0
vn 0 0 -1
vn 0 0 -1
vn 0 0 -1
vn 0 0 -1
vn 1 0 0
vn 1 0 0
vn 1 0 0
vn 1 0 0
vn 0 1 0
vn 0 1 0
vn 0 1 0
vn 0 1 0
vn 0 1 0
vn 0 1 0
vn 0 1 0
vn 0 1 0
vn 0 1 0
vn 0 1 0
vn 0 1 0
vn 0 1 0
vn 0 1 0
vn 0 1 0
vn 0 1 0
vn 0 1 0
vn -1 0 0
vn -1 0 0
vn -1 0 0
vn -1 0 0
vn 0 0 -1
vn 0 0 -1
vn 0 0 -1
vn 0 0 -1
vn 1 0 0
vn 1 0 0
vn 1 0 0
vn 1 0 0
vn 0 0 1
vn 0 0 1
vn 0 0 1
vn 0 0 1
vn 0 1 0
vn 0 1 0
vn 0 1 0
vn 0 1 0
vn -1 0 0
vn -1 0 0
vn -1 0 0
vn -1 0 0
vn 0 0 -1
vn 0 0 -1
vn 0 0 -1
vn 0 0 -1
vn 1 0 0
vn 1 0 0
vn 1 0 0
vn 1 0 0
vn 0 0 1
vn 0 0 1
vn 0 0 1
vn 0 0 1
vn 0 1 0
vn 0 1 0
vn 0 1 0
vn 0 1 0
vn 4.375263191653975e-16 0 1
vn 4.375263191653975e-16 0 1
vn 4.375263191653975e-16 0 1
vn 4.375263191653975e-16 0 1
vn -1 0 0
vn -1 0 0
vn -1 0 0
vn -1 0 0
vn 0 0 -1
vn 0 0 -1
vn 0 0 -1
vn 0 0 -1
vn 1 0 0
vn 1 0 0
vn 1 0 0
vn 1 0 0
vn 0 0 1
vn 0 0 1
vn 0 0 1
vn 0 0 1
vn 1 0 2.537652688216997e-15
vn 1 0 2.537652688216997e-15
vn 1 0 2.537652688216997e-15
vn 1 0 2.537652688216997e-15
vn 0 0 -1
vn 0 0 -1
vn 0 0 -1
vn 0 0 -1
vn 1 0 0
vn 1 0 0
vn 1 0 0
vn 1 0 0
vn 0 0 1
vn 0 0 1
vn 0 0 1
vn 0 0 1
vn 1 0 0
vn 1 0 0
vn 1 0 0
vn 1 0 0
vn 0 0 -1
vn 0 0 -1
vn 0 0 -1
vn 0 0 -1
vn 1 0 1.0150610752867988e-14
vn 1 0 1.0150610752867988e-14
vn 1 0 1.0150610752867988e-14
vn 1 0 1.0150610752867988e-14
vn 0 0 1
vn 0 0 1
vn 0 0 1
vn 0 0 1
vn 1 0 -2.537652688216997e-15
vn 1 0 -2.537652688216997e-15
vn 1 0 -2.537652688216997e-15
vn 1 0 -2.537652688216997e-15
vn 0 0 -1
vn 0 0 -1
vn 0 0 -1
vn 0 0 -1
vn 1 0 0
vn 1 0 0
vn 1 0 0
vn 1 0 0
vn 0 1 0
vn 0 1 0
vn 0 1 0
vn 0 1 0
vn 0 1 0
vn 0 1 0
vn 0 1 0
vn 0 1 0
vn 0 1 0
vn 0 1 0
vn 0 1 0
vn 0 1 0
vn 0 1 0
vn 0 1 0
vn 0 1 0
vn 0 1 0
vn 0 0 1
vn 0 0 1
vn 0 0 1
vn 0 0 1
vn -1 0 0
vn -1 0 0
vn -1 0 0
vn -1 0 0
vn 0 0 -1
vn 0 0 -1
vn 0 0 -1
vn 0 0 -1
vn 1 0 0
vn 1 0 0
vn 1 0 0
vn 1 0 0
vn 0 0 1
vn 0 0 1
vn 0 0 1
vn 0 0 1
vn 1 0 -2.537652688216997e-15
vn 1 0 -2.537652688216997e-15
vn 1 0 -2.537652688216997e-15
vn 1 0 -2.537652688216997e-15
vn 0 0 -1
vn 0 0 -1
vn 0 0 -1
vn 0 0 -1
vn 1 0 0
vn 1 0 0
vn 1 0 0
vn 1 0 0
vn 0 0 1
vn 0 0 1
vn 0 0 1
vn 0 0 1
vn 1 0 0
vn 1 0 0
vn 1 0 0
vn 1 0 0
vn 0 0 -1
vn 0 0 -1
vn 0 0 -1
vn 0 0 -1
vn 1 0 0
vn 1 0 0
vn 1 0 0
vn 1 0 0
vn 0 0 1
vn 0 0 1
vn 0 0 1
vn 0 0 1
vn 1 0 2.537652688216997e-15
vn 1 0 2.537652688216997e-15
vn 1 0 2.537652688216997e-15
vn 1 0 2.537652688216997e-15
vn 0 0 -1
vn 0 0 -1
vn 0 0 -1
vn 0 0 -1
vn 1 0 0
vn 1 0 0
vn 1 0 0
vn 1 0 0
vn 0 1 0
vn 0 1 0
vn 0 1 0
vn 0 1 0
vn 0 1 0
vn 0 1 0
vn 0 1 0
vn 0 1 0
vn 0 1 0
vn 0 1 0
vn 0 1 0
vn 0 1 0
vn 0 1 0
vn 0 1 0
vn 0 1 0
vn 0 1 0
vn -1 0 0
vn -1 0 0
vn -1 0 0
vn -1 0 0
vn 0 0 -1
vn 0 0 -1
vn 0 0 -1
vn 0 0 -1
vn 1 0 0
vn 1 0 0
vn 1 0 0
vn 1 0 0
vn 0 0 1
vn 0 0 1
vn 0 0 1
vn 0 0 1
vn 0 1 0
vn 0 1 0
vn 0 1 0
vn 0 1 0
vn -1 0 0
vn -1 0 0
vn -1 0 0
vn -1 0 0
vn 0 0 1
vn 0 0 1
vn 0 0 1
vn 0 0 1
vn 1 -1.2236953698876053e-14 -1.0576664301930401e-15
vn 1 1.2259055329568759e-14 -1.381611004496895e-15
vn 1 -1.4055847685854467e-14 6.922580896376058e-15
vn 1 1.2744893099323092e-14 7.838409012573405e-15
vn 1 7.297466255332433e-15 -3.456694653451284e-15
vn 1 1.743238463287485e-14 2.288188704384835e-15
vn 1 -1.3691576084690071e-15 1.055253212150489e-14
vn 1 0 0
vn 1 4.076370410858554e-16 -9.407009210561147e-16
vn 1 -4.635430008273207e-15 -1.0375329423950616e-15
vn 1 0 3.1183693712503622e-15
vn 1 -2.1706160274056287e-16 -3.8403203279089096e-15
vn 1 -4.457991576123322e-15 -1.4484449745296932e-15
vn 1 -1.738802109024426e-14 1.432137790350035e-15
vn 1 -3.5520925918919267e-15 -2.1362238692389235e-15
vn 1 -8.786622586476073e-15 6.978545104354978e-16
vn 0 0 -1
vn 0 0 -1
vn 0 0 -1
vn 0 0 -1
vn 0 1 0
vn 0 1 0
vn 0 1 0
vn 0 1 0
vn -1 0 0
vn -1 0 0
vn -1 0 0
vn -1 0 0
vn 0 0 1
vn 0 0 1
vn 0 0 1
vn 0 0 1
vn 1 0 -3.9355027436808554e-16
vn 1 0 -4.3860665675006115e-16
vn 1 -1.2189762317010963e-15 -2.407854206412695e-16
vn 1 5.983518031160815e-16 -2.9917590155804073e-16
vn 1 4.123685406594383e-16 -9.516197051418146e-16
vn 1 0 -4.981349411430113e-16
vn 1 2.0120246987324463e-15 -3.974369644559007e-16
vn 1 0 -9.656300536058744e-16
vn 1 -1.0973633299487749e-15 -5.486816649743874e-16
vn 1 0 -6.021549110613645e-16
vn 1 0 0
vn 1 0 0
vn 1 0 -1.0040642334344302e-15
vn 1 -4.076370410858554e-16 -9.407009210561147e-16
vn 1 0 0
vn 1 0 0
vn 0 0 -1
vn 0 0 -1
vn 0 0 -1
vn 0 0 -1
vn 0 1 0
vn 0 1 0
vn 0 1 0
vn 0 1 0
vn 0 -1 0
vn 0 -1 0
vn 0 -1 0
vn 0 -1 0
vn 5.921189641132699e-16 0 1
vn 5.921189641132699e-16 0 1
vn 5.921189641132699e-16 0 1
vn 5.921189641132699e-16 0 1
vn 0 -1 0
vn 0 -1 0
vn 0 -1 0
vn 0 -1 0
vn -7.401487183764772e-16 0 -1
vn -7.401487183764772e-16 0 -1
vn -7.401487183764772e-16 0 -1
vn -7.401487183764772e-16 0 -1
vn 0 -1 0
vn 0 -1 0
vn 0 -1 0
vn 0 -1 0
vn 6.661338544797657e-16 0 1
vn 6.661338544797657e-16 0 1
vn 6.661338544797657e-16 0 1
vn 6.661338544797657e-16 0 1
vn 0 1 0
vn 0 1 0
vn 0 1 0
vn 0 1 0
vn -5.921189994063125e-16 0 -1
vn -5.921189994063125e-16 0 -1
vn -5.921189994063125e-16 0 -1
vn -5.921189994063125e-16 0 -1
vn 1 0 0
vn 1 0 0
vn 1 0 -8.389959810133963e-16
vn 1 3.540700686965626e-16 -7.334309000718033e-16
vn 1 0 0
vn 1 0 0
vn 1 0 -8.225845059021074e-16
vn 1 -3.9766534571430414e-16 -8.237354119191892e-16
vn -5.921189464667501e-16 0 -1
vn -2.9605947323337506e-16 -6.832141690000964e-16 -1
vn -2.9605947323337506e-16 -6.832141690000964e-16 -1
vn 0 -1.3664283380001927e-15 -1
vn 0 -1 0
vn 0 -1 0
vn 0 -1 0
vn 0 -1 0
vn 5.921189464667501e-16 0 1
vn 5.921189464667501e-16 0 1
vn 5.921189464667501e-16 0 1
vn 5.921189464667501e-16 0 1
vn 0 1 0
vn 0 1 0
vn 0 1 0
vn 0 1 0
vn 1 0 -1.0765798288722814e-15
vn 1 0 -1.0765798288722814e-15
vn 1 0 -1.0765798288722814e-15
vn 1 0 -1.0765798288722814e-15
vn -2.220446049250313e-16 -5.12410600280291e-16 -1
vn -7.401486566136565e-16 -1.7080354754398032e-15 -1
vn 2.9605947323337506e-16 6.832141690000964e-16 -1
vn -2.220446049250313e-16 -5.12410600280291e-16 -1
vn 0 -1 0
vn 0 -1 0
vn 0 -1 0
vn 0 -1 0
vn 5.921189464667501e-16 1.3664283380001927e-15 1
vn 5.921189464667501e-16 1.3664283380001927e-15 1
vn 5.921189464667501e-16 1.3664283380001927e-15 1
vn 5.921189464667501e-16 1.3664283380001927e-15 1
vn 0 1 0
vn 0 1 0
vn 0 1 0
vn 0 1 0
vn 1 -3.677673255078664e-31 -1.0765798288722814e-15
vn 1 7.355346510157328e-31 -1.0765798288722814e-15
vn 1 -3.677673255078664e-31 -1.0765798288722814e-15
vn 1 -1.4710693020314655e-30 -1.0765798288722814e-15
vn 0 -1 0
vn 0 -1 0
vn 0 -1 0
vn 0 -1 0
vn 7.401487183764772e-16 -6.344131720542492e-16 1
vn 7.401487183764772e-16 -6.344131720542492e-16 1
vn 7.401487183764772e-16 -6.344131720542492e-16 1
vn 7.401487183764772e-16 -6.344131720542492e-16 1
vn 0 -1 0
vn 0 -1 0
vn 0 -1 0
vn 0 -1 0
vn 0 0 -1
vn 0 0 -1
vn 0 0 -1
vn 0 0 -1
vn 0 -1 0
vn 0 -1 0
vn 0 -1 0
vn 0 -1 0
vn 5.921189994063125e-16 0 1
vn 5.921189994063125e-16 0 1
vn 5.921189994063125e-16 0 1
vn 5.921189994063125e-16 0 1
vn 0 1 0
vn 0 1 0
vn 0 1 0
vn 0 1 0
vn -6.661338544797657e-16 -1.0327656289255235e-16 -1
vn -6.661338544797657e-16 -1.0327656289255235e-16 -1
vn -6.661338544797657e-16 -1.0327656289255235e-16 -1
vn -6.661338544797657e-16 -1.0327656289255235e-16 -1
vn 1 0 0
vn 1 0 0
vn 1 0 -8.389959810133963e-16
vn 1 3.540700686965626e-16 -7.334309000718033e-16
vn 1 0 0
vn 1 0 0
vn 1 0 -8.225845059021074e-16
vn 1 -3.9766534571430414e-16 -8.237354119191892e-16
vn -1 0 0
vn -1 0 0
vn -1 0 0
vn -1 0 0
vn 2.9605948205663494e-16 0 1
vn 2.9605948205663494e-16 0 1
vn 2.9605948205663494e-16 0 1
vn 2.9605948205663494e-16 0 1
vn 1 0 0
vn 1 0 0
vn 1 0 0
vn 1 0 0
vn 0 0 -1
vn 0 0 -1
vn 0 0 -1
vn 0 0 -1
vn 0 1 0
vn 0 1 0
vn 0 1 0
vn 0 1 0
vn 0 1 0
vn 0 1 0
vn 0 1 0
vn 0 1 0
vn 0 1 0
vn 0 1 0
vn 0 1 0
vn 0 1 0
vn 0 1 0
vn 0 1 0
vn 0 1 0
vn 0 1 0
vn 0 1 0
vn 0 1 0
vn 0 1 0
vn 0 1 0
vn 0 1 0
vn 0 1 0
vn 0 1 0
vn 0 1 0
vn 0 1 0
vn 0 1 0
vn 0 1 0
vn 0 1 0
vn 0 1 0
vn 0 1 0
vn 0 1 0
vn 0 1 0
vn 1 0 0
vn 1 0 0
vn 1 0 0
vn 1 0 0
vn -1.2952602836286146e-16 0 -1
vn -1.2952602836286146e-16 0 -1
vn -1.2952602836286146e-16 0 -1
vn -1.2952602836286146e-16 0 -1
vn -1 0 0
vn -1 0 0
vn -1 0 0
vn -1 0 0
vn 2.9605948205663494e-16 0 1
vn 2.9605948205663494e-16 0 1
vn 2.9605948205663494e-16 0 1
vn 2.9605948205663494e-16 0 1
vn 0 1 0
vn 0 1 0
vn 0 1 0
vn 0 1 0
vn 0 1 0
vn 0 1 0
vn 0 1 0
vn 0 1 0
vn 0 1 0
vn 0 1 0
vn 0 1 0
vn 0 1 0
vn 0 1 0
vn 0 1 0
vn 0 1 0
vn 0 1 0
vn 0 1 0
vn 0 1 0
vn 0 1 0
vn 0 1 0
vn 0 1 0
vn 0 1 0
vn 0 1 0
vn 0 1 0
vn 0 1 0
vn 0 1 0
vn 0 1 0
vn 0 1 0
vn 0 1 0
vn 0 1 0
vn 0 1 0
vn 0 1 0
vn -0.1119644742620565 0 -0.9937122101007018
vn -0.22252094894866978 0 -0.9749279087599162
vn -0.3997636043194008 0 -0.9166182742350064
vn -0.5937074577682817 0 -0.8046809644761854
vn -0.7578803386946781 0 -0.6523935868937095
vn -0.884049921494053 0 -0.4673924863606158
vn -0.9658895555864622 0 -0.25895437128765914
vn -0.9937122101007018 0 -0.1119644742620565
vn -0.1119644742620565 0 -0.9937122101007018
vn -0.9937122101007018 0 -0.1119644742620565
vn -0.9825925071092969 0 -0.18577396204168745
vn -0.9166182742350064 0 -0.3997636043194008
vn -0.8046809644761854 0 -0.5937074577682817
vn -0.6523935868937095 0 -0.7578803386946781
vn -0.4673924863606158 0 -0.884049921494053
vn -0.22252094894866978 0 -0.9749279087599162
vn -0.1119644742620565 -2.903268691350143e-17 -0.9937122101007018
vn -0.22252094894866978 -5.6967757115007e-17 -0.9749279087599162
vn -0.3997636043194008 -5.420671661171788e-17 -0.9166182742350064
vn -0.5937074577682817 -4.683553329582214e-17 -0.8046809644761854
vn -0.7578803386946781 -6.202631099042622e-17 -0.6523935868937095
vn -0.884049921494053 -5.564769653274736e-17 -0.4673924863606158
vn -0.9658895555864622 -3.099164457642676e-17 -0.25895437128765914
vn -0.9937122101007018 -6.542397024717926e-18 -0.1119644742620565
vn -0.1119644742620565 0 -0.9937122101007018
vn -0.9937122101007018 0 -0.1119644742620565
vn -0.9825925071092969 -1.805326895552795e-17 -0.18577396204168745
vn -0.9166182742350064 -4.847300471849392e-17 -0.3997636043194008
vn -0.8046809644761854 -7.004365101201373e-17 -0.5937074577682817
vn -0.6523935868937095 -5.758504588228174e-17 -0.7578803386946781
vn -0.4673924863606158 -5.21194440164389e-17 -0.884049921494053
vn -0.22252094894866978 -4.2844521563675134e-17 -0.9749279087599162
vn -0.9937122101007018 0 0.1119644742620565
vn -0.9749279087599162 0 0.22252094894866978
vn -0.9166182742350064 0 0.3997636043194008
vn -0.8046809644761854 0 0.5937074577682817
vn -0.6523935868937095 1.2100792231269208e-16 0.7578803386946781
vn -0.4673924863606158 6.633925632275321e-17 0.884049921494053
vn -0.25895437128765914 0 0.9658895555864622
vn -0.1119644742620565 0 0.9937122101007018
vn -0.9937122101007018 0 0.1119644742620565
vn -0.1119644742620565 0 0.9937122101007018
vn -0.18577396204168745 0 0.9825925071092969
vn -0.3997636043194008 0 0.9166182742350064
vn -0.5937074577682817 1.2100792409417912e-16 0.8046809644761854
vn -0.7578803386946781 5.466865847219812e-17 0.6523935868937095
vn -0.884049921494053 0 0.4673924863606158
vn -0.9749279087599162 0 0.22252094894866978
vn 0.1119644742620565 0 0.9937122101007018
vn 0.22252094894866978 0 0.9749279087599162
vn 0.3997636043194008 0 0.9166182742350064
vn 0.5937074577682817 -1.2100288160103348e-16 0.8046809644761854
vn 0.7578803386946781 -5.540049163821643e-17 0.6523935868937095
vn 0.884049921494053 0 0.4673924863606158
vn 0.9658895555864622 0 0.25895437128765914
vn 0.9937122101007018 0 0.1119644742620565
vn 0.1119644742620565 0 0.9937122101007018
vn 0.9937122101007018 0 0.1119644742620565
vn 0.9825925071092969 0 0.18577396204168745
vn 0.9166182742350064 0 0.3997636043194008
vn 0.8046809644761854 0 0.5937074577682817
vn 0.6523935868937095 -1.2100287981962069e-16 0.7578803386946781
vn 0.4673924863606158 -6.560239067333453e-17 0.884049921494053
vn 0.22252094894866978 0 0.9749279087599162
vn 0.9937122101007018 0 -0.1119644742620565
vn 0.9749279087599162 0 -0.22252094894866978
vn 0.9166182742350064 0 -0.3997636043194008
vn 0.8046809644761854 0 -0.5937074577682817
vn 0.6523935868937095 0 -0.7578803386946781
vn 0.4673924863606158 0 -0.884049921494053
vn 0.25895437128765914 0 -0.9658895555864622
vn 0.1119644742620565 0 -0.9937122101007018
vn 0.9937122101007018 0 -0.1119644742620565
vn 0.1119644742620565 0 -0.9937122101007018
vn 0.18577396204168745 0 -0.9825925071092969
vn 0.3997636043194008 0 -0.9166182742350064
vn 0.5937074577682817 0 -0.8046809644761854
vn 0.7578803386946781 0 -0.6523935868937095
vn 0.884049921494053 0 -0.4673924863606158
vn 0.9749279087599162 0 -0.22252094894866978
vn 0.9937122101007018 6.542397024717926e-18 -0.1119644742620565
vn 0.9749279087599162 2.6005039929462208e-17 -0.22252094894866978
vn 0.9166182742350064 4.744739666010045e-17 -0.3997636043194008
vn 0.8046809644761854 7.040956925477121e-17 -0.5937074577682817
vn 0.6523935868937095 5.795222143419751e-17 -0.7578803386946781
vn 0.4673924863606158 5.1473283675021706e-17 -0.884049921494053
vn 0.25895437128765914 5.708578444528621e-17 -0.9658895555864622
vn 0.1119644742620565 2.903268691350143e-17 -0.9937122101007018
vn 0.9937122101007018 0 -0.1119644742620565
vn 0.1119644742620565 0 -0.9937122101007018
vn 0.18577396204168745 3.85979067649806e-17 -0.9825925071092969
vn 0.3997636043194008 5.402250348000214e-17 -0.9166182742350064
vn 0.5937074577682817 4.665257748316594e-17 -0.8046809644761854
vn 0.7578803386946781 6.323487481865374e-17 -0.6523935868937095
vn 0.884049921494053 5.63764889002107e-17 -0.4673924863606158
vn 0.9749279087599162 2.326012045763532e-17 -0.22252094894866978
vn -0.9937122101007018 1.3084794049435853e-17 0.1119644742620565
vn -0.9749279087599162 5.2010079858924415e-17 0.22252094894866978
vn -0.9166182742350064 2.5876747002828464e-17 0.3997636043194008
vn -0.8046809644761854 0 0.5937074577682817
vn -0.6523935868937095 0 0.7578803386946781
vn -0.4673924863606158 0 0.884049921494053
vn -0.25895437128765914 0 0.9658895555864622
vn -0.1119644742620565 0 0.9937122101007018
vn -0.9937122101007018 0 0.1119644742620565
vn -0.1119644742620565 0 0.9937122101007018
vn -0.18577396204168745 0 0.9825925071092969
vn -0.3997636043194008 0 0.9166182742350064
vn -0.5937074577682817 0 0.8046809644761854
vn -0.7578803386946781 0 0.6523935868937095
vn -0.884049921494053 0 0.4673924863606158
vn -0.9749279087599162 2.6005039929462208e-17 0.22252094894866978
vn 0.1119644742620565 0 0.9937122101007018
vn 0.22252094894866978 0 0.9749279087599162
vn 0.3997636043194008 0 0.9166182742350064
vn 0.5937074577682817 0 0.8046809644761854
vn 0.7578803386946781 0 0.6523935868937095
vn 0.884049921494053 0 0.4673924863606158
vn 0.9658895555864622 -3.337310744296036e-17 0.25895437128765914
vn 0.9937122101007018 -1.3084794049435853e-17 0.1119644742620565
vn 0.1119644742620565 0 0.9937122101007018
vn 0.9937122101007018 0 0.1119644742620565
vn 0.9825925071092969 -3.337310622065129e-17 0.18577396204168745
vn 0.9166182742350064 -2.4600896944169297e-17 0.3997636043194008
vn 0.8046809644761854 0 0.5937074577682817
vn 0.6523935868937095 0 0.7578803386946781
vn 0.4673924863606158 0 0.884049921494053
vn 0.22252094894866978 0 0.9749279087599162
vn 0 0 1
vn 0 0 1
vn 0 0 1
vn 0 0 1
vn 0 0 1
vn 0 0 1
vn 0 0 1
vn 0 0 1
vn 0 0 1
vn 0 0 1
vn 0 0 1
vn 0 0 1
vn 0 0 1
vn 0 0 1
vn 0 0 1
vn 0 0 1
vn 0 0 1
vn 0 0 1
vn 0 0 1
vn 0 0 1
vn 0 0 1
vn 0 0 1
vn 0 0 1
vn 0 0 1
vn 0 0 1
vn 0 0 1
vn 0 0 1
vn 0 0 1
vn 0 0 1
vn 0 0 1
vn 0 0 1
vn 0 0 1
vn 0 0 1
vn 0 0 1
vn 0 0 1
vn 0 0 1
vn 0 0 1
vn 0 0 1
vn 0 0 1
vn 0 0 1
vn 0 0 1
vn 0 0 1
vn 0 0 1
vn 0 0 1
vn 0 0 1
vn 0 0 1
vn 0 0 1
vn 0 0 1
vn 0 0 1
vn 0 0 1
vn 0 0 1
vn 0 0 1
vn 0 0 1
vn 0 0 1
vn 0 0 1
vn 0 0 1
vn 0 0 1
vn 0 0 1
vn 0 0 1
vn 0 0 1
vn 0 0 1
vn 0 0 1
vn 0 0 1
vn 0 0 1
vn 0 0 1
vn 0 0 1
vn 0 0 1
vn 0 0 1
vn 0 0 1
vn 0 0 1
vn 0 0 1
vn 0 0 1
vn 0 0 1
vn 0 0 1
vn 0 0 1
vn 0 0 1
vn 0 0 1
vn 0 0 1
vn 0 0 1
vn 0 0 1
vn 0 0 1
vn 0 0 1
vn 0 0 1
vn 0 0 1
vn 0 0 1
vn 0 0 1
vn 0 0 1
vn 0 0 1
vn 0 0 1
vn 0 0 1
vn 0 0 1
vn 0 0 1
vn 0 0 1
vn 0 0 1
vn 0 0 1
vn 0 0 1
vn 0 0 1
vn 0 0 1
vn 0 0 1
vn 0 0 1
vn 0 0 1
vn 0 0 1
vn 0 0 1
vn 0 0 1
vn 0 0 1
vn 0 0 1
vn 0 0 1
vn 0 0 1
vn 0 0 1
vn 0 0 1
vn 0 0 1
vn 0 0 1
vn 0 0 1
vn 0 0 1
vn 0 0 1
vn 0 0 1
vn 0 0 1
vn 0 0 1
vn 0 0 1
vn 0 0 1
vn 0 0 1
vn 0 0 1
vn 0 0 1
vn 0 1 0
vn 0 1 0
vn 0 1 0
vn 0 1 0
vn 0.7071067811865475 0.7071067811865475 0
vn 0.7071067811865475 0.7071067811865475 0
vn 0.7071067811865475 0.7071067811865475 0
vn 0.7071067811865475 0.7071067811865475 0
vn 1 -1.389950493848867e-16 3.526658733584722e-16
vn 1 -2.815145499237393e-16 0
vn 1 2.6792708265859627e-16 6.797993149505028e-16
vn 1 1.1102230246251565e-14 0
vn 1 0 3.4830524186688864e-16
vn 0.7071067811865475 -0.7071067811865475 0
vn 0.7071067811865475 -0.7071067811865475 0
vn 0.7071067811865475 -0.7071067811865475 0
vn 0.7071067811865475 -0.7071067811865475 0
vn 0 -1 0
vn 0 -1 0
vn 0 -1 0
vn 0 -1 0
vn 0 0 -1
vn 0 0 -1
vn 0 0 -1
vn 0 0 -1
vn 0 0 -1
vn 0 0 -1
vn 0 0 -1
vn 0 0 -1
vn 0 0 -1
vn 0 0 -1
vn 0 0 -1
vn 0 0 -1
vn 0 0 -1
vn 0 0 -1
vn 0 0 -1
vn 0 0 -1
vn 0 0 -1
vn 0 0 -1
vn 0 0 -1
vn 0 0 -1
vn 0 0 -1
vn 0 0 -1
vn 0 0 -1
vn 0 0 -1
vn 0 0 -1
vn 0 0 -1
vn 0 0 -1
vn 0 0 -1
vn 0 0 -1
vn 0 0 -1
vn 0 0 -1
vn 0 0 -1
vn 0 0 -1
vn 0 0 -1
vn 0 0 -1
vn 0 0 -1
vn 0 0 -1
vn 0 0 -1
vn 0 0 -1
vn 0 0 -1
vn 0 0 -1
vn 0 0 -1
vn 0 0 -1
vn 0 0 -1
vn 0 0 -1
vn 0 0 -1
vn 0 0 -1
vn 0 0 -1
vn 0 0 -1
vn 0 0 -1
vn 0 0 -1
vn 0 0 -1
vn 0 0 -1
vn 0 0 -1
vn 0 0 -1
vn 0 0 -1
vn 0 0 -1
vn 0 0 -1
vn 0 0 -1
vn 0 0 -1
vn 0 0 -1
vn 0 0 -1
vn 0 0 -1
vn 0 0 -1
vn 0 0 -1
vn 0 0 -1
vn 0 0 -1
vn 0 0 -1
vn 0 0 -1
vn 0 0 -1
vn 0 0 -1
vn 0 0 -1
vn 0 0 -1
vn 0 0 -1
vn 0 0 -1
vn 0 0 -1
vn 0 0 -1
vn 0 0 -1
vn 0 0 -1
vn 0 0 -1
vn 0 0 -1
vn 0 0 -1
vn 0 0 -1
vn 0 0 -1
vn 0 0 -1
vn 0 0 -1
vn 0 0 -1
vn 0 0 -1
vn 0 0 -1
vn 0 0 -1
vn 0 0 -1
vn 0 0 -1
vn 0 0 -1
vn 0 0 -1
vn 0 0 -1
vn 0 0 -1
vn 0 0 -1
vn 0 0 -1
vn 0 0 -1
vn 0 0 -1
vn 0 0 -1
vn 0 0 -1
vn 0 0 -1
vn 0 0 -1
vn 0 0 -1
vn 0 0 -1
vn 0 0 -1
vn 0 0 -1
vn 0 0 -1
vn 0 0 -1
vn 0 0 -1
vn 0 0 -1
vn 0 0 -1
vn 0 0 -1
vn 0 0 -1
vn 0 0 -1
vn 0 0 -1
vn 0 0 -1
vn 0 0 -1
vn 0 0 -1
vn 0 0 -1
vn 0 0 -1
vn 0 0 -1
vn 0 0 -1
vn 0 0 -1
vn 0 0 -1
vn 0 0 -1
vn 0 0 -1
vn 0 0 -1
vn 0 0 -1
vn 0 0 -1
vn 0 0 -1
vn 0 0 -1
vn 0 0 -1
vn 0 0 -1
vn 0 0 -1
vn 0 0 -1
vn 0 0 -1
vn 0 0 -1
vn 0 0 -1
vn 0 0 -1
vn 0 0 -1
vn 0 0 -1
vn 0 0 -1
vn 0 0 -1
vn 0 0 -1
vn 0 0 -1
vn 0 0 -1
vn 0 0 -1
vn 0 0 -1
vn -1 0 0
vn -1 0 0
vn -1 0 0
vn -1 0 0
vn 1 0 0
vn 1 0 0
vn 1 0 0
vn 1 0 0
vn 0 -1 0
vn 0 -1 0
vn 0 -1 0
vn 0 -1 0
vn 0 1 0
vn 0 1 0
vn 0 1 0
vn 0 1 0
vn 0 0 -1
vn 0 0 -1
vn 0 0 -1
vn 0 0 -1
vn -1 0 0
vn -1 0 0
vn -1 0 0
vn -1 0 0
vn 1 0 0
vn 1 0 0
vn 1 0 0
vn 1 0 0
vn 0 -1 -6.579099718902019e-16
vn 0 -1 -6.579099718902019e-16
vn 0 -1 -6.579099718902019e-16
vn 0 -1 -6.579099718902019e-16
vn 0 1 0
vn 0 1 0
vn 0 1 0
vn 0 1 0
vn 0 0 -1
vn 0 0 -1
vn 0 0 -1
vn 0 0 -1
vn -1 0 0
vn -1 0 0
vn -1 0 0
vn -1 0 0
vn 1 0 0
vn 1 0 0
vn 1 0 0
vn 1 0 0
vn 0 -1 -1.3158198908408446e-16
vn 0 -1 -1.3158198908408446e-16
vn 0 -1 -1.3158198908408446e-16
vn 0 -1 -1.3158198908408446e-16
vn 0 1 0
vn 0 1 0
vn 0 1 0
vn 0 1 0
vn 0.7071067811865475 0.7071067811865475 0
vn 0.7071067811865475 0.7071067811865475 0
vn 0.7071067811865475 0.7071067811865475 0
vn 0.7071067811865475 0.7071067811865475 0
vn 0.7071067811865475 -0.7071067811865475 -2.462890214311114e-16
vn 0.7071067811865475 -0.7071067811865475 3.253755361576878e-17
vn 0.7071067811865475 -0.7071067811865475 3.1136412866264893e-16
vn 0.7071067811865475 -0.7071067811865475 3.253755361576878e-17
vn -0.7071067811865475 -0.7071067811865475 -1.9771621270105686e-15
vn -0.7071067811865475 -0.7071067811865475 -1.6966619736499494e-15
vn -0.7071067811865475 -0.7071067811865475 -1.6966619736499494e-15
vn -0.7071067811865475 -0.7071067811865475 -1.4161618202893303e-15
vn -0.7071067811865475 0.7071067811865475 1.2454564881808157e-16
vn -0.7071067811865475 0.7071067811865475 0
vn -0.7071067811865475 0.7071067811865475 1.2454564881808157e-16
vn -0.7071067811865475 0.7071067811865475 2.4909129763616314e-16
vn 0 1 0
vn 0 1 0
vn 0 1 0
vn 0 1 0
vn 0 -1 0
vn 5.762714541261748e-16 -1 -3.4830526833666824e-16
vn 5.762714541261748e-16 -1 -3.4830526833666824e-16
vn 1.1525429082523495e-15 -1 -6.966105366733365e-16
vn 0.7071067811865475 0.7071067811865475 3.694335321466671e-16
vn 0.7071067811865475 0.7071067811865475 0
vn 0.7071067811865475 0.7071067811865475 7.388670642933342e-16
vn 0.7071067811865475 0.7071067811865475 3.694335321466671e-16
vn 0.7071067811865475 -0.7071067811865475 7.696531655024431e-16
vn 0.7071067811865475 -0.7071067811865475 9.851560857244456e-16
vn 0.7071067811865475 -0.7071067811865475 7.696531655024431e-16
vn 0.7071067811865475 -0.7071067811865475 5.541502982200006e-16
vn -0.7071067811865475 -0.7071067811865475 -2.3352309120303072e-15
vn -0.7071067811865475 -0.7071067811865475 -5.82679056586044e-16
vn -0.7071067811865475 -0.7071067811865475 -5.82679056586044e-16
vn -0.7071067811865475 -0.7071067811865475 1.169872798858219e-15
vn -0.7071067811865475 0.7071067811865475 1.2454564881808157e-16
vn -0.7071067811865475 0.7071067811865475 0
vn -0.7071067811865475 0.7071067811865475 1.2454564881808157e-16
vn -0.7071067811865475 0.7071067811865475 2.4909129763616314e-16
vn 0 1 0
vn 0 1 0
vn 0 1 0
vn 0 1 0
vn 0 -1 0
vn 5.762714541261748e-16 -1 -3.4830526833666824e-16
vn 5.762714541261748e-16 -1 -3.4830526833666824e-16
vn 1.1525429082523495e-15 -1 -6.966105366733365e-16
vn 0.7071067811865475 0.7071067811865475 3.694335321466671e-16
vn 0.7071067811865475 0.7071067811865475 0
vn 0.7071067811865475 0.7071067811865475 7.388670642933342e-16
vn 0.7071067811865475 0.7071067811865475 3.694335321466671e-16
vn 0.7071067811865475 -0.7071067811865475 2.462890214311114e-16
vn 0.7071067811865475 -0.7071067811865475 9.20080952023128e-17
vn 0.7071067811865475 -0.7071067811865475 -6.227282440904079e-17
vn 0.7071067811865475 -0.7071067811865475 9.20080952023128e-17
vn -0.7071067811865475 -0.7071067811865475 -7.472738664387094e-16
vn -0.7071067811865475 -0.7071067811865475 -3.4285080554046576e-16
vn -0.7071067811865475 -0.7071067811865475 -3.4285080554046576e-16
vn -0.7071067811865475 -0.7071067811865475 6.157225535777785e-17
vn -0.7071067811865475 0.7071067811865475 -1.0897744106146013e-16
vn -0.7071067811865475 0.7071067811865475 0
vn -0.7071067811865475 0.7071067811865475 -1.0897744106146013e-16
vn -0.7071067811865475 0.7071067811865475 -2.1795488212292025e-16
vn 0 1 0
vn 0 1 0
vn 0 1 0
vn 0 1 0
vn 0 -1 0
vn 5.762714541261748e-16 -1 -3.4830526833666824e-16
vn 5.762714541261748e-16 -1 -3.4830526833666824e-16
vn 1.1525429082523495e-15 -1 -6.966105366733365e-16
vn 0.7071067811865475 0.7071067811865475 1.0775144687611123e-16
vn 0.7071067811865475 0.7071067811865475 0
vn 0.7071067811865475 0.7071067811865475 2.1550289375222247e-16
vn 0.7071067811865475 0.7071067811865475 1.0775144687611123e-16
vn 0.7071067811865475 -0.7071067811865475 -4.771849657878883e-16
vn 0.7071067811865475 -0.7071067811865475 3.4521521864385254e-16
vn 0.7071067811865475 -0.7071067811865475 1.1676154560151536e-15
vn 0.7071067811865475 -0.7071067811865475 3.4521521864385254e-16
vn -0.7071067811865475 -0.7071067811865475 6.227282440904079e-17
vn -0.7071067811865475 -0.7071067811865475 -5.230138959416478e-16
vn -0.7071067811865475 -0.7071067811865475 -5.230138959416478e-16
vn -0.7071067811865475 -0.7071067811865475 -1.1083005964400013e-15
vn -0.7071067811865475 0.7071067811865475 9.340923330483868e-17
vn -0.7071067811865475 0.7071067811865475 0
vn -0.7071067811865475 0.7071067811865475 9.340923330483868e-17
vn -0.7071067811865475 0.7071067811865475 1.8681846660967736e-16
vn 0 1 0
vn 0 1 0
vn 0 1 0
vn 0 1 0
vn 0 -1 0
vn -5.762714541261748e-16 -1 3.4830526833666824e-16
vn -5.762714541261748e-16 -1 3.4830526833666824e-16
vn -1.1525429082523495e-15 -1 6.966105366733365e-16
vn 0.7071067811865475 0.7071067811865475 4.00219659825556e-16
vn 0.7071067811865475 0.7071067811865475 0
vn 0.7071067811865475 0.7071067811865475 8.00439319651112e-16
vn 0.7071067811865475 0.7071067811865475 4.00219659825556e-16
vn 0.7071067811865475 -0.7071067811865475 4.925780428622228e-16
vn 0.7071067811865475 -0.7071067811865475 1.840161904046256e-16
vn 0.7071067811865475 -0.7071067811865475 -1.2454564881808157e-16
vn 0.7071067811865475 -0.7071067811865475 1.840161904046256e-16
vn -0.7071067811865475 -0.7071067811865475 0
vn -0.7071067811865475 -0.7071067811865475 -4.3100578750444493e-16
vn -0.7071067811865475 -0.7071067811865475 -4.3100578750444493e-16
vn -0.7071067811865475 -0.7071067811865475 -8.620115750088899e-16
vn -0.7071067811865475 0.7071067811865475 0
vn -0.7071067811865475 0.7071067811865475 0
vn -0.7071067811865475 0.7071067811865475 0
vn -0.7071067811865475 0.7071067811865475 0
vn 0 1 0
vn 0 1 0
vn 0 1 0
vn 0 1 0
vn 0 -1 0
vn 0 -1 0
vn 0 -1 0
vn 0 -1 0
vn 0.7071067811865475 0.7071067811865475 0
vn 0.7071067811865475 0.7071067811865475 0
vn 0.7071067811865475 0.7071067811865475 0
vn 0.7071067811865475 0.7071067811865475 0
vn 0.7071067811865475 -0.7071067811865475 0
vn 0.7071067811865475 -0.7071067811865475 -4.359097642458405e-16
vn 0.7071067811865475 -0.7071067811865475 -8.71819528491681e-16
vn 0.7071067811865475 -0.7071067811865475 -4.359097642458405e-16
vn -0.7071067811865475 -0.7071067811865475 0
vn -0.7071067811865475 -0.7071067811865475 -1.8471676607333355e-16
vn -0.7071067811865475 -0.7071067811865475 -1.8471676607333355e-16
vn -0.7071067811865475 -0.7071067811865475 -3.694335321466671e-16
vn -0.7071067811865475 0.7071067811865475 0
vn -0.7071067811865475 0.7071067811865475 0
vn -0.7071067811865475 0.7071067811865475 0
vn -0.7071067811865475 0.7071067811865475 0
vn 0 1 0
vn 0 1 0
vn 0 1 0
vn 0 1 0
vn 0 -1 0
vn -5.762714541261748e-16 -1 3.4830526833666824e-16
vn -5.762714541261748e-16 -1 3.4830526833666824e-16
vn -1.1525429082523495e-15 -1 6.966105366733365e-16
vn 0.7071067811865475 0.7071067811865475 0
vn 0.7071067811865475 0.7071067811865475 0
vn 0.7071067811865475 0.7071067811865475 0
vn 0.7071067811865475 0.7071067811865475 0
vn 0.7071067811865475 -0.7071067811865475 4.925780428622228e-16
vn 0.7071067811865475 -0.7071067811865475 -4.3092793988130405e-16
vn 0.7071067811865475 -0.7071067811865475 -1.354433975564391e-15
vn 0.7071067811865475 -0.7071067811865475 -4.3092793988130405e-16
vn 0 1 0
vn 0 1 0
vn 0 1 0
vn 0 1 0
vn 0 -1 0
vn 0 -1 0
vn 0 -1 0
vn 0 -1 0
vn -0.7071067811865475 -0.7071067811865475 -4.925780428622228e-16
vn -0.7071067811865475 -0.7071067811865475 -4.925780428622228e-16
vn -0.7071067811865475 -0.7071067811865475 -4.925780428622228e-16
vn -0.7071067811865475 -0.7071067811865475 -4.925780428622228e-16
vn -1 0 -6.966103778546589e-16
vn -1 0 -6.966105366733365e-16
vn -1 1.389950493848867e-16 -3.526658733584722e-16
vn -1 2.815145499237393e-16 0
vn -1 1.3727640630001791e-16 -3.569186404981788e-16
vn -0.7071067811865475 0.7071067811865475 0
vn -0.7071067811865475 0.7071067811865475 0
vn -0.7071067811865475 0.7071067811865475 0
vn -0.7071067811865475 0.7071067811865475 0
vn 0 0 -1
vn 0 0 -1
vn 0 0 -1
vn 0 0 -1
vn -1 0 0
vn -1 0 0
vn -1 0 0
vn -1 0 0
vn 1 0 0
vn 1 0 0
vn 1 0 0
vn 1 0 0
vn 0 -1 0
vn 0 -1 0
vn 0 -1 0
vn 0 -1 0
vn 0 1 0
vn 0 1 0
vn 0 1 0
vn 0 1 0
vn 0 0 -1
vn 0 0 -1
vn 0 0 -1
vn 0 0 -1
vn -1 0 0
vn -1 0 0
vn -1 0 0
vn -1 0 0
vn 1 0 0
vn 1 0 0
vn 1 0 0
vn 1 0 0
vn 0 -1 -6.579099718902019e-16
vn 0 -1 -6.579099718902019e-16
vn 0 -1 -6.579099718902019e-16
vn 0 -1 -6.579099718902019e-16
vn 0 1 0
vn 0 1 0
vn 0 1 0
vn 0 1 0
vn 0 0 -1
vn 0 0 -1
vn 0 0 -1
vn 0 0 -1
vn -1 0 0
vn -1 0 0
vn -1 0 0
vn -1 0 0
vn 1 0 0
vn 1 0 0
vn 1 0 0
vn 1 0 0
vn 0 -1 -1.3158198908408446e-16
vn 0 -1 -1.3158198908408446e-16
vn 0 -1 -1.3158198908408446e-16
vn 0 -1 -1.3158198908408446e-16
vn 0 1 0
vn 0 1 0
vn 0 1 0
vn 0 1 0
vn 0 0 -1
vn 0 0 -1
vn 0 0 -1
vn 0 0 -1
vn -1 0 0
vn -1 0 0
vn -1 0 0
vn -1 0 0
vn 1 0 0
vn 1 0 0
vn 1 0 0
vn 1 0 0
vn 0 -1 0
vn 0 -1 0
vn 0 -1 0
vn 0 -1 0
vn 0 1 0
vn 0 1 0
vn 0 1 0
vn 0 1 0
vn 0 0 -1
vn 0 0 -1
vn 0 0 -1
vn 0 0 -1
vn -1 0 0
vn -1 0 0
vn -1 0 0
vn -1 0 0
vn 1 0 0
vn 1 0 0
vn 1 0 0
vn 1 0 0
vn 0 -1 -6.579099718902019e-16
vn 0 -1 -6.579099718902019e-16
vn 0 -1 -6.579099718902019e-16
vn 0 -1 -6.579099718902019e-16
vn 0 1 0
vn 0 1 0
vn 0 1 0
vn 0 1 0
vn 0 0 -1
vn 0 0 -1
vn 0 0 -1
vn 0 0 -1
vn -1 0 0
vn -1 0 0
vn -1 0 0
vn -1 0 0
vn 1 0 0
vn 1 0 0
vn 1 0 0
vn 1 0 0
vn 0 -1 -1.3158198908408446e-16
vn 0 -1 -1.3158198908408446e-16
vn 0 -1 -1.3158198908408446e-16
vn 0 -1 -1.3158198908408446e-16
vn 0 1 0
vn 0 1 0
vn 0 1 0
vn 0 1 0
vn 0 0 -1
vn 0 0 -1
vn 0 0 -1
vn 0 0 -1
vn -1 0 0
vn -1 0 0
vn -1 0 0
vn -1 0 0
vn 1 0 0
vn 1 0 0
vn 1 0 0
vn 1 0 0
vn 0 -1 0
vn 0 -1 0
vn 0 -1 0
vn 0 -1 0
vn 0 1 0
vn 0 1 0
vn 0 1 0
vn 0 1 0
vn 0 0 -1
vn 0 0 -1
vn 0 0 -1
vn 0 0 -1
vn -1 0 0
vn -1 0 0
vn -1 0 0
vn -1 0 0
vn 1 0 0
vn 1 0 0
vn 1 0 0
vn 1 0 0
vn 0 -1 -6.579099718902019e-16
vn 0 -1 -6.579099718902019e-16
vn 0 -1 -6.579099718902019e-16
vn 0 -1 -6.579099718902019e-16
vn 0 1 0
vn 0 1 0
vn 0 1 0
vn 0 1 0
vn 0 0 -1
vn 0 0 -1
vn 0 0 -1
vn 0 0 -1
vn -1 0 0
vn -1 0 0
vn -1 0 0
vn -1 0 0
vn 1 0 0
vn 1 0 0
vn 1 0 0
vn 1 0 0
vn 0 -1 -1.3158198908408446e-16
vn 0 -1 -1.3158198908408446e-16
vn 0 -1 -1.3158198908408446e-16
vn 0 -1 -1.3158198908408446e-16
vn 0 1 0
vn 0 1 0
vn 0 1 0
vn 0 1 0
vn 0 0 -1
vn 0 0 -1
vn 0 0 -1
vn 0 0 -1
vn -1 0 0
vn -1 0 0
vn -1 0 0
vn -1 0 0
vn 1 0 0
vn 1 0 0
vn 1 0 0
vn 1 0 0
vn 0 -1 0
vn 0 -1 0
vn 0 -1 0
vn 0 -1 0
vn 0 1 0
vn 0 1 0
vn 0 1 0
vn 0 1 0
vn 0 0 -1
vn 0 0 -1
vn 0 0 -1
vn 0 0 -1
vn -1 0 0
vn -1 0 0
vn -1 0 0
vn -1 0 0
vn 1 0 0
vn 1 0 0
vn 1 0 0
vn 1 0 0
vn 0 -1 -6.579099718902019e-16
vn 0 -1 -6.579099718902019e-16
vn 0 -1 -6.579099718902019e-16
vn 0 -1 -6.579099718902019e-16
vn 0 1 0
vn 0 1 0
vn 0 1 0
vn 0 1 0
vn 0 0 -1
vn 0 0 -1
vn 0 0 -1
vn 0 0 -1
vn -1 0 0
vn -1 0 0
vn -1 0 0
vn -1 0 0
vn 1 0 0
vn 1 0 0
vn 1 0 0
vn 1 0 0
vn 0 -1 -1.3158198908408446e-16
vn 0 -1 -1.3158198908408446e-16
vn 0 -1 -1.3158198908408446e-16
vn 0 -1 -1.3158198908408446e-16
vn 0 1 0
vn 0 1 0
vn 0 1 0
vn 0 1 0
vn 0 0 -1
vn 0 0 -1
vn 0 0 -1
vn 0 0 -1
vn -1 0 0
vn -1 0 0
vn -1 0 0
vn -1 0 0
vn 1 0 0
vn 1 0 0
vn 1 0 0
vn 1 0 0
vn 0 -1 0
vn 0 -1 0
vn 0 -1 0
vn 0 -1 0
vn 0 1 0
vn 0 1 0
vn 0 1 0
vn 0 1 0
vn 0 0 -1
vn 0 0 -1
vn 0 0 -1
vn 0 0 -1
vn -1 0 0
vn -1 0 0
vn -1 0 0
vn -1 0 0
vn 1 0 0
vn 1 0 0
vn 1 0 0
vn 1 0 0
vn 0 -1 -6.579099718902019e-16
vn 0 -1 -6.579099718902019e-16
vn 0 -1 -6.579099718902019e-16
vn 0 -1 -6.579099718902019e-16
vn 0 1 0
vn 0 1 0
vn 0 1 0
vn 0 1 0
vn 0 0 -1
vn 0 0 -1
vn 0 0 -1
vn 0 0 -1
vn -1 0 0
vn -1 0 0
vn -1 0 0
vn -1 0 0
vn 1 0 0
vn 1 0 0
vn 1 0 0
vn 1 0 0
vn 0 -1 -1.3158198908408446e-16
vn 0 -1 -1.3158198908408446e-16
vn 0 -1 -1.3158198908408446e-16
vn 0 -1 -1.3158198908408446e-16
vn 0 1 0
vn 0 1 0
vn 0 1 0
vn 0 1 0
vn 0 0 -1
vn 0 0 -1
vn 0 0 -1
vn 0 0 -1
vn -1 0 0
vn -1 0 0
vn -1 0 0
vn -1 0 0
vn 1 0 0
vn 1 0 0
vn 1 0 0
vn 1 0 0
vn 0 -1 0
vn 0 -1 0
vn 0 -1 0
vn 0 -1 0
vn 0 1 0
vn 0 1 0
vn 0 1 0
vn 0 1 0
vn 0 0 -1
vn 0 0 -1
vn 0 0 -1
vn 0 0 -1
vn -1 0 0
vn -1 0 0
vn -1 0 0
vn -1 0 0
vn 1 0 0
vn 1 0 0
vn 1 0 0
vn 1 0 0
vn 0 -1 -6.579099718902019e-16
vn 0 -1 -6.579099718902019e-16
vn 0 -1 -6.579099718902019e-16
vn 0 -1 -6.579099718902019e-16
vn 0 1 0
vn 0 1 0
vn 0 1 0
vn 0 1 0
vn 0 0 -1
vn 0 0 -1
vn 0 0 -1
vn 0 0 -1
vn -1 0 0
vn -1 0 0
vn -1 0 0
vn -1 0 0
vn 1 0 0
vn 1 0 0
vn 1 0 0
vn 1 0 0
vn 0 -1 -1.3158198908408446e-16
vn 0 -1 -1.3158198908408446e-16
vn 0 -1 -1.3158198908408446e-16
vn 0 -1 -1.3158198908408446e-16
vn 0 1 0
vn 0 1 0
vn 0 1 0
vn 0 1 0
vn 0 0 -1
vn 0 0 -1
vn 0 0 -1
vn 0 0 -1
vn -1 0 0
vn -1 0 0
vn -1 0 0
vn -1 0 0
vn 1 0 0
vn 1 0 0
vn 1 0 0
vn 1 0 0
vn 0 -1 0
vn 0 -1 0
vn 0 -1 0
vn 0 -1 0
vn 0 1 0
vn 0 1 0
vn 0 1 0
vn 0 1 0
vn 0 0 -1
vn 0 0 -1
vn 0 0 -1
vn 0 0 -1
vn -1 0 0
vn -1 0 0
vn -1 0 0
vn -1 0 0
vn 1 0 0
vn 1 0 0
vn 1 0 0
vn 1 0 0
vn 0 -1 -6.579099718902019e-16
vn 0 -1 -6.579099718902019e-16
vn 0 -1 -6.579099718902019e-16
vn 0 -1 -6.579099718902019e-16
vn 0 1 0
vn 0 1 0
vn 0 1 0
vn 0 1 0
vn 0 0 -1
vn 0 0 -1
vn 0 0 -1
vn 0 0 -1
vn -1 0 0
vn -1 0 0
vn -1 0 0
vn -1 0 0
vn 1 0 0
vn 1 0 0
vn 1 0 0
vn 1 0 0
vn 0 -1 -1.3158198908408446e-16
vn 0 -1 -1.3158198908408446e-16
vn 0 -1 -1.3158198908408446e-16
vn 0 -1 -1.3158198908408446e-16
vn 0 1 0
vn 0 1 0
vn 0 1 0
vn 0 1 0
vn 0 0 1
vn 0 0 1
vn 0 0 1
vn 0 0 1
vn 0 0 1
vn 0 0 1
vn 0 0 1
vn 0 0 1
vn 0 0 1
vn 0 0 1
vn 0 0 1
vn 0 0 1
vn 0 0 1
vn 0 0 1
vn 0 0 1
vn 0 0 1
vn 0 0 1
vn 0 0 1
vn 0 0 1
vn 0 0 1
vn 0 0 -1
vn 0 0 -1
vn 0 0 -1
vn 0 0 -1
vn 0 0 -1
vn 0 0 -1
vn 0 0 -1
vn 0 0 -1
vn 0 0 -1
vn 0 0 -1
vn 0 0 -1
vn 0 0 -1
vn 0 0 -1
vn 0 0 -1
vn 0 0 -1
vn 0 0 -1
vn 0 0 -1
vn 0 0 -1
vn 0.7071067811865475 -0.7071067811865475 0
vn 0.7071067811865475 -0.7071067811865475 0
vn 0.7071067811865475 -0.7071067811865475 0
vn 0.7071067811865475 -0.7071067811865475 0
vn 1 0 0
vn 1 0 0
vn 1 0 0
vn 1 0 0
vn 1 0 0
vn 0.7071067811865475 0.7071067811865475 0
vn 0.7071067811865475 0.7071067811865475 0
vn 0.7071067811865475 0.7071067811865475 0
vn 0.7071067811865475 0.7071067811865475 0
vn 0 1 0
vn 0 1 0
vn 0 1 0
vn 0 1 0
vn -0.7071067811865475 0.7071067811865475 0
vn -0.7071067811865475 0.7071067811865475 0
vn -0.7071067811865475 0.7071067811865475 0
vn -0.7071067811865475 0.7071067811865475 0
vn -1 -6.909205399105965e-17 1.7232211655997877e-16
vn -1 0 0
vn -1 -2.6493014774231255e-16 3.3038043651621154e-16
vn -1 -4.800964110312535e-15 0
vn -1 -1.3622367669547883e-16 1.6987736771596605e-16
vn -0.7071067811865475 -0.7071067811865475 0
vn -0.7071067811865475 -0.7071067811865475 0
vn -0.7071067811865475 -0.7071067811865475 0
vn -0.7071067811865475 -0.7071067811865475 0
vn 0 -1 0
vn 0 -1 0
vn 0 -1 0
vn 0 -1 0
vn 0 0 1
vn 0 0 1
vn 0 0 1
vn 0 0 1
vn -1 0 0
vn -1 0 0
vn -1 0 0
vn -1 0 0
vn 1 0 0
vn 1 0 0
vn 1 0 0
vn 1 0 0
vn 0 -1 0
vn 0 -1 0
vn 0 -1 0
vn 0 -1 0
vn 0 1 4.1568411878256726e-16
vn 0 1 4.1568411878256726e-16
vn 0 1 4.1568411878256726e-16
vn 0 1 4.1568411878256726e-16
vn 0 -1.0931425856968544e-14 1
vn 0 -1.0931425856968544e-14 1
vn 0 -1.0931425856968544e-14 1
vn 0 -1.0931425856968544e-14 1
vn -1 0 0
vn -1 0 0
vn -1 0 0
vn -1 0 0
vn 1 0 0
vn 1 0 0
vn 1 0 0
vn 1 0 0
vn 0 -1 0
vn 0 -1 0
vn 0 -1 0
vn 0 -1 0
vn 0 1 1.385613685158925e-16
vn 0 1 1.385613685158925e-16
vn 0 1 1.385613685158925e-16
vn 0 1 1.385613685158925e-16
vn 0 0 1
vn 0 0 1
vn 0 0 1
vn 0 0 1
vn -1 0 0
vn -1 0 0
vn -1 0 0
vn -1 0 0
vn 1 0 0
vn 1 0 0
vn 1 0 0
vn 1 0 0
vn 0 -1 0
vn 0 -1 0
vn 0 -1 0
vn 0 -1 0
vn 0 1 1.385613685158925e-16
vn 0 1 1.385613685158925e-16
vn 0 1 1.385613685158925e-16
vn 0 1 1.385613685158925e-16
vn 0 0 1
vn 0 0 1
vn 0 0 1
vn 0 0 1
vn 0 0 1
vn 0 0 1
vn 0 0 1
vn 0 0 1
vn 0 0 1
vn 0 0 1
vn 0 0 1
vn 0 0 1
vn 0 0 1
vn 0 0 1
vn 0 0 1
vn 0 0 1
vn 0 0 1
vn 0 0 1
vn 0 0 1
vn 0 0 1
vn 0 0 -1
vn 0 0 -1
vn 0 0 -1
vn 0 0 -1
vn 0 0 -1
vn 0 0 -1
vn 0 0 -1
vn 0 0 -1
vn 0 0 -1
vn 0 0 -1
vn 0 0 -1
vn 0 0 -1
vn 0 0 -1
vn 0 0 -1
vn 0 0 -1
vn 0 0 -1
vn 0 0 -1
vn 0 0 -1
vn 0.7071067811865475 -0.7071067811865475 0
vn 0.7071067811865475 -0.7071067811865475 0
vn 0.7071067811865475 -0.7071067811865475 0
vn 0.7071067811865475 -0.7071067811865475 0
vn 1 1.6558134895639024e-16 -4.2503557427849155e-16
vn 1 6.0012051378906684e-15 0
vn 1 -8.636506748882456e-17 -2.2169299360769217e-16
vn 1 -1.752522417525478e-16 0
vn 1 0 -2.1854782792563894e-16
vn 0.7071067811865475 0.7071067811865475 0
vn 0.7071067811865475 0.7071067811865475 0
vn 0.7071067811865475 0.7071067811865475 0
vn 0.7071067811865475 0.7071067811865475 0
vn 0 1 0
vn 0 1 0
vn 0 1 0
vn 0 1 0
vn -0.7071067811865475 0.7071067811865475 0
vn -0.7071067811865475 0.7071067811865475 0
vn -0.7071067811865475 0.7071067811865475 0
vn -0.7071067811865475 0.7071067811865475 0
vn -1 -1.381841079821193e-16 -5.032295531531703e-18
vn -1 -1.4020179340203825e-16 0
vn -1 -1.3246507387115628e-16 -9.648047722000078e-18
vn -1 0 0
vn -1 -1.3622367669547883e-16 -4.9609019864525574e-18
vn -0.7071067811865475 -0.7071067811865475 0
vn -0.7071067811865475 -0.7071067811865475 0
vn -0.7071067811865475 -0.7071067811865475 0
vn -0.7071067811865475 -0.7071067811865475 0
vn 0 -1 0
vn 0 -1 0
vn 0 -1 0
vn 0 -1 0
vn 0 0 1
vn 0 0 1
vn 0 0 1
vn 0 0 1
vn -1 0 0
vn -1 0 0
vn -1 0 0
vn -1 0 0
vn 1 0 0
vn 1 0 0
vn 1 0 0
vn 1 0 0
vn 0 -1 0
vn 0 -1 0
vn 0 -1 0
vn 0 -1 0
vn 0 1 4.1568411878256726e-16
vn 0 1 4.1568411878256726e-16
vn 0 1 4.1568411878256726e-16
vn 0 1 4.1568411878256726e-16
vn 0 -1.0931425856968544e-14 1
vn 0 -1.0931425856968544e-14 1
vn 0 -1.0931425856968544e-14 1
vn 0 -1.0931425856968544e-14 1
vn -1 0 0
vn -1 0 0
vn -1 0 0
vn -1 0 0
vn 1 0 0
vn 1 0 0
vn 1 0 0
vn 1 0 0
vn 0 -1 0
vn 0 -1 0
vn 0 -1 0
vn 0 -1 0
vn 0 1 1.385613685158925e-16
vn 0 1 1.385613685158925e-16
vn 0 1 1.385613685158925e-16
vn 0 1 1.385613685158925e-16
vn 0 0 1
vn 0 0 1
vn 0 0 1
vn 0 0 1
vn -1 0 0
vn -1 0 0
vn -1 0 0
vn -1 0 0
vn 1 0 0
vn 1 0 0
vn 1 0 0
vn 1 0 0
vn 0 -1 0
vn 0 -1 0
vn 0 -1 0
vn 0 -1 0
vn 0 1 1.385613685158925e-16
vn 0 1 1.385613685158925e-16
vn 0 1 1.385613685158925e-16
vn 0 1 1.385613685158925e-16
vn 0 0 1
vn 0 0 1
vn 0 0 1
vn 0 0 1
vn 0 0 1
vn 0 0 1
vn 0 0 1
vn 0 0 1
vn 0 0 1
vn 0 0 1
vn 0 0 1
vn 0 0 1
vn 0 0 1
vn 0 0 1
vn 0 0 1
vn 0 0 1
vn 0 0 1
vn 0 0 1
vn 0 0 1
vn 0 0 1
vn 0 0 -1
vn 0 0 -1
vn 0 0 -1
vn 0 0 -1
vn 0 0 -1
vn 0 0 -1
vn 0 0 -1
vn 0 0 -1
vn 0 0 -1
vn 0 0 -1
vn 0 0 -1
vn 0 0 -1
vn 0 0 -1
vn 0 0 -1
vn 0 0 -1
vn 0 0 -1
vn 0 0 -1
vn 0 0 -1
vn 0.7071067811865475 -0.7071067811865475 0
vn 0.7071067811865475 -0.7071067811865475 0
vn 0.7071067811865475 -0.7071067811865475 0
vn 0.7071067811865475 -0.7071067811865475 0
vn 1 -4.305115099335926e-16 1.1050925460636372e-15
vn 1 -1.560313462906516e-14 0
vn 1 2.2454917547094387e-16 5.764018442604927e-16
vn 1 4.556558153217345e-16 0
vn 1 0 5.682243764294629e-16
vn 0.7071067811865475 0.7071067811865475 0
vn 0.7071067811865475 0.7071067811865475 0
vn 0.7071067811865475 0.7071067811865475 0
vn 0.7071067811865475 0.7071067811865475 0
vn 0 1 0
vn 0 1 0
vn 0 1 0
vn 0 1 0
vn -0.7071067811865475 0.7071067811865475 0
vn -0.7071067811865475 0.7071067811865475 0
vn -0.7071067811865475 0.7071067811865475 0
vn -0.7071067811865475 0.7071067811865475 0
vn -1 -1.381841079821193e-16 -5.032295531531703e-18
vn -1 -1.4020179340203825e-16 0
vn -1 -1.3246507387115628e-16 -9.648047722000078e-18
vn -1 0 0
vn -1 -1.3622367669547883e-16 -4.9609019864525574e-18
vn -0.7071067811865475 -0.7071067811865475 0
vn -0.7071067811865475 -0.7071067811865475 0
vn -0.7071067811865475 -0.7071067811865475 0
vn -0.7071067811865475 -0.7071067811865475 0
vn 0 -1 0
vn 0 -1 0
vn 0 -1 0
vn 0 -1 0
vn 0 0 1
vn 0 0 1
vn 0 0 1
vn 0 0 1
vn -1 0 0
vn -1 0 0
vn -1 0 0
vn -1 0 0
vn 1 0 0
vn 1 0 0
vn 1 0 0
vn 1 0 0
vn 0 -1 0
vn 0 -1 0
vn 0 -1 0
vn 0 -1 0
vn 0 1 4.1568411878256726e-16
vn 0 1 4.1568411878256726e-16
vn 0 1 4.1568411878256726e-16
vn 0 1 4.1568411878256726e-16
vn 0 -1.0931425856968544e-14 1
vn 0 -1.0931425856968544e-14 1
vn 0 -1.0931425856968544e-14 1
vn 0 -1.0931425856968544e-14 1
vn -1 0 0
vn -1 0 0
vn -1 0 0
vn -1 0 0
vn 1 0 0
vn 1 0 0
vn 1 0 0
vn 1 0 0
vn 0 -1 0
vn 0 -1 0
vn 0 -1 0
vn 0 -1 0
vn 0 1 1.385613685158925e-16
vn 0 1 1.385613685158925e-16
vn 0 1 1.385613685158925e-16
vn 0 1 1.385613685158925e-16
vn 0 0 1
vn 0 0 1
vn 0 0 1
vn 0 0 1
vn -1 0 0
vn -1 0 0
vn -1 0 0
vn -1 0 0
vn 1 0 0
vn 1 0 0
vn 1 0 0
vn 1 0 0
vn 0 -1 0
vn 0 -1 0
vn 0 -1 0
vn 0 -1 0
vn 0 1 1.385613685158925e-16
vn 0 1 1.385613685158925e-16
vn 0 1 1.385613685158925e-16
vn 0 1 1.385613685158925e-16
vn 0 0 1
vn 0 0 1
vn 0 0 1
vn 0 0 1
vn 0 0 1
vn 0 0 1
vn 0 0 1
vn 0 0 1
vn 0 0 1
vn 0 0 1
vn 0 0 1
vn 0 0 1
vn 0 0 1
vn 0 0 1
vn 0 0 1
vn 0 0 1
vn 0 0 1
vn 0 0 1
vn 0 0 1
vn 0 0 1
vn 0 0 -1
vn 0 0 -1
vn 0 0 -1
vn 0 0 -1
vn 0 0 -1
vn 0 0 -1
vn 0 0 -1
vn 0 0 -1
vn 0 0 -1
vn 0 0 -1
vn 0 0 -1
vn 0 0 -1
vn 0 0 -1
vn 0 0 -1
vn 0 0 -1
vn 0 0 -1
vn 0 0 -1
vn 0 0 -1
vn 0.7071067811865475 -0.7071067811865475 0
vn 0.7071067811865475 -0.7071067811865475 0
vn 0.7071067811865475 -0.7071067811865475 0
vn 0.7071067811865475 -0.7071067811865475 0
vn 1 -6.623253693557814e-17 1.7001424294628642e-16
vn 1 -2.4004820551562674e-15 0
vn 1 3.4546026995529826e-17 8.867720273703279e-17
vn 1 7.010089670101912e-17 0
vn 1 0 8.741913381723354e-17
vn 0.7071067811865475 0.7071067811865475 0
vn 0.7071067811865475 0.7071067811865475 0
vn 0.7071067811865475 0.7071067811865475 0
vn 0.7071067811865475 0.7071067811865475 0
vn 0 1 0
vn 0 1 0
vn 0 1 0
vn 0 1 0
vn -0.7071067811865475 0.7071067811865475 0
vn -0.7071067811865475 0.7071067811865475 0
vn -0.7071067811865475 0.7071067811865475 0
vn -0.7071067811865475 0.7071067811865475 0
vn -1 -1.381841079821193e-16 -5.032295531531703e-18
vn -1 -1.4020179340203825e-16 0
vn -1 -1.3246507387115628e-16 -9.648047722000078e-18
vn -1 0 0
vn -1 -1.3622367669547883e-16 -4.9609019864525574e-18
vn -0.7071067811865475 -0.7071067811865475 0
vn -0.7071067811865475 -0.7071067811865475 0
vn -0.7071067811865475 -0.7071067811865475 0
vn -0.7071067811865475 -0.7071067811865475 0
vn 0 -1 0
vn 0 -1 0
vn 0 -1 0
vn 0 -1 0
vn 0 0 1
vn 0 0 1
vn 0 0 1
vn 0 0 1
vn -1 0 0
vn -1 0 0
vn -1 0 0
vn -1 0 0
vn 1 0 0
vn 1 0 0
vn 1 0 0
vn 1 0 0
vn 0 -1 0
vn 0 -1 0
vn 0 -1 0
vn 0 -1 0
vn 0 1 4.1568411878256726e-16
vn 0 1 4.1568411878256726e-16
vn 0 1 4.1568411878256726e-16
vn 0 1 4.1568411878256726e-16
vn 0 -1.0931425856968544e-14 1
vn 0 -1.0931425856968544e-14 1
vn 0 -1.0931425856968544e-14 1
vn 0 -1.0931425856968544e-14 1
vn -1 0 0
vn -1 0 0
vn -1 0 0
vn -1 0 0
vn 1 0 0
vn 1 0 0
vn 1 0 0
vn 1 0 0
vn 0 -1 0
vn 0 -1 0
vn 0 -1 0
vn 0 -1 0
vn 0 1 1.385613685158925e-16
vn 0 1 1.385613685158925e-16
vn 0 1 1.385613685158925e-16
vn 0 1 1.385613685158925e-16
vn 0 0 1
vn 0 0 1
vn 0 0 1
vn 0 0 1
vn -1 0 0
vn -1 0 0
vn -1 0 0
vn -1 0 0
vn 1 0 0
vn 1 0 0
vn 1 0 0
vn 1 0 0
vn 0 -1 0
vn 0 -1 0
vn 0 -1 0
vn 0 -1 0
vn 0 1 1.385613685158925e-16
vn 0 1 1.385613685158925e-16
vn 0 1 1.385613685158925e-16
vn 0 1 1.385613685158925e-16
vn 0 0 1
vn 0 0 1
vn 0 0 1
vn 0 0 1
vn 0 0 1
vn 0 0 1
vn 0 0 1
vn 0 0 1
vn 0 0 1
vn 0 0 1
vn 0 0 1
vn 0 0 1
vn 0 0 1
vn 0 0 1
vn 0 0 1
vn 0 0 1
vn 0 0 1
vn 0 0 1
vn 0 0 1
vn 0 0 1
vn 0 0 -1
vn 0 0 -1
vn 0 0 -1
vn 0 0 -1
vn 0 0 -1
vn 0 0 -1
vn 0 0 -1
vn 0 0 -1
vn 0 0 -1
vn 0 0 -1
vn 0 0 -1
vn 0 0 -1
vn 0 0 -1
vn 0 0 -1
vn 0 0 -1
vn 0 0 -1
vn 0 0 -1
vn 0 0 -1
vn 0.7071067811865475 -0.7071067811865475 0
vn 0.7071067811865475 -0.7071067811865475 0
vn 0.7071067811865475 -0.7071067811865475 0
vn 0.7071067811865475 -0.7071067811865475 0
vn 1 2.6493014774231255e-16 -6.800569717851457e-16
vn 1 9.60192822062507e-15 0
vn 1 -1.381841079821193e-16 -3.5470881094813115e-16
vn 1 -2.804035868040765e-16 0
vn 1 0 -3.4967653526893415e-16
vn 0.7071067811865475 0.7071067811865475 0
vn 0.7071067811865475 0.7071067811865475 0
vn 0.7071067811865475 0.7071067811865475 0
vn 0.7071067811865475 0.7071067811865475 0
vn 0 1 0
vn 0 1 0
vn 0 1 0
vn 0 1 0
vn -0.7071067811865475 0.7071067811865475 0
vn -0.7071067811865475 0.7071067811865475 0
vn -0.7071067811865475 0.7071067811865475 0
vn -0.7071067811865475 0.7071067811865475 0
vn -1 -1.381841079821193e-16 -5.032295531531703e-18
vn -1 -1.4020179340203825e-16 0
vn -1 -1.3246507387115628e-16 -9.648047722000078e-18
vn -1 0 0
vn -1 -1.3622367669547883e-16 -4.9609019864525574e-18
vn -0.7071067811865475 -0.7071067811865475 0
vn -0.7071067811865475 -0.7071067811865475 0
vn -0.7071067811865475 -0.7071067811865475 0
vn -0.7071067811865475 -0.7071067811865475 0
vn 0 -1 0
vn 0 -1 0
vn 0 -1 0
vn 0 -1 0
vn 0 0 1
vn 0 0 1
vn 0 0 1
vn 0 0 1
vn -1 0 0
vn -1 0 0
vn -1 0 0
vn -1 0 0
vn 1 0 0
vn 1 0 0
vn 1 0 0
vn 1 0 0
vn 0 -1 0
vn 0 -1 0
vn 0 -1 0
vn 0 -1 0
vn 0 1 4.1568411878256726e-16
vn 0 1 4.1568411878256726e-16
vn 0 1 4.1568411878256726e-16
vn 0 1 4.1568411878256726e-16
vn 0 -1.0931425856968544e-14 1
vn 0 -1.0931425856968544e-14 1
vn 0 -1.0931425856968544e-14 1
vn 0 -1.0931425856968544e-14 1
vn -1 0 0
vn -1 0 0
vn -1 0 0
vn -1 0 0
vn 1 0 0
vn 1 0 0
vn 1 0 0
vn 1 0 0
vn 0 -1 0
vn 0 -1 0
vn 0 -1 0
vn 0 -1 0
vn 0 1 1.385613685158925e-16
vn 0 1 1.385613685158925e-16
vn 0 1 1.385613685158925e-16
vn 0 1 1.385613685158925e-16
vn 0 0 1
vn 0 0 1
vn 0 0 1
vn 0 0 1
vn -1 0 0
vn -1 0 0
vn -1 0 0
vn -1 0 0
vn 1 0 0
vn 1 0 0
vn 1 0 0
vn 1 0 0
vn 0 -1 0
vn 0 -1 0
vn 0 -1 0
vn 0 -1 0
vn 0 1 1.385613685158925e-16
vn 0 1 1.385613685158925e-16
vn 0 1 1.385613685158925e-16
vn 0 1 1.385613685158925e-16
vn 0 0 1
vn 0 0 1
vn 0 0 1
vn 0 0 1
vn 0 0 1
vn 0 0 1
vn 0 0 1
vn 0 0 1
vn 0 0 1
vn 0 0 1
vn 0 0 1
vn 0 0 1
vn 0 0 1
vn 0 0 1
vn 0 0 1
vn 0 0 1
vn 0 0 1
vn 0 0 1
vn 0 0 1
vn 0 0 1
vn 0 0 -1
vn 0 0 -1
vn 0 0 -1
vn 0 0 -1
vn 0 0 -1
vn 0 0 -1
vn 0 0 -1
vn 0 0 -1
vn 0 0 -1
vn 0 0 -1
vn 0 0 -1
vn 0 0 -1
vn 0 0 -1
vn 0 0 -1
vn 0 0 -1
vn 0 0 -1
vn 0 0 -1
vn 0 0 -1
vn 0.7071067811865475 -0.7071067811865475 0
vn 0.7071067811865475 -0.7071067811865475 0
vn 0.7071067811865475 -0.7071067811865475 0
vn 0.7071067811865475 -0.7071067811865475 0
vn 1 -2.6493014774231255e-16 6.800569717851457e-16
vn 1 -9.60192822062507e-15 0
vn 1 1.381841079821193e-16 3.5470881094813115e-16
vn 1 2.804035868040765e-16 0
vn 1 0 3.4967653526893415e-16
vn 0.7071067811865475 0.7071067811865475 0
vn 0.7071067811865475 0.7071067811865475 0
vn 0.7071067811865475 0.7071067811865475 0
vn 0.7071067811865475 0.7071067811865475 0
vn 0 1 0
vn 0 1 0
vn 0 1 0
vn 0 1 0
vn -0.7071067811865475 0.7071067811865475 0
vn -0.7071067811865475 0.7071067811865475 0
vn -0.7071067811865475 0.7071067811865475 0
vn -0.7071067811865475 0.7071067811865475 0
vn -1 -1.381841079821193e-16 -5.032295531531703e-18
vn -1 -1.4020179340203825e-16 0
vn -1 -1.3246507387115628e-16 -9.648047722000078e-18
vn -1 0 0
vn -1 -1.3622367669547883e-16 -4.9609019864525574e-18
vn -0.7071067811865475 -0.7071067811865475 0
vn -0.7071067811865475 -0.7071067811865475 0
vn -0.7071067811865475 -0.7071067811865475 0
vn -0.7071067811865475 -0.7071067811865475 0
vn 0 -1 0
vn 0 -1 0
vn 0 -1 0
vn 0 -1 0
vn 0 0 1
vn 0 0 1
vn 0 0 1
vn 0 0 1
vn -1 0 0
vn -1 0 0
vn -1 0 0
vn -1 0 0
vn 1 0 0
vn 1 0 0
vn 1 0 0
vn 1 0 0
vn 0 -1 0
vn 0 -1 0
vn 0 -1 0
vn 0 -1 0
vn 0 1 4.1568411878256726e-16
vn 0 1 4.1568411878256726e-16
vn 0 1 4.1568411878256726e-16
vn 0 1 4.1568411878256726e-16
vn 0 -1.0931425856968544e-14 1
vn 0 -1.0931425856968544e-14 1
vn 0 -1.0931425856968544e-14 1
vn 0 -1.0931425856968544e-14 1
vn -1 0 0
vn -1 0 0
vn -1 0 0
vn -1 0 0
vn 1 0 0
vn 1 0 0
vn 1 0 0
vn 1 0 0
vn 0 -1 0
vn 0 -1 0
vn 0 -1 0
vn 0 -1 0
vn 0 1 1.385613685158925e-16
vn 0 1 1.385613685158925e-16
vn 0 1 1.385613685158925e-16
vn 0 1 1.385613685158925e-16
vn 0 0 1
vn 0 0 1
vn 0 0 1
vn 0 0 1
vn -1 0 0
vn -1 0 0
vn -1 0 0
vn -1 0 0
vn 1 0 0
vn 1 0 0
vn 1 0 0
vn 1 0 0
vn 0 -1 0
vn 0 -1 0
vn 0 -1 0
vn 0 -1 0
vn 0 1 1.385613685158925e-16
vn 0 1 1.385613685158925e-16
vn 0 1 1.385613685158925e-16
vn 0 1 1.385613685158925e-16
vn 0.07045777206265068 0.12230181805500062 0.9899888724912058
vn 0.1413275349115001 0.24194566660500924 0.9599420931946345
vn 0.30025266112883625 0.4521935508854871 0.8398626864092883
vn 0.475472117109693 0.5937479667973193 0.6491452978919863
vn 0.6276290493517032 0.6499190410032376 0.42858723330415405
vn 0.4414927564456651 0.6939326499947823 0.5688071934119923
vn 0.6292607206920025 0.7741010074859628 0.06927175184300527
vn 0.5642565190992027 0.8018580251892108 0.1965662435254589
vn 0.09786535389625099 0.3073997964860314 0.9465345939938529
vn 0.017963107297331877 -0.04370644677313997 0.9988829127013292
vn 0.023906053999871533 -0.021571982674189548 0.999481440620915
vn 0.2829680426464254 0.9591283742813195 0.0013595916019446162
vn 0.4768121180315827 0.8666174894756745 0.14705213712529
vn 0.5271345763702961 0.8068877138177589 0.2665733589180642
vn 0.3490036813609444 0.5624341509864891 0.749576050978562
vn 0.07163399163949741 0.18244550780924262 0.9806029818035534
vn 0.4313527209852159 0.8884903508838202 0.15658775969084093
vn 0.23526372834270265 0.773939696067843 0.5879356469688718
vn 0.20824633444474863 0.5431232220399751 0.813419098540993
vn 0.35102992937376365 0.933014801778802 0.07912880856877072
vn 0.214134401907908 0.6131838754406898 0.7603630664485744
vn 0.2847744539010717 0.9585915852825436 0.0023839108301903695
vn 0.23615859395130953 0.7891160827786522 0.5670316802463651
vn -0.457940179759067 -0.844879427618548 0.2765312722807096
vn -0.02357208239914239 0.9877251495167817 0.15441303683115315
vn -0.01841426736257291 -0.04176241748575055 0.9989578645985253
vn -0.03324541792740072 -0.09068645456877797 0.9953244240671367
vn -0.3756100279874123 -0.8598206140541979 0.3458693662681874
vn -0.3401603786825598 -0.7798412048125068 0.5254889266684077
vn -0.31396321598718097 -0.6671225074021321 0.6755550748269744
vn -0.18800906448768398 -0.4840332765767452 0.8546135845145721
vn -0.14673821852061178 -0.37193421097051044 0.9165876051611984
vn -0.21347732215982387 -0.40530862064681245 0.8889051439567942
vn -0.35530910849950764 -0.7365310389876873 0.5755670821242324
vn -0.41457532633170446 -0.8049239878696971 0.42452876527851974
vn -0.5669661473337134 -0.4626504246649373 0.6815452826738068
vn -0.5931283786388651 -0.5238532384045451 0.6113726450098187
vn -0.7290712410701937 -0.573952230444047 0.37287258227532766
vn -0.5024506224050718 -0.06298145368969983 0.8623089403084537
vn -0.44789257328081367 0.4600568671048732 0.7666419776072401
vn -0.5543425903299078 -0.13152191650527068 0.8218310519961561
vn -0.5945253032775409 -0.2717445013997713 0.7567658751038775
vn -0.4547897203690999 0.6849621273337191 0.5692040006579907
vn -0.2210613641374683 0.9173123276089138 0.3311645616644366
vn -0.08690100880608631 -0.15074536156338136 0.9847456781502572
vn -0.1752611954817891 0.8574954805039269 0.48371997506163994
vn -0.08605442301740904 0.9826602460341387 0.1642360409388477
vn -0.05379830431867767 0.9735493897142706 0.22205253486372595
vn -0.32262686412924874 0.9099634084307249 0.2605350300041533
vn -0.4781769123084 0.759882268759755 0.44037004684666303
vn -0.5384824198606633 0.706648101190963 0.4590045147754113
vn -0.25713882256147325 0.92572583229334 0.2773288830188844
vn -0.08297837670807619 0.8724936399547089 0.4815282309870059
vn -0.029741676270711486 0.9656377965864774 0.2581841949001159
vn -0.6915291707738305 -0.6069427273003188 0.39167324614544347
vn -0.6400417182040631 -0.5708620630820203 0.5142597630498912
vn -0.7869615539051354 0.19878941734562444 0.5841012585387929
vn -0.6970878506073738 0.12949222814139802 0.7051952150905221
vn -0.00015211779202213265 0.43566116982355635 0.9001107276153016
vn -0.7406611160910598 0.4768346664775098 0.47333900320597666
vn -0.0998780303339889 0.9847031462337342 0.14277287156174892
vn -0.041057244318003526 0.8500157076227619 0.5251548338191195
vn -0.6381851104334747 0.6064077897861814 0.474330430509842
vn -0.00018601404751090339 0.26362849221365764 0.9646242706317976
vn -0.2482924817711281 0.9415453924558053 0.2276908374115611
vn -0.7197226569837214 -0.5821963182267772 0.378215208667602
vn -0.7901307592091823 0.3766847980824325 0.4835307086888258
vn -0.02264618758572648 0.8201815069371217 0.5716550059836654
vn -0.8157727936124763 0.3123253071237236 0.4867932330381841
vn -0.00019198133215448808 0.22851462123078006 0.9735404619361855
vn -0.16393050826250957 0.9715937826039237 0.17068189730078182
vn -0.5718456944812401 0.7266222633869387 0.38080518385876866
vn -0.3401550963021045 0.901547376158052 0.26740762704574805
vn -0.27917823217640647 0.9334549911286758 0.22521388548626445
vn -0.2476547344835386 0.945613432484872 0.2109084369864484
vn -0.004153816457620318 0.4235312304438182 0.9058719791712192
vn -0.728478449979743 -0.5757743264659674 0.3712183628240563
vn -0.8644429451672899 0.0024049084185749693 0.5027251843363331
vn -0.00014722636416371134 0.4574200676565432 0.8892507295636486
vn 0.12342788472763948 0.4527781701488359 -0.8830387793909915
vn 0.33195522100120456 0.7715985698883921 -0.5426245278240095
vn 0.007206965174079653 0.15026097837551844 -0.9886200979297415
vn 0.04317387157767788 0.1522037523329583 -0.987405709214182
vn 0.591137799693327 0.7482980309586083 -0.3010085690428127
vn 0.44758977849312465 0.6957680484019069 -0.5617563644601432
vn 0.39522658343259043 0.6192060354993868 -0.6785129573923653
vn 0.3015591757477993 0.46987951799435723 -0.8296235906070285
vn 0.22328162211729388 0.32880482104740155 -0.9176234014456346
vn 0.05630038084378392 0.2691138578759294 -0.9614613869604846
vn 0.32659257191640734 0.4701754258351932 -0.8199221675925837
vn 0.227646524760587 0.6178783832600643 -0.7525977433293012
vn -0.3448796221050211 -0.21574631387114046 -0.9135160503831956
vn -0.11655309397302502 -0.34787483812488157 -0.9302679577868426
vn 0.08422091428185216 -0.5533212904336444 -0.8286992139192455
vn 0.2109426669191143 -0.6597333432112396 -0.721287118371299
vn 0.2940040339423473 -0.7979259189856959 -0.5261899427359475
vn 0.5601415554489715 -0.7825787552158316 -0.27168351025420373
vn 0.09549183980564409 -0.9914683530390922 -0.08872324076860083
vn -0.18298760269941608 -0.9825451488662962 0.03347488159245035
vn -0.738006981269351 -0.23869468864001459 -0.6311660171561411
vn 0.01789386931778495 0.04351851689388656 -0.9988923606316121
vn -0.03756695525805447 0.02156290734277605 -0.9990614420042274
vn -0.8580606619513932 -0.5102538135636757 -0.05807707082198955
vn -0.3434269805908607 -0.9289393044339358 -0.13831007801328146
vn -0.7235926490962112 -0.684989643942383 -0.08486969933736606
vn -0.8524300143699001 -0.41441254206856354 -0.3187872575521221
vn -0.8761781224280789 -0.3907343908557925 -0.28220300065902776
vn 0.3930465613559269 -0.8594123200569612 -0.3269936769122498
vn -0.3641310556110376 -0.66571019688407 -0.6513359410505183
vn -0.23477714799585583 -0.5374042883847067 -0.8099853835747033
vn -0.5734992979753398 -0.5413781740956509 -0.6148237372081948
vn -0.4986434130731067 -0.46968747578248 -0.7285248257210494
vn -0.5278907376524477 -0.35379099566235905 -0.7721161185268647
vn -0.7047844199002017 -0.3305752718565713 -0.6276933256797383
vn -0.6656874841534991 -0.3167714379980777 -0.6756596994863723
vn -0.6584966322502074 -0.31419847218762365 -0.6838578107984863
vn -0.8541334756084686 -0.33512699166974974 -0.39767562824415176
vn -0.00013505388567928438 -0.06818107776404435 0.9976729536252756
vn -1.8258984153255031e-7 -0.009894041227664345 0.9999510527761605
vn -0.00005982569707238172 -0.6957022540872062 -0.7183302653228988
vn -0.000047577432394847495 -0.7983614227353871 -0.6021785751953623
vn -0.00004424499547864389 -0.9186299413632657 -0.39511900596314453
vn -0.00004973277806196402 -0.9860315404971642 -0.16655869437360457
vn -0.000008027633057096361 -0.9990770692062546 0.042953576356314624
vn 0.000007079162859074666 -0.9651720397095214 0.2616160043132829
vn -0.000024860594724065922 -0.897174741876997 0.4416757656017529
vn -0.000012067580171928445 -0.8171964710217128 0.5763592001556255
vn 0.00007187723395635657 -0.725108907832977 0.6886342037794306
vn 0.00006805757290375908 -0.5866659626131538 0.8098290212627283
vn 0.000015129493468636008 -0.4645514187718927 0.8855461473509555
vn 0.00007932837478263961 -0.3483208953481049 0.9373753504178054
vn 0.000025571708045309764 -0.17196766015566717 0.9851025952694841
vn -1.8060916847385924e-7 -0.11392446941236836 -0.9934894137679967
vn 0.000014438093557940595 -0.18050070959606507 -0.9835748541045863
vn 0.00006111115942995996 -0.3806288448600689 -0.9247278944240385
vn 0.00015886767863572204 -0.5589511860558843 -0.8292005465312845
vn 0.00005702611905778996 -0.1186653617897922 -0.9929343022875781
vn 0.00012346653810357027 -0.2676825191558409 -0.9635071632813098
vn 0.00022580961337522978 -0.4763599770446216 -0.8792503177594343
vn 0.0001275224571527577 -0.684010468805537 -0.7294721806227107
vn 0.0000740261070459637 -0.8506819935988168 -0.5256806447710224
vn 0.00010353628486465299 -0.9519896338160625 -0.3061302441559753
vn 0.00012067511291938178 -0.9975747598850494 -0.06960304503254809
vn 0.00019595206098297618 -0.9886585544564578 0.1501806389081396
vn 0.00011941243589836703 -0.9325313721766153 0.3610889442326768
vn 0.00009833333399779147 -0.8196056191696648 0.5729281101116142
vn 0.00015000984860372843 -0.6663207010468644 0.7456652740026589
vn 0.00016672364432326423 -0.48180134391583834 0.8762804557926182
vn 0.00014847965275392041 -0.2758702349419767 0.9611948769249924
vn 0.00009802172482187367 -0.13332093036154974 0.9910729135231535
vn -0.00005174566397928267 -0.04371349827069047 0.999044106829786
vn -0.000013787229004143875 -0.021578148868380793 0.9997671645444884
vn 0.03274204962676713 -0.07774981130692833 0.9964351082875269
vn 0.029970844263727963 0.031211919176772112 0.9990633436351382
vn -0.029898903502017172 -0.11692085564193767 -0.9926910743455559
vn -0.028896931583935775 -0.26843541883886035 -0.9628641613736795
vn -0.026187435776068607 -0.4873628799377182 -0.8728067606671521
vn -0.02208254423148309 -0.6771486207838167 -0.7355148581849584
vn -0.015567521190036616 -0.8547991735218065 -0.5187253851802844
vn -0.008919913788184075 -0.9482767683780368 -0.31731940642280104
vn -0.002610447850174611 -0.9950926432036455 -0.09891317912191366
vn 0.005052997653815907 -0.9861932842934482 0.16552121685515986
vn 0.011285205901015494 -0.9342506966115155 0.35643832567313766
vn 0.01787772532965978 -0.8044405329988314 0.5937641078792091
vn 0.023157026509275567 -0.6579793593740066 0.7526798222092981
vn 0.026569362374938246 -0.48029532387139734 0.8767043235038017
vn 0.029014783226100377 -0.26150502297576966 0.9647659121842896
vn 0.030465058880294528 -0.04715588300521086 0.9984228577538774
vn -0.029175101202412932 -0.22924787084530152 -0.9729307412055213
vn -0.027258812421646593 -0.41299028730961984 -0.910327402494992
vn -0.02362460483485619 -0.6148415873389722 -0.7882967084321043
vn -0.018695385730022874 -0.7814258767291176 -0.6237179504636176
vn -0.013999837645904959 -0.902938974573831 -0.42954069974968245
vn -0.010690425613212477 -0.9413806875843311 -0.3371766834220009
vn -0.004522155346587595 -0.9903902065238915 -0.1382273089247736
vn 0.0015655709279092805 -0.9982661362029523 0.058841059627594824
vn 0.007143015172244982 -0.9561009581448345 0.29295039711319437
vn 0.009595363519024463 -0.9429851886510993 0.33269635252522434
vn 0.014735827478539434 -0.8666663320466441 0.49867055686629286
vn 0.01915836641842734 -0.7238079064213709 0.6897355084364509
vn 0.021530993811463284 -0.6769076751976404 0.7357529582434695
vn 0.025316909281337483 -0.5186103863602379 0.8546357828126114
vn 0.027940599104183277 -0.34597199977409665 0.9378287147949842
vn 0.028659569717250474 -0.14102481609552603 0.9895911430024246
vn 0.029086041934814094 -0.04298988043344148 0.9986520276577247
vn 1 -1.9376476134564964e-13 5.928423931149561e-14
vn 1 6.514034036025733e-15 1.8750273368489895e-16
vn 1 7.17878803412975e-15 -1.6992722883980176e-15
vn 1 6.4541945464340056e-15 -3.300191769642076e-15
vn 1 5.398032129117934e-15 -4.671476913116349e-15
vn 1 4.081568440297617e-15 -5.750331343089363e-15
vn 1 2.460025718491166e-15 -6.53882245522713e-15
vn 1 -5.5574729524278735e-15 -4.403654836073433e-15
vn 1 0 0
vn 1 0 0
vn 1 0 0
vn 1 1.2189096337356185e-15 -6.454468138075969e-15
vn 1 -6.3968605803002565e-15 -3.4017444555125252e-15
vn 1 -7.143672589235428e-15 -1.813390813920103e-15
vn 1 1.3949292296342591e-13 5.3409879329554405e-14
vn 1 3.35663680010867e-13 1.4284549969744917e-14
vn 1 3.964831663937768e-13 -9.700698360912141e-14
vn 1 3.7217508263610866e-13 -1.8210786882372904e-13
vn 1 2.8780634559605334e-13 -2.7850782118900297e-13
vn 1 2.0117467377253123e-13 -3.232272498370002e-13
vn 1 1.1350170342440055e-13 -3.4605846833957177e-13
vn 1 -2.7727687225247155e-13 -2.1970988396680102e-13
vn 1 2.6763476417696053e-13 -2.296696632788503e-13
vn 1 -1.1500541060106807e-13 -3.401912743500379e-13
vn 1 -2.0956841947569749e-13 -2.9686309291863944e-13
vn 1 -2.6535660017851127e-13 -2.5911658262305414e-13
vn 1 -3.364734706134964e-13 -1.8683982854796055e-13
vn 1 -3.748213443246414e-13 -8.406837061529716e-14
vn 1 2.251540425456111e-13 5.075305376433994e-15
vn 1 5.107504588534872e-13 1.7402731003219457e-13
vn 1 -1.7877572252439355e-14 2.3346282589445377e-13
vn 1 -4.6051402573027075e-14 2.0663390432312106e-13
vn 1 -2.14453885286894e-14 1.778506541257746e-13
vn 1 -4.024023681544614e-13 1.7487484442295365e-13
vn 1 -4.4054197139223317e-13 1.628057904419153e-13
vn 1 -3.9492126117818135e-13 5.3145723414223856e-14
vn 1 -3.811403504003913e-13 5.792727036165336e-16
vn 1 -3.817743918308608e-13 -3.6840075125698854e-14
vn 1 -3.804264303748639e-13 -5.65909827137355e-14
vn 1 -3.66977845870612e-13 -1.2755377755797608e-13
vn 1 -3.2789821747571113e-13 -2.1192851076476393e-13
vn 1 -2.8549824180115757e-13 -2.5398712538531043e-13
vn 1 -2.300281955429858e-13 -2.8735050992005687e-13
vn 1 -1.7763351553568008e-13 -3.179639711248239e-13
vn 1 -7.598648544149961e-14 -3.58925454461978e-13
vn 1 6.585009637181602e-14 -3.5675675196140955e-13
vn 1 1.764058405622953e-12 -5.143137199488474e-13
vn 1 -1.290263604509026e-13 -1.9350016380870194e-13
vn 1 -3.4479090047466465e-13 -3.7541288979391074e-13
vn 1 1.353841978225204e-13 -3.490026672461905e-13
vn 1 2.2520006692783312e-13 -3.146213758270511e-13
vn 1 2.490714217911834e-13 -3.081007583804707e-13
vn 1 3.3016205871691517e-13 -2.36707246685508e-13
vn 1 3.920318930594746e-13 -1.2801195379327085e-13
vn 1 4.0366811693617e-13 -5.1882624419859885e-14
vn 1 4.040609806379297e-13 1.7541103660735635e-14
vn 1 4.078213732428698e-13 6.940304721984175e-14
vn 1 4.229447990310731e-13 1.1685920669113295e-13
vn 1 4.583075728775148e-13 2.0009388677246914e-13
vn 1 5.367747804400913e-13 3.4693046504184755e-13
vn 1 1.521670927993211e-13 7.668411312385115e-14
vn 1 4.6145450335226615e-14 2.0763229189365434e-13
vn 1 5.283302593651366e-14 2.41455551596835e-13
vn 1 6.764319735851759e-14 2.646657578427719e-13
vn 1 -2.523222245292417e-13 2.6125783936410685e-13
vn 1 -9.582405398680938e-13 1.6440154630443377e-13
vn 1 -7.881642891016737e-15 -1.8804640769657754e-15
vn 1 0 0
vn 1 0 0
vn 1 4.3761698874844514e-15 -5.922450132037332e-15
vn 1 -7.038630709957442e-17 -8.898136168047997e-15
vn 1 -6.75828909468614e-15 -2.681344364242742e-15
vn 1 -7.330287089928918e-15 -1.026217428578234e-15
vn 1 -7.55259976737907e-15 5.933458913373677e-16
vn 1 -8.15330028697877e-15 2.6506500597542728e-15
vn 1 -1.1347858958933588e-13 1.6583438723800914e-13
vn 1 -8.467802603854754e-14 1.9424356058079378e-13
vn 1 -5.0488746918776634e-14 2.2407729406658181e-13
vn 1 -2.480317451533827e-14 2.55406264713931e-13
vn 1 -2.060423229602315e-13 2.377083447614725e-13
vn 1 1.0752257916489538e-13 1.3629856520768618e-13
vn 1 3.891358806365486e-14 2.3925306180672123e-13
vn 1 1.9989760212183655e-14 2.192548031735049e-13
vn 1 7.286614481282275e-14 1.9001572776171372e-13
vn 1 -1.4159935160171222e-13 7.356590244747205e-14
vn 1 8.535676370357778e-15 3.5352976226137684e-15
vn 1 7.682265265010653e-15 1.2164258154969136e-15
vn 1 7.388546426154857e-15 -7.371680623746485e-16
vn 1 6.879711698428869e-15 -2.419769139594728e-15
vn 1 6.015024056908649e-15 -3.912261800734533e-15
vn 1 4.85274323437819e-15 -5.152819479019603e-15
vn 1 3.4611955804979364e-15 -6.0899271804343465e-15
vn 1 2.4100221872411925e-15 -6.528403949975902e-15
vn 1 -7.39674231695249e-15 -7.501418648574176e-15
vn 0.05611795660150421 -0.9921472187930164 -0.11177956516355791
vn 0.05647204836782691 -0.9916531479490938 -0.11590919685596383
vn 0.05375895690037347 -0.00006973143225195031 -0.9985539392994808
vn 0.05383504093280114 -0.2276397020380775 -0.9722561156525471
vn 0.054066395998619066 -0.4431832635558405 -0.8947990946171743
vn 0.05444287835289545 -0.6354118531939329 -0.7702517444428826
vn 0.054948992705070435 -0.7941921306780443 -0.6051772201345375
vn 0.05556504750267888 -0.911169343325475 -0.4082682369225505
vn 0.05626755539327363 -0.9801912236353623 -0.18989240984904096
vn 0.05670828318107149 0.9983631277149464 -0.00743208166567865
vn 0.05626741086866163 0.9801861705096633 -0.1899185341554069
vn 0.05556511643575327 0.9111491666602176 -0.40831325465856744
vn 0.05494915152404429 0.7941484803000649 -0.6052344851244723
vn 0.05444299584534517 0.6353388174695355 -0.7703119804467513
vn 0.05406637232375395 0.44307811084127563 -0.8948511692326694
vn 0.0538347531413822 0.22750338137701606 -0.9722880390173637
vn 0.05672669173657206 0.9983897447613452 0
vn 0.05672668836084242 0.998389744953148 0
vn 0.05673635082208382 0.9980772212502366 -0.02495690118584159
vn 0.05657147219115371 0.9608865934713391 -0.27110260607594894
vn 0.05627890008259542 0.8710679531155578 -0.4879275627186536
vn 0.05600769743908734 0.7331135663843937 -0.6777961615491245
vn 0.05578166685160571 0.5546452694544814 -0.8302150508844213
vn 0.055619886593672695 0.34552462344740803 -0.9367599280535188
vn 0.05553792728449184 0.11732493956890422 -0.9915394077837227
vn 0.05553864305378796 -0.11740257570349306 -0.9915301782325789
vn 0.055621015357895875 -0.3455873043977088 -0.9367367387316897
vn 0.055783030311883176 -0.5546912617171501 -0.8301842311823682
vn 0.05600912366140884 -0.7331433721682353 -0.6777638039261683
vn 0.05628020035932637 -0.8710838102791042 -0.4878991028042086
vn 0.0565724809905209 -0.9608923063753075 -0.27108214611685366
vn -0.033942239808497865 0.5890105767936766 0.8074122025223317
vn -0.014933445194659436 0.044397970687020075 0.9989023037382047
vn -0.029121154537462016 0.6546470614371975 0.7553735389263031
vn -0.0214521374550209 0.7874061787715684 0.6160611296218645
vn -0.01664628719952805 0.9440298492649148 0.32943974383691643
vn -0.01104604771162436 0.9861600150412942 0.165427958833164
vn -0.006692631507136105 0.9986000962366272 -0.052469576706017144
vn 0.0016110549032029183 0.99072690555 -0.13585876166600455
vn 0.006479425259290708 0.916572259126586 -0.39981659651382107
vn 0.011716783625485297 0.853139084996014 -0.5215519328251383
vn 0.007106492991130744 0.586283762324116 -0.8100745939680163
vn 0.016679551316334702 0.7018746676409974 -0.7121051491821453
vn 0.018441261323477415 0.5387543322959863 -0.8422610576971402
vn 0.023043354365657676 0.4372757557975556 -0.8990322114425351
vn 0.020466703988458002 0.1553430264305603 -0.9876485499241333
vn 0.024848714770227237 0.050437570225869706 -0.9984180451514177
vn 0.02551390716328783 -0.14506990360811142 -0.9890923938684375
vn 0.025048607449054988 -0.310557329276109 -0.9502245589847452
vn 0.009901356172951226 -0.60330267392351 -0.797450842862856
vn 0.032095636385688554 -0.2176164037288292 -0.9755065202002132
vn 0.03762046882209102 0.00824661342404041 -0.9992580716174577
vn 0.03689151418048104 0.19072716769271747 -0.980949623418749
vn 0.0327984765328612 0.3240526320097407 -0.9454703335508116
vn 0.031955374937438566 0.5615661506577118 -0.8268145574722834
vn 0.02862746645179451 0.6802143021806555 -0.7324540745148703
vn 0.025759426945846084 0.8159621379756504 -0.577531160469829
vn 0.01747149148957434 0.8558227027529725 -0.5169741274355296
vn 0.013188598088664785 0.96606250264312 -0.2579715136742181
vn 0.007387389722521591 0.9913099802140761 -0.13133906349999452
vn 0.008589005785024252 0.9638490256042325 0.2663105045269458
vn 0.0004983045293352086 0.9938075675173764 0.11111377249374374
vn -0.003311904710045142 0.9436130204335201 0.33103398459300315
vn -0.009399364566705646 0.8939339985536947 0.44810005375534734
vn -0.015023134084210082 0.7920568778746417 0.6102624088486549
vn -0.009662628969272459 0.47023531133291696 0.8824881787180135
vn -0.02137370247388969 0.6182574109153703 0.7856850123877765
vn -0.010615030919093901 0.2071328101519312 0.9782552428058593
vn -0.028290666513946208 0.4925388969920817 0.8698304852889558
vn 1 0 0
vn 1 0 0
vn 1 0 0
vn 1 0 0
vn 1 0 0
vn 1 0 0
vn 1 0 0
vn 1 1.1583153319087692e-15 2.5958244546388752e-14
vn 1 3.918422081399596e-15 8.78131780372157e-14
vn 1 5.566146781565994e-16 1.2473925565430546e-14
vn 1 0 0
vn 1 0 0
vn 1 0 0
vn 1 0 0
vn 1 0 0
vn 1 0 0
vn 1 -3.919621246496752e-15 8.764907880433673e-14
vn 1 -5.574758989057202e-16 1.2466065099680027e-14
vn 1 -1.1597367590733803e-15 2.5933594193557757e-14
vn 1 0 0
vn 1 0 0
vn 1 0 0
vn 1 0 0
vn 1 2.5952613471355405e-14 -1.1591150368900956e-15
vn 1 8.777417540625082e-14 -3.920235768899985e-15
vn 1 1.2472399212059594e-14 -5.57051588338705e-16
vn 1 0 0
vn 1 0 0
vn 1 0 0
vn 1 0 0
vn 1 0 0
vn 1 0 0
vn 1 -8.774234051996121e-14 -3.920235768899985e-15
vn 1 -1.2468687513684726e-14 -5.570878519367594e-16
vn 1 -2.5943968653095728e-14 -1.1591493417244594e-15
vn 1 0 0
vn 1 0 0
vn 1 0 0
vn 1 0 0
vn 1 1.1583153319087692e-15 2.5958244546388752e-14
vn 1 3.918422081399596e-15 8.78131780372157e-14
vn 1 5.566146781565994e-16 1.2473925565430546e-14
vn 1 0 0
vn 1 0 0
vn 1 0 0
vn 1 0 0
vn 1 0 0
vn 1 0 0
vn 0 0.11196447571313495 0.9937122099372045
vn 0 0.2589543434838022 0.9658895630406579
vn 0 0.4673924644054853 0.8840499331016134
vn 0 0.6523935574230116 0.7578803640634502
vn 0 0.8046809360003584 0.5937074963629708
vn 0 0.9166182728399972 0.39976360751801876
vn 0 0.9825925071092969 0.18577396204168745
vn 0 0.9937122099372045 0.11196447571313495
vn 0 0.9937122099372045 0.11196447571313495
vn 0 0.11196447571313495 0.9937122099372045
vn 0 0.18577396204168745 0.9825925071092969
vn 0 0.39976365439857203 0.9166182523940373
vn 0 0.5937074577682817 0.8046809644761854
vn 0 0.7578803133259026 0.6523936163644091
vn 0 0.8840499331016134 0.4673924644054853
vn 0 0.9658895555864622 0.25895437128765914
vn 0 1 0
vn 0 1 0
vn 0 1 0
vn 0 1 0
vn 0 1 0
vn 0 1 0
vn 0 0.9937122099372045 -0.11196447571313495
vn 0 0.9658895630406579 -0.2589543434838022
vn 0 0.8840499331016134 -0.4673924644054853
vn 0 0.7578803640634502 -0.6523935574230116
vn 0 0.5937074963629708 -0.8046809360003584
vn 0 0.39976360751801876 -0.9166182728399972
vn 0 0.18577396204168745 -0.9825925071092969
vn 0 0.11196447571313495 -0.9937122099372045
vn 0 0.11196447571313495 -0.9937122099372045
vn 0 0.9937122099372045 -0.11196447571313495
vn 0 0.9825925071092969 -0.18577396204168745
vn 0 0.9166182523940373 -0.39976365439857203
vn 0 0.8046809644761854 -0.5937074577682817
vn 0 0.6523936163644091 -0.7578803133259026
vn 0 0.4673924644054853 -0.8840499331016134
vn 0 0.25895437128765914 -0.9658895555864622
vn -0.00003345213915875197 0.000004614088536170494 -0.9999999994298323
vn 0 0.000013840856807785104 -0.9999999999042153
vn -0.00003345554430690959 -0.0000046145582901831556 -0.9999999994297162
vn 0 -0.00001384508322966303 -0.9999999999041569
vn -0.000025090381306032727 0 -0.9999999996852365
vn 0 -0.11196447571313495 -0.9937122099372045
vn 0 -0.2589543434838022 -0.9658895630406579
vn 0 -0.4673924644054853 -0.8840499331016134
vn 0 -0.6523935574230116 -0.7578803640634502
vn 0 -0.8046809360003584 -0.5937074963629708
vn 0 -0.9166182728399972 -0.39976360751801876
vn 0 -0.9825925071092969 -0.18577396204168745
vn 0 -0.9937122099372045 -0.11196447571313495
vn 0 -0.9937122099372045 -0.11196447571313495
vn 0 -0.11196447571313495 -0.9937122099372045
vn 0 -0.18577396204168745 -0.9825925071092969
vn 0 -0.39976365439857203 -0.9166182523940373
vn 0 -0.5937074577682817 -0.8046809644761854
vn 0 -0.7578803133259026 -0.6523936163644091
vn 0 -0.8840499331016134 -0.4673924644054853
vn 0 -0.9658895555864622 -0.25895437128765914
vn 4.75809872423242e-17 -1 0
vn 0 -1 3.062684194453113e-17
vn 0 -1 0
vn 0 -1 0
vn 4.75809872423242e-17 -1 -4.375263075848689e-18
vn 1.1102230246251565e-16 -1 0
vn 0 -0.9937122099372045 0.11196447571313495
vn 0 -0.9658895630406579 0.2589543434838022
vn 0 -0.8840499331016134 0.4673924644054853
vn 0 -0.7578803640634502 0.6523935574230116
vn 0 -0.5937074963629708 0.8046809360003584
vn 0 -0.39976360751801876 0.9166182728399972
vn 0 -0.18577396204168745 0.9825925071092969
vn 0 -0.11196447571313495 0.9937122099372045
vn 0 -0.11196447571313495 0.9937122099372045
vn 0 -0.9937122099372045 0.11196447571313495
vn 0 -0.9825925071092969 0.18577396204168745
vn 0 -0.9166182523940373 0.39976365439857203
vn 0 -0.8046809644761854 0.5937074577682817
vn 0 -0.6523936163644091 0.7578803133259026
vn 0 -0.4673924644054853 0.8840499331016134
vn 0 -0.25895437128765914 0.9658895555864622
vn -0.00003345213915875197 -0.000004614088536170494 0.9999999994298323
vn 0 -0.000013840856807785104 0.9999999999042153
vn -0.00003345554430690959 0.0000046145582901831556 0.9999999994297162
vn 0 0.00001384508322966303 0.9999999999041569
vn -0.000025090381306032727 0 0.9999999996852365
vn 1 -3.919621246496752e-15 8.764907880433673e-14
vn 1 -5.574758989057202e-16 1.2466065099680027e-14
vn 1 -1.1597367590733803e-15 2.5933594193557757e-14
vn 1 0 0
vn 1 0 0
vn 1 0 0
vn 1 0 0
vn 1 0 0
vn 1 0 0
vn 1 0 0
vn 1 0 0
vn 1 0 0
vn 1 0 0
vn 1 0 0
vn 1 0 0
vn 1 0 0
vn 0 -1.0765800009258488e-16 -1
vn 0 -1.0765800009258488e-16 -1
vn 0 -1.0765800009258488e-16 -1
vn 0 -1.0765800009258488e-16 -1
vn 0 -1 -3.106967473982262e-17
vn 0 -1 -3.106967473982262e-17
vn 0 -1 -3.106967473982262e-17
vn 0 -1 -3.106967473982262e-17
vn 0 -0.9937122092717466 0.11196448161923646
vn 0 -0.9749279084785883 0.22252095018124748
vn 0 -0.9009688689332263 0.4338837369770652
vn 0 -0.7818314927285933 0.6234897889923935
vn 0 -0.5937074577682817 0.8046809644761854
vn 0 -0.3997636575971865 0.9166182509990294
vn 0 -0.18577396554834225 0.9825925064463109
vn 0 -0.11196448161923646 0.9937122092717466
vn 0 -0.11196448161923646 0.9937122092717466
vn 0 -0.9937122092717466 0.11196448161923646
vn 0 -0.9749279084785883 0.22252095018124748
vn 0 -0.9009688689332263 0.4338837369770652
vn 0 -0.7818314927285933 0.6234897889923935
vn 0 -0.6523935526578357 0.7578803681653772
vn 0 -0.46739248769731906 0.8840499207873453
vn 0 -0.25895435839219394 0.965889559043728
vn 0 4.1796634317982557e-16 1
vn 0 4.1796634317982557e-16 1
vn 0 4.1796634317982557e-16 1
vn 0 4.1796634317982557e-16 1
vn 0 0.11196448161923646 0.9937122092717466
vn 0 0.22252095018124748 0.9749279084785883
vn 0 0.4338837369770652 0.9009688689332263
vn 0 0.6234897889923935 0.7818314927285933
vn 0 0.8046809644761854 0.5937074577682817
vn 0 0.9166182509990294 0.3997636575971865
vn 0 0.9825925064463109 0.18577396554834225
vn 0 0.9937122092717466 0.11196448161923646
vn 0 0.9937122092717466 0.11196448161923646
vn 0 0.11196448161923646 0.9937122092717466
vn 0 0.22252095018124748 0.9749279084785883
vn 0 0.4338837369770652 0.9009688689332263
vn 0 0.6234897889923935 0.7818314927285933
vn 0 0.7578803681653772 0.6523935526578357
vn 0 0.8840499207873453 0.46739248769731906
vn 0 0.965889559043728 0.25895435839219394
vn 0 1 0
vn 0 1 0
vn 0 1 0
vn 0 1 0
vn -1 0 0
vn -1 0 0
vn -1 0 0
vn -1 0 0
vn -1 0 0
vn -1 0 0
vn -1 0 0
vn -1 0 0
vn -1 0 0
vn -1 0 0
vn -1 0 0
vn -1 0 0
vn -1 0 0
vn -1 0 0
vn -1 0 0
vn -1 0 0
vn -1 0 0
vn -1 0 0
vn -1 0 0
vn -1 0 0
vn -1 0 0
vn -1 0 0
vn -1 0 0
vn -1 0 0
vn 0 1.2779546064228212e-16 1
vn 0 1.2779546064228212e-16 1
vn 0 1.2779546064228212e-16 1
vn 0 1.2779546064228212e-16 1
vn 0 -1 0
vn 0 -1 0
vn 0 -1 0
vn 0 -1 0
vn 0 -0.7110459853912112 -0.7031455088806594
vn 0 -0.7110459853912112 -0.7031455088806594
vn 0 -0.7110459853912112 -0.7031455088806594
vn 0 -0.7110459853912112 -0.7031455088806594
vn 0 0 -1
vn 0 0 -1
vn 0 0 -1
vn 0 0 -1
vn 0 0.7110459853912112 -0.7031455088806594
vn 0 0.7110459853912112 -0.7031455088806594
vn 0 0.7110459853912112 -0.7031455088806594
vn 0 0.7110459853912112 -0.7031455088806594
vn 4.1426234916518254e-18 1 3.998684387054432e-17
vn 8.285246983303651e-18 1 4.233901466040011e-17
vn 0 1 3.763467969813343e-17
vn 4.1426234916518254e-18 1 3.998684387054432e-17
vn -1 0 0
vn -1 0 0
vn -1 0 0
vn -1 0 0
vn -1 0 0
vn -1 0 0
vn -1 0 0
vn -1 0 0
vn -1 0 0
vn -1 0 0
vn -1 0 0
vn -1 0 0
vn -1 0 0
vn -1 0 0
vn -1 0 0
vn -1 0 0
vn -1 0 0
vn -1 0 0
vn -1 0 0
vn -1 0 0
vn -1 0 0
vn -1 0 0
vn -1 0 0
vn -1 0 0
vn -1 0 0
vn -1 0 0
vn -1 0 0
vn -1 0 0
vn -1 0 0
vn -1 0 0
vn -1 0 0
vn -1 0 0
vn -1 0 0
vn -1 0 0
vn -1 0 0
vn -1 0 0
vn -1 0 0
vn -1 0 0
vn -1 0 0
vn -1 0 0
vn -1 0 0
vn -1 0 0
vn -1 0 0
vn -1 0 0
vn -1 0 0
vn -1 0 0
vn -1 0 0
vn -1 0 0
vn -1 0 0
vn -1 0 0
vn -1 0 0
vn -1 0 0
vn -1 0 0
vn -1 0 0
vn -1 0 0
vn -1 0 0
vn -1 0 0
vn -1 0 0
vn 0 -0.12053667925720311 0.9927088742192477
vn 0 -0.12053667925720311 0.9927088742192477
vn 0 -0.12053667925720311 -0.9927088742192477
vn 0 -0.19985413516691736 -0.9798256603379418
vn 0 -0.42853438850981995 -0.9035254716190987
vn 0 -0.6631226410620324 -0.7485107633901565
vn 0 -0.8452836542878438 -0.5343178303161787
vn 0 -0.9350162448087614 -0.3546048814437308
vn 0 -0.9870221633407014 -0.1605840872385607
vn 0 -0.9967713819800413 0.08029204235538315
vn 0 -0.9350162448087614 0.3546048814437308
vn 0 -0.8229838823656151 0.5680647228674031
vn 0 -0.6928506391722322 0.7210811270575795
vn 0 -0.5001516131697133 0.8659378521832461
vn 0 -0.2783856440009705 0.9604693817161299
vn 0 -0.12053667925720311 -0.9927088742192477
vn 0 -0.27838560057114364 -0.9604693943039745
vn 0 -0.5001516131697133 -0.8659378521832461
vn 0 -0.6631226410620324 -0.7485107633901565
vn 0 -0.7993376155615598 -0.6008821651108974
vn 0 -0.9350162448087614 -0.3546048814437308
vn 0 -0.9967713817680103 -0.08029204498760399
vn 0 -0.9870221633407014 0.1605840872385607
vn 0 -0.9350162448087614 0.3546048814437308
vn 0 -0.8229838823656151 0.5680647228674031
vn 0 -0.632309754769906 0.7747156730199934
vn 0 -0.42853434110202293 0.9035254941042091
vn 0 -0.19985413516691736 0.9798256603379418
vn -1 0 0
vn -1 0 0
vn -1 0 0
vn -1 0 0
vn -1 0 0
vn -1 0 0
vn -1 0 0
vn -1 0 0
vn -1 0 0
vn -1 0 0
vn -1 0 0
vn -1 0 0
vn -1 0 0
vn -1 0 0
vn -1 0 0
vn -1 0 0
vn -1 0 0
vn -1 0 0
vn -1 0 0
vn -1 0 0
vn -1 0 0
vn -1 0 0
vn -1 0 0
vn -1 0 0
vn -1 0 0
vn -1 0 0
vn 0 -0.12053667925720311 0.9927088742192477
vn 0 -0.12053667925720311 0.9927088742192477
vn 0 -0.12053667925720311 -0.9927088742192477
vn 0 -0.19985413516691736 -0.9798256603379418
vn 0 -0.42853438850981995 -0.9035254716190987
vn 0 -0.6631226410620324 -0.7485107633901565
vn 0 -0.8452836542878438 -0.5343178303161787
vn 0 -0.9350162448087614 -0.3546048814437308
vn 0 -0.9870221633407014 -0.1605840872385607
vn 0 -0.9967713819800413 0.08029204235538315
vn 0 -0.9350162448087614 0.3546048814437308
vn 0 -0.8229838823656151 0.5680647228674031
vn 0 -0.6928506391722322 0.7210811270575795
vn 0 -0.5001516131697133 0.8659378521832461
vn 0 -0.2783856440009705 0.9604693817161299
vn 0 -0.12053667925720311 -0.9927088742192477
vn 0 -0.27838560057114364 -0.9604693943039745
vn 0 -0.5001516131697133 -0.8659378521832461
vn 0 -0.6631226410620324 -0.7485107633901565
vn 0 -0.7993376155615598 -0.6008821651108974
vn 0 -0.9350162448087614 -0.3546048814437308
vn 0 -0.9967713817680103 -0.08029204498760399
vn 0 -0.9870221633407014 0.1605840872385607
vn 0 -0.9350162448087614 0.3546048814437308
vn 0 -0.8229838823656151 0.5680647228674031
vn 0 -0.632309754769906 0.7747156730199934
vn 0 -0.42853434110202293 0.9035254941042091
vn 0 -0.19985413516691736 0.9798256603379418
vn -1 0 0
vn -1 0 0
vn -1 0 0
vn -1 0 0
vn -1 0 0
vn -1 0 0
vn -1 0 0
vn -1 0 0
vn -1 0 0
vn -1 0 0
vn -1 0 0
vn -1 0 0
vn -1 0 0
vn -1 0 0
vn -1 0 0
vn -1 0 0
vn -1 0 0
vn -1 0 0
vn -1 0 0
vn -1 0 0
vn -1 0 0
vn -1 0 0
vn -1 0 0
vn -1 0 0
vn -1 0 0
vn -1 0 0
f 27//27 14//14 13//13
f 27//27 28//28 14//14
f 26//26 13//13 12//12
f 26//26 27//27 13//13
f 25//25 12//12 11//11
f 25//25 26//26 12//12
f 24//24 11//11 10//10
f 24//24 25//25 11//11
f 23//23 9//9 8//8
f 23//23 10//10 9//9
f 23//23 24//24 10//10
f 22//22 23//23 8//8
f 21//21 8//8 7//7
f 21//21 22//22 8//8
f 20//20 6//6 5//5
f 20//20 7//7 6//6
f 20//20 21//21 7//7
f 19//19 20//20 5//5
f 18//18 5//5 4//4
f 18//18 19//19 5//5
f 17//17 3//3 2//2
f 17//17 4//4 3//3
f 17//17 18//18 4//4
f 16//16 17//17 2//2
f 15//15 2//2 1//1
f 15//15 16//16 2//2
f 55//55 42//42 41//41
f 55//55 56//56 42//42
f 54//54 41//41 40//40
f 54//54 55//55 41//41
f 53//53 40//40 39//39
f 53//53 54//54 40//40
f 52//52 39//39 38//38
f 52//52 53//53 39//39
f 51//51 37//37 36//36
f 51//51 38//38 37//37
f 51//51 52//52 38//38
f 50//50 51//51 36//36
f 49//49 36//36 35//35
f 49//49 50//50 36//36
f 48//48 34//34 33//33
f 48//48 35//35 34//34
f 48//48 49//49 35//35
f 47//47 48//48 33//33
f 46//46 33//33 32//32
f 46//46 47//47 33//33
f 45//45 31//31 30//30
f 45//45 32//32 31//31
f 45//45 46//46 32//32
f 44//44 45//45 30//30
f 43//43 30//30 29//29
f 43//43 44//44 30//30
f 80//80 81//81 82//82
f 80//80 82//82 83//83
f 79//79 80//80 83//83
f 78//78 83//83 84//84
f 78//78 79//79 83//83
f 77//77 78//78 84//84
f 76//76 84//84 85//85
f 76//76 77//77 84//84
f 75//75 85//85 86//86
f 75//75 76//76 85//85
f 74//74 86//86 87//87
f 74//74 75//75 86//86
f 73//73 87//87 88//88
f 73//73 74//74 87//87
f 72//72 73//73 88//88
f 71//71 88//88 89//89
f 71//71 72//72 88//88
f 70//70 89//89 90//90
f 70//70 71//71 89//89
f 69//69 90//90 91//91
f 69//69 91//91 92//92
f 69//69 70//70 90//90
f 68//68 92//92 93//93
f 68//68 69//69 92//92
f 67//67 68//68 93//93
f 67//67 93//93 94//94
f 66//66 67//67 94//94
f 66//66 94//94 57//57
f 65//65 57//57 58//58
f 65//65 66//66 57//57
f 64//64 58//58 59//59
f 64//64 65//65 58//58
f 63//63 59//59 60//60
f 63//63 64//64 59//59
f 62//62 60//60 61//61
f 62//62 63//63 60//60
f 111//111 112//112 119//119
f 110//110 119//119 118//118
f 110//110 111//111 119//119
f 109//109 118//118 117//117
f 109//109 110//110 118//118
f 108//108 117//117 116//116
f 108//108 109//109 117//117
f 107//107 116//116 115//115
f 107//107 108//108 116//116
f 106//106 115//115 114//114
f 106//106 107//107 115//115
f 105//105 114//114 113//113
f 105//105 106//106 114//114
f 104//104 113//113 125//125
f 104//104 105//105 113//113
f 103//103 125//125 124//124
f 103//103 104//104 125//125
f 102//102 124//124 123//123
f 102//102 103//103 124//124
f 101//101 123//123 122//122
f 101//101 102//102 123//123
f 100//100 122//122 121//121
f 100//100 101//101 122//122
f 99//99 121//121 120//120
f 99//99 100//100 121//121
f 98//98 120//120 96//96
f 98//98 99//99 120//120
f 97//97 96//96 95//95
f 97//97 98//98 96//96
f 158//158 140//140 139//139
f 157//157 139//139 138//138
f 157//157 158//158 139//139
f 156//156 157//157 138//138
f 155//155 138//138 137//137
f 155//155 156//156 138//138
f 154//154 137//137 136//136
f 154//154 155//155 137//137
f 153//153 136//136 135//135
f 153//153 154//154 136//136
f 152//152 153//153 135//135
f 151//151 135//135 134//134
f 151//151 152//152 135//135
f 150//150 134//134 133//133
f 150//150 151//151 134//134
f 149//149 150//150 133//133
f 148//148 133//133 132//132
f 148//148 149//149 133//133
f 147//147 132//132 131//131
f 147//147 148//148 132//132
f 146//146 131//131 130//130
f 146//146 147//147 131//131
f 145//145 146//146 130//130
f 144//144 130//130 129//129
f 144//144 145//145 130//130
f 143//143 129//129 128//128
f 143//143 144//144 129//129
f 142//142 128//128 127//127
f 142//142 143//143 128//128
f 141//141 127//127 126//126
f 141//141 142//142 127//127
f 179//179 180//180 181//181
f 178//178 179//179 181//181
f 177//177 181//181 193//193
f 177//177 178//178 181//181
f 176//176 193//193 192//192
f 176//176 177//177 193//193
f 175//175 191//191 190//190
f 175//175 192//192 191//191
f 175//175 176//176 192//192
f 174//174 190//190 189//189
f 174//174 175//175 190//190
f 173//173 188//188 187//187
f 173//173 189//189 188//188
f 173//173 174//174 189//189
f 172//172 187//187 186//186
f 172//172 173//173 187//187
f 171//171 186//186 185//185
f 171//171 172//172 186//186
f 170//170 185//185 184//184
f 170//170 171//171 185//185
f 169//169 184//184 183//183
f 169//169 170//170 184//184
f 168//168 183//183 182//182
f 168//168 169//169 183//183
f 167//167 163//163 162//162
f 167//167 182//182 163//163
f 167//167 168//168 182//182
f 166//166 162//162 161//161
f 166//166 167//167 162//162
f 165//165 161//161 160//160
f 165//165 166//166 161//161
f 164//164 165//165 160//160
f 164//164 160//160 159//159
f 197//197 209//209 196//196
f 197//197 210//210 209//209
f 198//198 211//211 210//210
f 198//198 210//210 197//197
f 199//199 212//212 211//211
f 199//199 211//211 198//198
f 200//200 213//213 212//212
f 200//200 212//212 199//199
f 201//201 214//214 213//213
f 201//201 213//213 200//200
f 202//202 215//215 214//214
f 202//202 214//214 201//201
f 203//203 216//216 215//215
f 203//203 215//215 202//202
f 204//204 217//217 216//216
f 204//204 216//216 203//203
f 205//205 218//218 217//217
f 205//205 217//217 204//204
f 206//206 219//219 218//218
f 206//206 218//218 205//205
f 207//207 220//220 219//219
f 207//207 219//219 206//206
f 208//208 221//221 220//220
f 208//208 220//220 207//207
f 195//195 194//194 221//221
f 195//195 221//221 208//208
f 225//225 237//237 224//224
f 225//225 238//238 237//237
f 226//226 239//239 238//238
f 226//226 238//238 225//225
f 227//227 240//240 239//239
f 227//227 239//239 226//226
f 228//228 241//241 240//240
f 228//228 240//240 227//227
f 229//229 242//242 241//241
f 229//229 241//241 228//228
f 230//230 243//243 242//242
f 230//230 242//242 229//229
f 231//231 244//244 243//243
f 231//231 243//243 230//230
f 232//232 245//245 244//244
f 232//232 244//244 231//231
f 233//233 246//246 245//245
f 233//233 245//245 232//232
f 234//234 247//247 246//246
f 234//234 246//246 233//233
f 235//235 248//248 247//247
f 235//235 247//247 234//234
f 236//236 249//249 248//248
f 236//236 248//248 235//235
f 223//223 222//222 249//249
f 223//223 249//249 236//236
f 253//253 265//265 252//252
f 253//253 266//266 265//265
f 254//254 267//267 266//266
f 254//254 266//266 253//253
f 255//255 268//268 267//267
f 255//255 267//267 254//254
f 256//256 269//269 268//268
f 256//256 268//268 255//255
f 257//257 270//270 269//269
f 257//257 269//269 256//256
f 258//258 271//271 270//270
f 258//258 270//270 257//257
f 259//259 272//272 271//271
f 259//259 271//271 258//258
f 260//260 273//273 272//272
f 260//260 272//272 259//259
f 261//261 274//274 273//273
f 261//261 273//273 260//260
f 262//262 275//275 274//274
f 262//262 274//274 261//261
f 263//263 276//276 275//275
f 263//263 275//275 262//262
f 264//264 277//277 276//276
f 264//264 276//276 263//263
f 251//251 250//250 277//277
f 251//251 277//277 264//264
f 281//281 293//293 280//280
f 281//281 294//294 293//293
f 282//282 295//295 294//294
f 282//282 294//294 281//281
f 283//283 296//296 295//295
f 283//283 295//295 282//282
f 284//284 297//297 296//296
f 284//284 296//296 283//283
f 285//285 298//298 297//297
f 285//285 297//297 284//284
f 286//286 299//299 298//298
f 286//286 298//298 285//285
f 287//287 300//300 299//299
f 287//287 299//299 286//286
f 288//288 301//301 300//300
f 288//288 300//300 287//287
f 289//289 302//302 301//301
f 289//289 301//301 288//288
f 290//290 303//303 302//302
f 290//290 302//302 289//289
f 291//291 304//304 303//303
f 291//291 303//303 290//290
f 292//292 305//305 304//304
f 292//292 304//304 291//291
f 279//279 278//278 305//305
f 279//279 305//305 292//292
f 323//323 324//324 325//325
f 323//323 325//325 340//340
f 322//322 323//323 340//340
f 321//321 340//340 339//339
f 321//321 322//322 340//340
f 320//320 338//338 337//337
f 320//320 339//339 338//338
f 320//320 321//321 339//339
f 319//319 337//337 336//336
f 319//319 320//320 337//337
f 318//318 336//336 335//335
f 318//318 319//319 336//336
f 317//317 334//334 333//333
f 317//317 335//335 334//334
f 317//317 318//318 335//335
f 316//316 333//333 332//332
f 316//316 317//317 333//333
f 315//315 332//332 331//331
f 315//315 316//316 332//332
f 314//314 330//330 329//329
f 314//314 331//331 330//330
f 314//314 315//315 331//331
f 313//313 329//329 328//328
f 313//313 314//314 329//329
f 312//312 328//328 327//327
f 312//312 313//313 328//328
f 311//311 327//327 326//326
f 311//311 312//312 327//327
f 310//310 326//326 307//307
f 310//310 311//311 326//326
f 309//309 310//310 307//307
f 308//308 307//307 306//306
f 308//308 309//309 307//307
f 377//377 343//343 344//344
f 377//377 344//344 345//345
f 377//377 345//345 346//346
f 378//378 346//346 347//347
f 378//378 347//347 348//348
f 378//378 348//348 349//349
f 378//378 349//349 341//341
f 378//378 377//377 346//346
f 376//376 343//343 377//377
f 379//379 378//378 341//341
f 375//375 343//343 376//376
f 380//380 379//379 341//341
f 381//381 380//380 341//341
f 374//374 343//343 375//375
f 342//342 382//382 381//381
f 342//342 383//383 382//382
f 342//342 381//381 341//341
f 384//384 383//383 342//342
f 385//385 342//342 367//367
f 385//385 367//367 368//368
f 385//385 384//384 342//342
f 369//369 385//385 368//368
f 370//370 385//385 369//369
f 386//386 385//385 370//370
f 371//371 386//386 370//370
f 372//372 386//386 371//371
f 366//366 386//386 372//372
f 387//387 386//386 366//366
f 388//388 387//387 366//366
f 389//389 388//388 366//366
f 350//350 343//343 374//374
f 373//373 355//355 356//356
f 373//373 356//356 357//357
f 373//373 357//357 350//350
f 354//354 355//355 373//373
f 353//353 354//354 373//373
f 352//352 353//353 373//373
f 351//351 352//352 373//373
f 390//390 351//351 373//373
f 358//358 351//351 390//390
f 360//360 390//390 359//359
f 365//365 358//358 390//390
f 361//361 390//390 360//360
f 364//364 365//365 390//390
f 362//362 390//390 361//361
f 363//363 364//364 390//390
f 363//363 390//390 362//362
f 359//359 389//389 366//366
f 373//373 350//350 374//374
f 389//389 359//359 390//390
f 425//425 392//392 391//391
f 425//425 391//391 408//408
f 424//424 425//425 408//408
f 423//423 408//408 407//407
f 423//423 424//424 408//408
f 422//422 406//406 405//405
f 422//422 407//407 406//406
f 422//422 423//423 407//407
f 421//421 405//405 404//404
f 421//421 422//422 405//405
f 420//420 404//404 403//403
f 420//420 421//421 404//404
f 419//419 402//402 401//401
f 419//419 403//403 402//402
f 419//419 420//420 403//403
f 418//418 401//401 400//400
f 418//418 419//419 401//401
f 417//417 400//400 399//399
f 417//417 418//418 400//400
f 416//416 398//398 397//397
f 416//416 399//399 398//398
f 416//416 417//417 399//399
f 415//415 397//397 396//396
f 415//415 416//416 397//397
f 414//414 396//396 395//395
f 414//414 415//415 396//396
f 413//413 395//395 394//394
f 413//413 414//414 395//395
f 412//412 394//394 393//393
f 412//412 413//413 394//394
f 411//411 412//412 393//393
f 410//410 411//411 393//393
f 410//410 393//393 409//409
f 428//428 434//434 433//433
f 428//428 435//435 434//434
f 428//428 436//436 435//435
f 428//428 429//429 436//436
f 427//427 431//431 430//430
f 427//427 432//432 431//431
f 427//427 433//433 432//432
f 427//427 437//437 426//426
f 427//427 438//438 437//437
f 427//427 430//430 438//438
f 427//427 428//428 433//433
f 446//446 440//440 439//439
f 446//446 441//441 440//440
f 448//448 445//445 444//444
f 448//448 447//447 445//445
f 449//449 447//447 448//448
f 449//449 448//448 444//444
f 450//450 444//444 443//443
f 450//450 446//446 447//447
f 450//450 449//449 444//444
f 450//450 447//447 449//449
f 451//451 442//442 441//441
f 451//451 443//443 442//442
f 451//451 446//446 450//450
f 451//451 441//441 446//446
f 451//451 450//450 443//443
f 461//461 453//453 452//452
f 461//461 454//454 453//453
f 461//461 455//455 454//454
f 461//461 456//456 455//455
f 461//461 457//457 456//456
f 461//461 458//458 457//457
f 461//461 452//452 459//459
f 461//461 459//459 460//460
f 461//461 460//460 458//458
f 463//463 473//473 462//462
f 463//463 474//474 473//473
f 475//475 468//468 467//467
f 476//476 469//469 468//468
f 476//476 470//470 469//469
f 476//476 471//471 470//470
f 476//476 468//468 475//475
f 477//477 464//464 478//478
f 479//479 472//472 471//471
f 479//479 465//465 472//472
f 479//479 471//471 476//476
f 479//479 480//480 465//465
f 479//479 481//481 482//482
f 479//479 476//476 481//481
f 483//483 484//484 481//481
f 485//485 475//475 486//486
f 485//485 476//476 475//475
f 485//485 481//481 476//476
f 485//485 483//483 481//481
f 487//487 478//478 464//464
f 488//488 489//489 486//486
f 488//488 490//490 489//489
f 488//488 477//477 478//478
f 488//488 478//478 487//487
f 491//491 486//486 475//475
f 491//491 488//488 486//486
f 491//491 477//477 488//488
f 492//492 467//467 466//466
f 492//492 466//466 474//474
f 492//492 474//474 463//463
f 492//492 475//475 467//467
f 493//493 480//480 479//479
f 493//493 494//494 495//495
f 493//493 482//482 494//494
f 493//493 479//479 482//482
f 496//496 497//497 498//498
f 496//496 499//499 497//497
f 496//496 498//498 495//495
f 496//496 495//495 494//494
f 500//500 498//498 497//497
f 501//501 494//494 482//482
f 501//501 499//499 496//496
f 501//501 482//482 481//481
f 501//501 496//496 494//494
f 501//501 502//502 499//499
f 501//501 503//503 502//502
f 501//501 481//481 484//484
f 501//501 484//484 503//503
f 504//504 497//497 499//499
f 505//505 504//504 499//499
f 505//505 490//490 504//504
f 505//505 489//489 490//490
f 505//505 499//499 502//502
f 505//505 502//502 503//503
f 506//506 486//486 489//489
f 506//506 505//505 503//503
f 506//506 489//489 505//505
f 506//506 485//485 486//486
f 506//506 503//503 484//484
f 506//506 484//484 483//483
f 506//506 483//483 485//485
f 507//507 491//491 475//475
f 507//507 477//477 491//491
f 507//507 475//475 492//492
f 508//508 477//477 507//507
f 508//508 464//464 477//477
f 509//509 493//493 510//510
f 509//509 480//480 493//493
f 511//511 510//510 493//493
f 511//511 493//493 495//495
f 512//512 508//508 507//507
f 512//512 507//507 492//492
f 513//513 492//492 463//463
f 514//514 511//511 495//495
f 514//514 495//495 515//515
f 516//516 495//495 498//498
f 516//516 515//515 495//495
f 517//517 487//487 464//464
f 517//517 488//488 487//487
f 517//517 490//490 488//488
f 518//518 508//508 512//512
f 518//518 464//464 508//508
f 519//519 512//512 492//492
f 520//520 510//510 511//511
f 521//521 498//498 522//522
f 521//521 516//516 498//498
f 523//523 519//519 492//492
f 524//524 513//513 463//463
f 525//525 480//480 509//509
f 526//526 511//511 514//514
f 527//527 514//514 515//515
f 528//528 518//518 512//512
f 528//528 464//464 518//518
f 529//529 523//523 492//492
f 530//530 510//510 520//520
f 531//531 511//511 526//526
f 532//532 490//490 517//517
f 532//532 504//504 490//490
f 532//532 517//517 464//464
f 533//533 529//529 492//492
f 534//534 524//524 463//463
f 535//535 509//509 510//510
f 535//535 525//525 509//509
f 535//535 510//510 530//530
f 536//536 515//515 516//516
f 537//537 536//536 516//516
f 537//537 532//532 464//464
f 537//537 516//516 521//521
f 538//538 522//522 498//498
f 538//538 532//532 537//537
f 538//538 537//537 521//521
f 538//538 500//500 539//539
f 538//538 521//521 522//522
f 538//538 498//498 500//500
f 540//540 500//500 497//497
f 540//540 538//538 539//539
f 540//540 497//497 504//504
f 540//540 539//539 500//500
f 540//540 532//532 538//538
f 540//540 504//504 532//532
f 541//541 529//529 533//533
f 541//541 512//512 519//519
f 541//541 464//464 528//528
f 541//541 528//528 512//512
f 541//541 519//519 523//523
f 541//541 523//523 529//529
f 542//542 533//533 492//492
f 542//542 541//541 533//533
f 543//543 464//464 465//465
f 543//543 525//525 535//535
f 543//543 465//465 480//480
f 543//543 480//480 525//525
f 543//543 537//537 464//464
f 544//544 535//535 530//530
f 544//544 537//537 543//543
f 544//544 520//520 511//511
f 544//544 543//543 535//535
f 544//544 530//530 520//520
f 544//544 511//511 531//531
f 545//545 531//531 526//526
f 545//545 544//544 531//531
f 545//545 526//526 514//514
f 545//545 514//514 527//527
f 545//545 537//537 544//544
f 546//546 536//536 537//537
f 546//546 537//537 545//545
f 546//546 545//545 527//527
f 546//546 527//527 515//515
f 546//546 515//515 536//536
f 547//547 524//524 534//534
f 547//547 541//541 542//542
f 547//547 492//492 513//513
f 547//547 513//513 524//524
f 547//547 542//542 492//492
f 548//548 463//463 464//464
f 548//548 534//534 463//463
f 548//548 547//547 534//534
f 548//548 541//541 547//547
f 548//548 464//464 541//541
f 588//588 551//551 550//550
f 588//588 587//587 551//551
f 549//549 588//588 550//550
f 586//586 551//551 587//587
f 581//581 586//586 585//585
f 581//581 551//551 586//586
f 581//581 585//585 582//582
f 584//584 582//582 585//585
f 583//583 582//582 584//584
f 580//580 551//551 581//581
f 575//575 580//580 579//579
f 575//575 551//551 580//580
f 575//575 579//579 576//576
f 577//577 579//579 578//578
f 577//577 576//576 579//579
f 574//574 551//551 575//575
f 570//570 574//574 573//573
f 569//569 574//574 570//570
f 569//569 551//551 574//574
f 571//571 573//573 572//572
f 571//571 570//570 573//573
f 568//568 551//551 569//569
f 564//564 568//568 567//567
f 564//564 563//563 568//568
f 565//565 567//567 566//566
f 565//565 564//564 567//567
f 558//558 562//562 561//561
f 557//557 562//562 558//558
f 559//559 558//558 561//561
f 559//559 561//561 560//560
f 552//552 562//562 557//557
f 552//552 556//556 555//555
f 552//552 557//557 556//556
f 552//552 563//563 562//562
f 552//552 568//568 563//563
f 552//552 551//551 568//568
f 553//553 555//555 554//554
f 553//553 552//552 555//555
f 591//591 589//589 590//590
f 591//591 592//592 589//589
f 594//594 593//593 595//595
f 594//594 595//595 596//596
f 598//598 597//597 602//602
f 600//600 599//599 598//598
f 601//601 600//600 598//598
f 601//601 598//598 602//602
f 606//606 604//604 605//605
f 608//608 606//606 607//607
f 603//603 606//606 608//608
f 603//603 604//604 606//606
f 611//611 609//609 610//610
f 611//611 612//612 609//609
f 614//614 613//613 615//615
f 614//614 615//615 616//616
f 618//618 620//620 619//619
f 618//618 617//617 622//622
f 621//621 620//620 618//618
f 621//621 618//618 622//622
f 626//626 624//624 625//625
f 626//626 627//627 628//628
f 623//623 626//626 628//628
f 623//623 624//624 626//626
f 631//631 629//629 630//630
f 631//631 632//632 629//629
f 634//634 633//633 635//635
f 634//634 635//635 636//636
f 638//638 640//640 639//639
f 638//638 637//637 642//642
f 641//641 640//640 638//638
f 641//641 638//638 642//642
f 646//646 644//644 645//645
f 646//646 647//647 648//648
f 643//643 644//644 646//646
f 643//643 646//646 648//648
f 651//651 649//649 650//650
f 651//651 652//652 649//649
f 654//654 653//653 655//655
f 654//654 655//655 656//656
f 658//658 657//657 662//662
f 660//660 659//659 658//658
f 661//661 660//660 658//658
f 661//661 658//658 662//662
f 666//666 664//664 665//665
f 668//668 666//666 667//667
f 663//663 666//666 668//668
f 663//663 664//664 666//666
f 671//671 669//669 670//670
f 671//671 672//672 669//669
f 674//674 673//673 675//675
f 674//674 675//675 676//676
f 678//678 680//680 679//679
f 678//678 677//677 682//682
f 681//681 680//680 678//678
f 681//681 678//678 682//682
f 686//686 684//684 685//685
f 686//686 687//687 688//688
f 683//683 686//686 688//688
f 683//683 684//684 686//686
f 691//691 689//689 690//690
f 691//691 692//692 689//689
f 694//694 693//693 695//695
f 694//694 695//695 696//696
f 698//698 700//700 699//699
f 698//698 697//697 702//702
f 701//701 700//700 698//698
f 701//701 698//698 702//702
f 706//706 704//704 705//705
f 706//706 707//707 708//708
f 703//703 704//704 706//706
f 703//703 706//706 708//708
f 711//711 709//709 710//710
f 711//711 712//712 709//709
f 714//714 713//713 715//715
f 714//714 715//715 716//716
f 718//718 717//717 722//722
f 720//720 719//719 718//718
f 721//721 720//720 718//718
f 721//721 718//718 722//722
f 726//726 724//724 725//725
f 728//728 726//726 727//727
f 723//723 726//726 728//728
f 723//723 724//724 726//726
f 731//731 729//729 730//730
f 731//731 732//732 729//729
f 734//734 733//733 735//735
f 734//734 735//735 736//736
f 738//738 740//740 739//739
f 738//738 737//737 742//742
f 741//741 740//740 738//738
f 741//741 738//738 742//742
f 746//746 744//744 745//745
f 746//746 747//747 748//748
f 743//743 746//746 748//748
f 743//743 744//744 746//746
f 751//751 749//749 750//750
f 751//751 752//752 749//749
f 754//754 753//753 755//755
f 754//754 755//755 756//756
f 758//758 760//760 759//759
f 758//758 757//757 762//762
f 761//761 760//760 758//758
f 761//761 758//758 762//762
f 766//766 764//764 765//765
f 766//766 767//767 768//768
f 763//763 764//764 766//766
f 763//763 766//766 768//768
f 771//771 769//769 770//770
f 771//771 772//772 769//769
f 774//774 773//773 775//775
f 774//774 775//775 776//776
f 778//778 777//777 782//782
f 780//780 779//779 778//778
f 781//781 780//780 778//778
f 781//781 778//778 782//782
f 786//786 784//784 785//785
f 788//788 786//786 787//787
f 783//783 786//786 788//788
f 783//783 784//784 786//786
f 791//791 789//789 790//790
f 791//791 792//792 789//789
f 794//794 793//793 795//795
f 794//794 795//795 796//796
f 798//798 800//800 799//799
f 798//798 797//797 802//802
f 801//801 800//800 798//798
f 801//801 798//798 802//802
f 806//806 804//804 805//805
f 806//806 807//807 808//808
f 803//803 806//806 808//808
f 803//803 804//804 806//806
f 811//811 809//809 810//810
f 811//811 812//812 809//809
f 814//814 813//813 815//815
f 814//814 815//815 816//816
f 818//818 820//820 819//819
f 818//818 817//817 822//822
f 821//821 820//820 818//818
f 821//821 818//818 822//822
f 826//826 824//824 825//825
f 826//826 827//827 828//828
f 823//823 824//824 826//826
f 823//823 826//826 828//828
f 831//831 829//829 830//830
f 831//831 832//832 829//829
f 834//834 833//833 835//835
f 834//834 835//835 836//836
f 838//838 837//837 842//842
f 840//840 839//839 838//838
f 841//841 840//840 838//838
f 841//841 838//838 842//842
f 846//846 844//844 845//845
f 848//848 846//846 847//847
f 843//843 846//846 848//848
f 843//843 844//844 846//846
f 851//851 849//849 850//850
f 851//851 852//852 849//849
f 854//854 853//853 855//855
f 854//854 855//855 856//856
f 858//858 860//860 859//859
f 858//858 857//857 862//862
f 861//861 860//860 858//858
f 861//861 858//858 862//862
f 866//866 864//864 865//865
f 866//866 867//867 868//868
f 863//863 866//866 868//868
f 863//863 864//864 866//866
f 871//871 869//869 870//870
f 871//871 872//872 869//869
f 874//874 873//873 875//875
f 874//874 875//875 876//876
f 878//878 880//880 879//879
f 878//878 877//877 882//882
f 881//881 880//880 878//878
f 881//881 878//878 882//882
f 886//886 884//884 885//885
f 886//886 887//887 888//888
f 883//883 884//884 886//886
f 883//883 886//886 888//888
f 891//891 889//889 890//890
f 891//891 892//892 889//889
f 894//894 893//893 895//895
f 894//894 895//895 896//896
f 898//898 897//897 902//902
f 900//900 899//899 898//898
f 901//901 900//900 898//898
f 901//901 898//898 902//902
f 906//906 904//904 905//905
f 908//908 906//906 907//907
f 903//903 906//906 908//908
f 903//903 904//904 906//906
f 911//911 909//909 910//910
f 911//911 912//912 909//909
f 914//914 913//913 915//915
f 914//914 915//915 916//916
f 918//918 920//920 919//919
f 918//918 917//917 922//922
f 921//921 920//920 918//918
f 921//921 918//918 922//922
f 926//926 924//924 925//925
f 926//926 927//927 928//928
f 923//923 926//926 928//928
f 923//923 924//924 926//926
f 931//931 929//929 930//930
f 931//931 932//932 929//929
f 934//934 933//933 935//935
f 934//934 935//935 936//936
f 938//938 940//940 939//939
f 938//938 937//937 942//942
f 941//941 940//940 938//938
f 941//941 938//938 942//942
f 946//946 944//944 945//945
f 946//946 947//947 948//948
f 943//943 944//944 946//946
f 943//943 946//946 948//948
f 969//969 972//972 971//971
f 968//968 972//972 969//969
f 970//970 969//969 971//971
f 967//967 972//972 968//968
f 965//965 967//967 966//966
f 965//965 972//972 967//967
f 964//964 972//972 965//965
f 962//962 972//972 964//964
f 963//963 962//962 964//964
f 961//961 972//972 962//962
f 959//959 961//961 960//960
f 959//959 972//972 961//961
f 958//958 972//972 959//959
f 956//956 958//958 957//957
f 953//953 955//955 954//954
f 950//950 952//952 951//951
f 979//979 978//978 949//949
f 973//973 950//950 949//949
f 973//973 953//953 952//952
f 973//973 956//956 955//955
f 973//973 977//977 976//976
f 973//973 978//978 977//977
f 973//973 972//972 958//958
f 973//973 958//958 956//956
f 973//973 955//955 953//953
f 973//973 952//952 950//950
f 973//973 949//949 978//978
f 974//974 976//976 975//975
f 974//974 973//973 976//976
f 981//981 982//982 980//980
f 981//981 983//983 982//982
f 986//986 985//985 984//984
f 986//986 984//984 987//987
f 1098//1098 1099//1099 1005//1005
f 1343//1343 1098//1098 1005//1005
f 1101//1101 1005//1005 1099//1099
f 1345//1345 1100//1100 1098//1098
f 1345//1345 1098//1098 1343//1343
f 1105//1105 1344//1344 1342//1342
f 1105//1105 1342//1342 1103//1103
f 1341//1341 1104//1104 1102//1102
f 1341//1341 1102//1102 1339//1339
f 1009//1009 1101//1101 1100//1100
f 1009//1009 1005//1005 1101//1101
f 1167//1167 1338//1338 1168//1168
f 1169//1169 1168//1168 1338//1338
f 1166//1166 1338//1338 1167//1167
f 1170//1170 1169//1169 1338//1338
f 1165//1165 1338//1338 1166//1166
f 1171//1171 1170//1170 1338//1338
f 1164//1164 1340//1340 1338//1338
f 1164//1164 1338//1338 1165//1165
f 1163//1163 1340//1340 1164//1164
f 1162//1162 1340//1340 1163//1163
f 1161//1161 1340//1340 1162//1162
f 1160//1160 1340//1340 1161//1161
f 1006//1006 1105//1105 1104//1104
f 1006//1006 1100//1100 1345//1345
f 1006//1006 1341//1341 1340//1340
f 1006//1006 1345//1345 1344//1344
f 1006//1006 1009//1009 1100//1100
f 1006//1006 1344//1344 1105//1105
f 1006//1006 1104//1104 1341//1341
f 1004//1004 1172//1172 1171//1171
f 1004//1004 1173//1173 1172//1172
f 1004//1004 1174//1174 1173//1173
f 1004//1004 1175//1175 1174//1174
f 1004//1004 1176//1176 1175//1175
f 1004//1004 1177//1177 1176//1176
f 1004//1004 1171//1171 1338//1338
f 1050//1050 1340//1340 1160//1160
f 1050//1050 1159//1159 1158//1158
f 1050//1050 1160//1160 1159//1159
f 1050//1050 1181//1181 1180//1180
f 1050//1050 1182//1182 1181//1181
f 1050//1050 1183//1183 1182//1182
f 1050//1050 1158//1158 1183//1183
f 1059//1059 1003//1003 1002//1002
f 1059//1059 1004//1004 1003//1003
f 1059//1059 1058//1058 1004//1004
f 1061//1061 1004//1004 1058//1058
f 1061//1061 1178//1178 1177//1177
f 1061//1061 1177//1177 1004//1004
f 1378//1378 1059//1059 1002//1002
f 1054//1054 1178//1178 1061//1061
f 1010//1010 1008//1008 1007//1007
f 1010//1010 1013//1013 1008//1008
f 1051//1051 1050//1050 1180//1180
f 1051//1051 1178//1178 1054//1054
f 1051//1051 1179//1179 1178//1178
f 1051//1051 1180//1180 1179//1179
f 1381//1381 1059//1059 1378//1378
f 1381//1381 1060//1060 1059//1059
f 1379//1379 1001//1001 1000//1000
f 1379//1379 1002//1002 1001//1001
f 1379//1379 1378//1378 1002//1002
f 1057//1057 1051//1051 1054//1054
f 1055//1055 1054//1054 1061//1061
f 1055//1055 1061//1061 1060//1060
f 1070//1070 1379//1379 1000//1000
f 1382//1382 1055//1055 1060//1060
f 1382//1382 1060//1060 1381//1381
f 1382//1382 1056//1056 1055//1055
f 1386//1386 1051//1051 1057//1057
f 1071//1071 1000//1000 999//999
f 1071//1071 1070//1070 1000//1000
f 1073//1073 1379//1379 1070//1070
f 1073//1073 1380//1380 1379//1379
f 1383//1383 1382//1382 1381//1381
f 1383//1383 1381//1381 1380//1380
f 1385//1385 1056//1056 1382//1382
f 1387//1387 1057//1057 1056//1056
f 1387//1387 1386//1386 1057//1057
f 1389//1389 1051//1051 1386//1386
f 1366//1366 999//999 998//998
f 1366//1366 1071//1071 999//999
f 1066//1066 1383//1383 1380//1380
f 1066//1066 1380//1380 1073//1073
f 1066//1066 1073//1073 1072//1072
f 1066//1066 1384//1384 1383//1383
f 1062//1062 1056//1056 1385//1385
f 1062//1062 1387//1387 1056//1056
f 1367//1367 998//998 997//997
f 1367//1367 1366//1366 998//998
f 1369//1369 1071//1071 1366//1366
f 1369//1369 1072//1072 1071//1071
f 1067//1067 1066//1066 1072//1072
f 1067//1067 1072//1072 1369//1369
f 1069//1069 1384//1384 1066//1066
f 1063//1063 1062//1062 1385//1385
f 1063//1063 1385//1385 1384//1384
f 1065//1065 1387//1387 1062//1062
f 1065//1065 1388//1388 1387//1387
f 1082//1082 997//997 996//996
f 1082//1082 1367//1367 997//997
f 1370//1370 1067//1067 1369//1369
f 1374//1374 1384//1384 1069//1069
f 1374//1374 1063//1063 1384//1384
f 1083//1083 995//995 994//994
f 1083//1083 996//996 995//995
f 1083//1083 1082//1082 996//996
f 1085//1085 1367//1367 1082//1082
f 1085//1085 1368//1368 1367//1367
f 1371//1371 1370//1370 1369//1369
f 1371//1371 1368//1368 1085//1085
f 1371//1371 1369//1369 1368//1368
f 1373//1373 1067//1067 1370//1370
f 1373//1373 1068//1068 1067//1067
f 1375//1375 1374//1374 1069//1069
f 1375//1375 1069//1069 1068//1068
f 1377//1377 1063//1063 1374//1374
f 1377//1377 1064//1064 1063//1063
f 1053//1053 1006//1006 1340//1340
f 1053//1053 1340//1340 1050//1050
f 1354//1354 1083//1083 994//994
f 1354//1354 1084//1084 1083//1083
f 1078//1078 1371//1371 1085//1085
f 1074//1074 1375//1375 1068//1068
f 1074//1074 1068//1068 1373//1373
f 1355//1355 994//994 993//993
f 1355//1355 1354//1354 994//994
f 1357//1357 1084//1084 1354//1354
f 1079//1079 1078//1078 1085//1085
f 1079//1079 1085//1085 1084//1084
f 1081//1081 1371//1371 1078//1078
f 1081//1081 1372//1372 1371//1371
f 1075//1075 1074//1074 1373//1373
f 1075//1075 1373//1373 1372//1372
f 1077//1077 1375//1375 1074//1074
f 1077//1077 1376//1376 1375//1375
f 1356//1356 1355//1355 993//993
f 1358//1358 1084//1084 1357//1357
f 1358//1358 1079//1079 1084//1084
f 1362//1362 1076//1076 1075//1075
f 1362//1362 1372//1372 1081//1081
f 1362//1362 1075//1075 1372//1372
f 1390//1390 1007//1007 1006//1006
f 1390//1390 1011//1011 1010//1010
f 1390//1390 1006//1006 1053//1053
f 1390//1390 1010//1010 1007//1007
f 1361//1361 1080//1080 1079//1079
f 1361//1361 1079//1079 1358//1358
f 1359//1359 1357//1357 1356//1356
f 1359//1359 1358//1358 1357//1357
f 1363//1363 1362//1362 1081//1081
f 1363//1363 1081//1081 1080//1080
f 1365//1365 1076//1076 1362//1362
f 1052//1052 1388//1388 1065//1065
f 1052//1052 1064//1064 1377//1377
f 1052//1052 1051//1051 1389//1389
f 1052//1052 1065//1065 1064//1064
f 1052//1052 1377//1377 1376//1376
f 1052//1052 1389//1389 1388//1388
f 1091//1091 1359//1359 1356//1356
f 1091//1091 1356//1356 993//993
f 1086//1086 1363//1363 1080//1080
f 1086//1086 1080//1080 1361//1361
f 1087//1087 1086//1086 1361//1361
f 1087//1087 1361//1361 1360//1360
f 1089//1089 1363//1363 1086//1086
f 1089//1089 1364//1364 1363//1363
f 1318//1318 1321//1321 1012//1012
f 1318//1318 1012//1012 1011//1011
f 1317//1317 1318//1318 1011//1011
f 1391//1391 1390//1390 1053//1053
f 1391//1391 1053//1053 1052//1052
f 989//989 1012//1012 1321//1321
f 1320//1320 989//989 1321//1321
f 1090//1090 1091//1091 993//993
f 1314//1314 1317//1317 1011//1011
f 1093//1093 1359//1359 1091//1091
f 1093//1093 1087//1087 1360//1360
f 1093//1093 1360//1360 1359//1359
f 1093//1093 1088//1088 1087//1087
f 1394//1394 1391//1391 1052//1052
f 1319//1319 989//989 1320//1320
f 1313//1313 1314//1314 1011//1011
f 1316//1316 1319//1319 1318//1318
f 1316//1316 1318//1318 1317//1317
f 1316//1316 989//989 1319//1319
f 1310//1310 1313//1313 1011//1011
f 1353//1353 1092//1092 1090//1090
f 1353//1353 1090//1090 1351//1351
f 1395//1395 1076//1076 1365//1365
f 1395//1395 1394//1394 1052//1052
f 1395//1395 1052//1052 1376//1376
f 1395//1395 1365//1365 1364//1364
f 1395//1395 1077//1077 1076//1076
f 1395//1395 1376//1376 1077//1077
f 1309//1309 1310//1310 1011//1011
f 1312//1312 1315//1315 1314//1314
f 1312//1312 1314//1314 1313//1313
f 1097//1097 1352//1352 1350//1350
f 1097//1097 1350//1350 1095//1095
f 1393//1393 1306//1306 1309//1309
f 1393//1393 1309//1309 1011//1011
f 1393//1393 1011//1011 1390//1390
f 1308//1308 1311//1311 1310//1310
f 1308//1308 1310//1310 1309//1309
f 1349//1349 1096//1096 1094//1094
f 1349//1349 1094//1094 1347//1347
f 1193//1193 1346//1346 1194//1194
f 1195//1195 1194//1194 1346//1346
f 1192//1192 1346//1346 1193//1193
f 1142//1142 1306//1306 1393//1393
f 1141//1141 1306//1306 1142//1142
f 1143//1143 1142//1142 1393//1393
f 1196//1196 1195//1195 1346//1346
f 1140//1140 1306//1306 1141//1141
f 1191//1191 1346//1346 1192//1192
f 1144//1144 1143//1143 1393//1393
f 1197//1197 1196//1196 1346//1346
f 1139//1139 1307//1307 1306//1306
f 1139//1139 1306//1306 1140//1140
f 1190//1190 1346//1346 1191//1191
f 1145//1145 1144//1144 1393//1393
f 1138//1138 1307//1307 1139//1139
f 1348//1348 1346//1346 1190//1190
f 1146//1146 1393//1393 1392//1392
f 1146//1146 1145//1145 1393//1393
f 1189//1189 1348//1348 1190//1190
f 1137//1137 1307//1307 1138//1138
f 1423//1423 1088//1088 1093//1093
f 1422//1422 1423//1423 1093//1093
f 1421//1421 1093//1093 1092//1092
f 1421//1421 1422//1422 1093//1093
f 1424//1424 1088//1088 1423//1423
f 1147//1147 1146//1146 1392//1392
f 1188//1188 1348//1348 1189//1189
f 1425//1425 1089//1089 1088//1088
f 1425//1425 1088//1088 1424//1424
f 1420//1420 1421//1421 1092//1092
f 1420//1420 1092//1092 1353//1353
f 1136//1136 1307//1307 1137//1137
f 992//992 1198//1198 1197//1197
f 992//992 1199//1199 1198//1198
f 992//992 1200//1200 1199//1199
f 992//992 1197//1197 1346//1346
f 1187//1187 1348//1348 1188//1188
f 1418//1418 1395//1395 1364//1364
f 1418//1418 1364//1364 1089//1089
f 1418//1418 1089//1089 1425//1425
f 1419//1419 1420//1420 1353//1353
f 1419//1419 1353//1353 1352//1352
f 1419//1419 1352//1352 1097//1097
f 1135//1135 1307//1307 1136//1136
f 1397//1397 1392//1392 1391//1391
f 1397//1397 1391//1391 1394//1394
f 1201//1201 1200//1200 992//992
f 1186//1186 1348//1348 1187//1187
f 1134//1134 1307//1307 1135//1135
f 1202//1202 1201//1201 992//992
f 1297//1297 1147//1147 1392//1392
f 1297//1297 1392//1392 1397//1397
f 1185//1185 1348//1348 1186//1186
f 1133//1133 1307//1307 1134//1134
f 1203//1203 1202//1202 992//992
f 1184//1184 1348//1348 1185//1185
f 1296//1296 1148//1148 1147//1147
f 1296//1296 1149//1149 1148//1148
f 1296//1296 1147//1147 1297//1297
f 1294//1294 1297//1297 1397//1397
f 1204//1204 1203//1203 992//992
f 1132//1132 1307//1307 1133//1133
f 1205//1205 1204//1204 992//992
f 1285//1285 1294//1294 1397//1397
f 1301//1301 1150//1150 1149//1149
f 1301//1301 1149//1149 1296//1296
f 1282//1282 1285//1285 1397//1397
f 1284//1284 1295//1295 1294//1294
f 1284//1284 1294//1294 1285//1285
f 1300//1300 1150//1150 1301//1301
f 1300//1300 1151//1151 1150//1150
f 1300//1300 1152//1152 1151//1151
f 1298//1298 1296//1296 1295//1295
f 1298//1298 1295//1295 1284//1284
f 1298//1298 1301//1301 1296//1296
f 1396//1396 1282//1282 1397//1397
f 1273//1273 1282//1282 1396//1396
f 1289//1289 1298//1298 1284//1284
f 1305//1305 1300//1300 1299//1299
f 1305//1305 1152//1152 1300//1300
f 1305//1305 1153//1153 1152//1152
f 1426//1426 1097//1097 1096//1096
f 1426//1426 1419//1419 1097//1097
f 1426//1426 1096//1096 1349//1349
f 1411//1411 1395//1395 1418//1418
f 988//988 1154//1154 1153//1153
f 988//988 1155//1155 1154//1154
f 988//988 1156//1156 1155//1155
f 988//988 1157//1157 1156//1156
f 988//988 1132//1132 1157//1157
f 988//988 1153//1153 1305//1305
f 988//988 1307//1307 1132//1132
f 1270//1270 1273//1273 1396//1396
f 1272//1272 1282//1282 1273//1273
f 1272//1272 1283//1283 1282//1282
f 1412//1412 1395//1395 1411//1411
f 1433//1433 1426//1426 1349//1349
f 1288//1288 1299//1299 1298//1298
f 1288//1288 1298//1298 1289//1289
f 1286//1286 1283//1283 1272//1272
f 1286//1286 1289//1289 1284//1284
f 1286//1286 1284//1284 1283//1283
f 1304//1304 988//988 1305//1305
f 1302//1302 1305//1305 1299//1299
f 1413//1413 1395//1395 1412//1412
f 1303//1303 988//988 1304//1304
f 1261//1261 1270//1270 1396//1396
f 1277//1277 1286//1286 1272//1272
f 1293//1293 1299//1299 1288//1288
f 1293//1293 1302//1302 1299//1299
f 1293//1293 1288//1288 1287//1287
f 1258//1258 1261//1261 1396//1396
f 1260//1260 1270//1270 1261//1261
f 1260//1260 1271//1271 1270//1270
f 1398//1398 1348//1348 1184//1184
f 1398//1398 1429//1429 1430//1430
f 1398//1398 1430//1430 1431//1431
f 1398//1398 1431//1431 1432//1432
f 1398//1398 1432//1432 1433//1433
f 1398//1398 1349//1349 1348//1348
f 1398//1398 1433//1433 1349//1349
f 1276//1276 1286//1286 1277//1277
f 1276//1276 1287//1287 1286//1286
f 1274//1274 1277//1277 1272//1272
f 1274//1274 1272//1272 1271//1271
f 1274//1274 1271//1271 1260//1260
f 1292//1292 1303//1303 1302//1302
f 1292//1292 1302//1302 1293//1293
f 1292//1292 988//988 1303//1303
f 1290//1290 1293//1293 1287//1287
f 1428//1428 1429//1429 1398//1398
f 1291//1291 988//988 1292//1292
f 1427//1427 1428//1428 1398//1398
f 1249//1249 1258//1258 1396//1396
f 1265//1265 1274//1274 1260//1260
f 1281//1281 1291//1291 1290//1290
f 1281//1281 1287//1287 1276//1276
f 1281//1281 1290//1290 1287//1287
f 1246//1246 1249//1249 1396//1396
f 1248//1248 1259//1259 1258//1258
f 1248//1248 1258//1258 1249//1249
f 1264//1264 1274//1274 1265//1265
f 1264//1264 1275//1275 1274//1274
f 1262//1262 1265//1265 1260//1260
f 1262//1262 1259//1259 1248//1248
f 1262//1262 1260//1260 1259//1259
f 1280//1280 988//988 1291//1291
f 1280//1280 1291//1291 1281//1281
f 1278//1278 1281//1281 1276//1276
f 1278//1278 1275//1275 1264//1264
f 1278//1278 1276//1276 1275//1275
f 1279//1279 988//988 1280//1280
f 1399//1399 1398//1398 1184//1184
f 1399//1399 1206//1206 1205//1205
f 1399//1399 1207//1207 1206//1206
f 1399//1399 1205//1205 992//992
f 1399//1399 1208//1208 1207//1207
f 1399//1399 1209//1209 1208//1208
f 1399//1399 1184//1184 1209//1209
f 1237//1237 1246//1246 1396//1396
f 1253//1253 1262//1262 1248//1248
f 1269//1269 1278//1278 1264//1264
f 1269//1269 1279//1279 1278//1278
f 1234//1234 1396//1396 1395//1395
f 1234//1234 1237//1237 1396//1396
f 1236//1236 1247//1247 1246//1246
f 1236//1236 1246//1246 1237//1237
f 1252//1252 1262//1262 1253//1253
f 1252//1252 1263//1263 1262//1262
f 1250//1250 1248//1248 1247//1247
f 1250//1250 1253//1253 1248//1248
f 1268//1268 1279//1279 1269//1269
f 1268//1268 988//988 1279//1279
f 1266//1266 1263//1263 1252//1252
f 1266//1266 1269//1269 1264//1264
f 1266//1266 1264//1264 1263//1263
f 1267//1267 988//988 1268//1268
f 1017//1017 1414//1414 1415//1415
f 1017//1017 1018//1018 1414//1414
f 1225//1225 1234//1234 1395//1395
f 1241//1241 1250//1250 1247//1247
f 1241//1241 1247//1247 1236//1236
f 1016//1016 1017//1017 1415//1415
f 1016//1016 1415//1415 1416//1416
f 1019//1019 1413//1413 1414//1414
f 1019//1019 1414//1414 1018//1018
f 1019//1019 1395//1395 1413//1413
f 1257//1257 1252//1252 1251//1251
f 1257//1257 1267//1267 1266//1266
f 1257//1257 1266//1266 1252//1252
f 1015//1015 1416//1416 1417//1417
f 1015//1015 1016//1016 1416//1416
f 1020//1020 1395//1395 1019//1019
f 1020//1020 1225//1225 1395//1395
f 1224//1224 1235//1235 1234//1234
f 1224//1224 1234//1234 1225//1225
f 1240//1240 1250//1250 1241//1241
f 1240//1240 1251//1251 1250//1250
f 1238//1238 1235//1235 1224//1224
f 1238//1238 1236//1236 1235//1235
f 1238//1238 1241//1241 1236//1236
f 1014//1014 1417//1417 1410//1410
f 1014//1014 1015//1015 1417//1417
f 1021//1021 1225//1225 1020//1020
f 1021//1021 1222//1222 1225//1225
f 1256//1256 1267//1267 1257//1257
f 1254//1254 1257//1257 1251//1251
f 1213//1213 1222//1222 1021//1021
f 1229//1229 1238//1238 1224//1224
f 1245//1245 1251//1251 1240//1240
f 1245//1245 1254//1254 1251//1251
f 1212//1212 1223//1223 1222//1222
f 1212//1212 1222//1222 1213//1213
f 1210//1210 1213//1213 1021//1021
f 1228//1228 1238//1238 1229//1229
f 1228//1228 1239//1239 1238//1238
f 1226//1226 1224//1224 1223//1223
f 1226//1226 1229//1229 1224//1224
f 1242//1242 1245//1245 1240//1240
f 1242//1242 1239//1239 1228//1228
f 1242//1242 1240//1240 1239//1239
f 1244//1244 1255//1255 1254//1254
f 1244//1244 1254//1254 1245//1245
f 1401//1401 1408//1408 1409//1409
f 1401//1401 1409//1409 1427//1427
f 1217//1217 1212//1212 1211//1211
f 1217//1217 1223//1223 1212//1212
f 1217//1217 1226//1226 1223//1223
f 1046//1046 1404//1404 1405//1405
f 1046//1046 1405//1405 1406//1406
f 1046//1046 1406//1406 1407//1407
f 1046//1046 1407//1407 1408//1408
f 1046//1046 1408//1408 1401//1401
f 1233//1233 1242//1242 1228//1228
f 1216//1216 1227//1227 1226//1226
f 1216//1216 1226//1226 1217//1217
f 1214//1214 1217//1217 1211//1211
f 1232//1232 1243//1243 1242//1242
f 1232//1232 1242//1242 1233//1233
f 1230//1230 1228//1228 1227//1227
f 1230//1230 1233//1233 1228//1228
f 1039//1039 1210//1210 1021//1021
f 1022//1022 1014//1014 1410//1410
f 1022//1022 1402//1402 1403//1403
f 1022//1022 1410//1410 1402//1402
f 1029//1029 1022//1022 1403//1403
f 1337//1337 1211//1211 1210//1210
f 1337//1337 1215//1215 1214//1214
f 1337//1337 1039//1039 1040//1040
f 1337//1337 1210//1210 1039//1039
f 1337//1337 1214//1214 1211//1211
f 1221//1221 1227//1227 1216//1216
f 1221//1221 1230//1230 1227//1227
f 1041//1041 1337//1337 1040//1040
f 1028//1028 1403//1403 1404//1404
f 1028//1028 1404//1404 1046//1046
f 1028//1028 1029//1029 1403//1403
f 1220//1220 1230//1230 1221//1221
f 1220//1220 1231//1231 1230//1230
f 1218//1218 1216//1216 1215//1215
f 1218//1218 1221//1221 1216//1216
f 1027//1027 1028//1028 1046//1046
f 1026//1026 1027//1027 1046//1046
f 1047//1047 1401//1401 1400//1400
f 1047//1047 1046//1046 1401//1401
f 1025//1025 1026//1026 1046//1046
f 990//990 1219//1219 1218//1218
f 990//990 1220//1220 1219//1219
f 990//990 1232//1232 1231//1231
f 990//990 1244//1244 1243//1243
f 990//990 1255//1255 1244//1244
f 990//990 1256//1256 1255//1255
f 990//990 1243//1243 1232//1232
f 990//990 1231//1231 1220//1220
f 1334//1334 1337//1337 1041//1041
f 1334//1334 1041//1041 1042//1042
f 1334//1334 1042//1042 1043//1043
f 1333//1333 1334//1334 1043//1043
f 1333//1333 1043//1043 1044//1044
f 1333//1333 1044//1044 1045//1045
f 1333//1333 1045//1045 1038//1038
f 1336//1336 990//990 1218//1218
f 1336//1336 1218//1218 1215//1215
f 1336//1336 1215//1215 1337//1337
f 1330//1330 1333//1333 1038//1038
f 1329//1329 1330//1330 1038//1038
f 1335//1335 990//990 1336//1336
f 1049//1049 1025//1025 1046//1046
f 1049//1049 1023//1023 1024//1024
f 1049//1049 1024//1024 1025//1025
f 1332//1332 990//990 1335//1335
f 1332//1332 1334//1334 1333//1333
f 1332//1332 1335//1335 1334//1334
f 1031//1031 1329//1329 1038//1038
f 1030//1030 1023//1023 1049//1049
f 1326//1326 1329//1329 1031//1031
f 1325//1325 1031//1031 1032//1032
f 1325//1325 1032//1032 1033//1033
f 1325//1325 1326//1326 1031//1031
f 1328//1328 1331//1331 1330//1330
f 1328//1328 1330//1330 1329//1329
f 1322//1322 1033//1033 1034//1034
f 1322//1322 1325//1325 1033//1033
f 1322//1322 1034//1034 1035//1035
f 1322//1322 1035//1035 1036//1036
f 1322//1322 1036//1036 1037//1037
f 1324//1324 1327//1327 1326//1326
f 1324//1324 1326//1326 1325//1325
f 1115//1115 1322//1322 1116//1116
f 1117//1117 1116//1116 1322//1322
f 1114//1114 1322//1322 1115//1115
f 1118//1118 1117//1117 1322//1322
f 1113//1113 1322//1322 1114//1114
f 1119//1119 1322//1322 1037//1037
f 1119//1119 1037//1037 1030//1030
f 1119//1119 1030//1030 1049//1049
f 1119//1119 1049//1049 1048//1048
f 1119//1119 1118//1118 1322//1322
f 1323//1323 1113//1113 1112//1112
f 1323//1323 1322//1322 1113//1113
f 1120//1120 1119//1119 1048//1048
f 1111//1111 1323//1323 1112//1112
f 1121//1121 1120//1120 1048//1048
f 1110//1110 1323//1323 1111//1111
f 1122//1122 1121//1121 1048//1048
f 1109//1109 1323//1323 1110//1110
f 1123//1123 1122//1122 1048//1048
f 1108//1108 1323//1323 1109//1109
f 1124//1124 1123//1123 1048//1048
f 1107//1107 1323//1323 1108//1108
f 1106//1106 1323//1323 1107//1107
f 991//991 1124//1124 1048//1048
f 991//991 1323//1323 1106//1106
f 991//991 1125//1125 1124//1124
f 991//991 1126//1126 1125//1125
f 991//991 1127//1127 1126//1126
f 991//991 1128//1128 1127//1127
f 991//991 1129//1129 1128//1128
f 991//991 1130//1130 1129//1129
f 991//991 1131//1131 1130//1130
f 991//991 1106//1106 1131//1131
f 989//989 1307//1307 988//988
f 989//989 1308//1308 1307//1307
f 989//989 1311//1311 1308//1308
f 989//989 1312//1312 1311//1311
f 989//989 1315//1315 1312//1312
f 989//989 1316//1316 1315//1315
f 988//988 1256//1256 990//990
f 988//988 1267//1267 1256//1256
f 990//990 1323//1323 991//991
f 990//990 1324//1324 1323//1323
f 990//990 1327//1327 1324//1324
f 990//990 1328//1328 1327//1327
f 990//990 1331//1331 1328//1328
f 990//990 1332//1332 1331//1331
f 991//991 1399//1399 992//992
f 991//991 1400//1400 1399//1399
f 991//991 1047//1047 1400//1400
f 991//991 1048//1048 1047//1047
f 992//992 1090//1090 993//993
f 992//992 1351//1351 1090//1090
f 992//992 1350//1350 1351//1351
f 992//992 1095//1095 1350//1350
f 992//992 1094//1094 1095//1095
f 992//992 1347//1347 1094//1094
f 992//992 1346//1346 1347//1347
f 1004//1004 1343//1343 1005//1005
f 1004//1004 1342//1342 1343//1343
f 1004//1004 1103//1103 1342//1342
f 1004//1004 1102//1102 1103//1103
f 1004//1004 1339//1339 1102//1102
f 1004//1004 1338//1338 1339//1339
f 1005//1005 1012//1012 989//989
f 1005//1005 1013//1013 1012//1012
f 1005//1005 1008//1008 1013//1013
f 1005//1005 1009//1009 1008//1008
f 1401//1401 1427//1427 1398//1398
f 1434//1434 1437//1437 1436//1436
f 1434//1434 1435//1435 1437//1437
f 1438//1438 1441//1441 1440//1440
f 1438//1438 1439//1439 1441//1441
f 1494//1494 1495//1495 1443//1443
f 1496//1496 1443//1443 1495//1495
f 1493//1493 1494//1494 1443//1443
f 1497//1497 1443//1443 1496//1496
f 1492//1492 1493//1493 1443//1443
f 1472//1472 1443//1443 1497//1497
f 1491//1491 1492//1492 1443//1443
f 1490//1490 1491//1491 1443//1443
f 1489//1489 1490//1490 1443//1443
f 1488//1488 1489//1489 1443//1443
f 1487//1487 1488//1488 1443//1443
f 1469//1469 1474//1474 1475//1475
f 1468//1468 1475//1475 1476//1476
f 1468//1468 1469//1469 1475//1475
f 1470//1470 1474//1474 1469//1469
f 1467//1467 1476//1476 1477//1477
f 1467//1467 1468//1468 1476//1476
f 1520//1520 1521//1521 1442//1442
f 1522//1522 1443//1443 1442//1442
f 1522//1522 1487//1487 1443//1443
f 1522//1522 1442//1442 1521//1521
f 1471//1471 1473//1473 1474//1474
f 1471//1471 1474//1474 1470//1470
f 1519//1519 1520//1520 1442//1442
f 1466//1466 1477//1477 1478//1478
f 1466//1466 1467//1467 1477//1477
f 1523//1523 1486//1486 1487//1487
f 1523//1523 1487//1487 1522//1522
f 1518//1518 1519//1519 1442//1442
f 1465//1465 1478//1478 1479//1479
f 1465//1465 1466//1466 1478//1478
f 1498//1498 1484//1484 1485//1485
f 1498//1498 1485//1485 1486//1486
f 1498//1498 1486//1486 1523//1523
f 1517//1517 1518//1518 1442//1442
f 1499//1499 1484//1484 1498//1498
f 1464//1464 1479//1479 1480//1480
f 1464//1464 1465//1465 1479//1479
f 1516//1516 1517//1517 1442//1442
f 1500//1500 1482//1482 1483//1483
f 1500//1500 1483//1483 1484//1484
f 1500//1500 1484//1484 1499//1499
f 1463//1463 1464//1464 1480//1480
f 1463//1463 1480//1480 1481//1481
f 1515//1515 1516//1516 1442//1442
f 1445//1445 1446//1446 1447//1447
f 1445//1445 1447//1447 1448//1448
f 1445//1445 1448//1448 1449//1449
f 1445//1445 1471//1471 1446//1446
f 1445//1445 1473//1473 1471//1471
f 1501//1501 1482//1482 1500//1500
f 1462//1462 1463//1463 1481//1481
f 1462//1462 1481//1481 1482//1482
f 1514//1514 1515//1515 1442//1442
f 1450//1450 1445//1445 1449//1449
f 1513//1513 1514//1514 1442//1442
f 1451//1451 1445//1445 1450//1450
f 1512//1512 1513//1513 1442//1442
f 1452//1452 1445//1445 1451//1451
f 1453//1453 1445//1445 1452//1452
f 1511//1511 1512//1512 1442//1442
f 1454//1454 1445//1445 1453//1453
f 1547//1547 1462//1462 1482//1482
f 1547//1547 1482//1482 1501//1501
f 1546//1546 1501//1501 1502//1502
f 1546//1546 1547//1547 1501//1501
f 1548//1548 1461//1461 1462//1462
f 1548//1548 1462//1462 1547//1547
f 1545//1545 1502//1502 1503//1503
f 1545//1545 1503//1503 1504//1504
f 1545//1545 1546//1546 1502//1502
f 1549//1549 1460//1460 1461//1461
f 1549//1549 1461//1461 1548//1548
f 1544//1544 1545//1545 1504//1504
f 1544//1544 1504//1504 1505//1505
f 1524//1524 1460//1460 1549//1549
f 1524//1524 1458//1458 1459//1459
f 1524//1524 1459//1459 1460//1460
f 1543//1543 1544//1544 1505//1505
f 1525//1525 1458//1458 1524//1524
f 1542//1542 1505//1505 1506//1506
f 1542//1542 1543//1543 1505//1505
f 1526//1526 1456//1456 1457//1457
f 1526//1526 1457//1457 1458//1458
f 1526//1526 1458//1458 1525//1525
f 1541//1541 1506//1506 1507//1507
f 1541//1541 1542//1542 1506//1506
f 1527//1527 1456//1456 1526//1526
f 1540//1540 1507//1507 1508//1508
f 1540//1540 1508//1508 1509//1509
f 1540//1540 1541//1541 1507//1507
f 1528//1528 1455//1455 1456//1456
f 1528//1528 1456//1456 1527//1527
f 1539//1539 1509//1509 1510//1510
f 1539//1539 1540//1540 1509//1509
f 1538//1538 1539//1539 1510//1510
f 1444//1444 1538//1538 1510//1510
f 1444//1444 1529//1529 1530//1530
f 1444//1444 1530//1530 1531//1531
f 1444//1444 1531//1531 1532//1532
f 1444//1444 1532//1532 1533//1533
f 1444//1444 1533//1533 1534//1534
f 1444//1444 1534//1534 1535//1535
f 1444//1444 1535//1535 1536//1536
f 1444//1444 1536//1536 1537//1537
f 1444//1444 1537//1537 1538//1538
f 1442//1442 1444//1444 1511//1511
f 1511//1511 1444//1444 1510//1510
f 1444//1444 1445//1445 1454//1454
f 1444//1444 1454//1454 1455//1455
f 1444//1444 1455//1455 1529//1529
f 1529//1529 1455//1455 1528//1528
f 1445//1445 1443//1443 1472//1472
f 1445//1445 1472//1472 1473//1473
f 1551//1551 1564//1564 1550//1550
f 1551//1551 1565//1565 1564//1564
f 1552//1552 1566//1566 1565//1565
f 1552//1552 1565//1565 1551//1551
f 1553//1553 1567//1567 1566//1566
f 1553//1553 1566//1566 1552//1552
f 1554//1554 1568//1568 1567//1567
f 1554//1554 1567//1567 1553//1553
f 1555//1555 1569//1569 1568//1568
f 1555//1555 1568//1568 1554//1554
f 1556//1556 1570//1570 1569//1569
f 1556//1556 1569//1569 1555//1555
f 1557//1557 1571//1571 1570//1570
f 1557//1557 1570//1570 1556//1556
f 1558//1558 1572//1572 1571//1571
f 1558//1558 1571//1571 1557//1557
f 1559//1559 1573//1573 1572//1572
f 1559//1559 1572//1572 1558//1558
f 1560//1560 1574//1574 1573//1573
f 1560//1560 1573//1573 1559//1559
f 1561//1561 1575//1575 1574//1574
f 1561//1561 1576//1576 1575//1575
f 1561//1561 1574//1574 1560//1560
f 1562//1562 1577//1577 1576//1576
f 1562//1562 1576//1576 1561//1561
f 1563//1563 1577//1577 1562//1562
f 1579//1579 1592//1592 1578//1578
f 1579//1579 1593//1593 1592//1592
f 1580//1580 1594//1594 1593//1593
f 1580//1580 1593//1593 1579//1579
f 1581//1581 1595//1595 1594//1594
f 1581//1581 1594//1594 1580//1580
f 1582//1582 1596//1596 1595//1595
f 1582//1582 1595//1595 1581//1581
f 1583//1583 1597//1597 1596//1596
f 1583//1583 1596//1596 1582//1582
f 1584//1584 1598//1598 1597//1597
f 1584//1584 1597//1597 1583//1583
f 1585//1585 1599//1599 1598//1598
f 1585//1585 1598//1598 1584//1584
f 1586//1586 1600//1600 1599//1599
f 1586//1586 1599//1599 1585//1585
f 1587//1587 1601//1601 1600//1600
f 1587//1587 1600//1600 1586//1586
f 1588//1588 1602//1602 1601//1601
f 1588//1588 1601//1601 1587//1587
f 1589//1589 1603//1603 1602//1602
f 1589//1589 1604//1604 1603//1603
f 1589//1589 1602//1602 1588//1588
f 1590//1590 1605//1605 1604//1604
f 1590//1590 1604//1604 1589//1589
f 1591//1591 1605//1605 1590//1590
f 1607//1607 1620//1620 1606//1606
f 1607//1607 1621//1621 1620//1620
f 1608//1608 1622//1622 1621//1621
f 1608//1608 1621//1621 1607//1607
f 1609//1609 1623//1623 1622//1622
f 1609//1609 1622//1622 1608//1608
f 1610//1610 1624//1624 1623//1623
f 1610//1610 1623//1623 1609//1609
f 1611//1611 1625//1625 1624//1624
f 1611//1611 1624//1624 1610//1610
f 1612//1612 1626//1626 1625//1625
f 1612//1612 1625//1625 1611//1611
f 1613//1613 1627//1627 1626//1626
f 1613//1613 1626//1626 1612//1612
f 1614//1614 1628//1628 1627//1627
f 1614//1614 1627//1627 1613//1613
f 1615//1615 1629//1629 1628//1628
f 1615//1615 1628//1628 1614//1614
f 1616//1616 1630//1630 1629//1629
f 1616//1616 1629//1629 1615//1615
f 1617//1617 1631//1631 1630//1630
f 1617//1617 1632//1632 1631//1631
f 1617//1617 1630//1630 1616//1616
f 1618//1618 1633//1633 1632//1632
f 1618//1618 1632//1632 1617//1617
f 1619//1619 1633//1633 1618//1618
f 1635//1635 1648//1648 1634//1634
f 1635//1635 1649//1649 1648//1648
f 1636//1636 1650//1650 1649//1649
f 1636//1636 1649//1649 1635//1635
f 1637//1637 1651//1651 1650//1650
f 1637//1637 1650//1650 1636//1636
f 1638//1638 1652//1652 1651//1651
f 1638//1638 1651//1651 1637//1637
f 1639//1639 1653//1653 1652//1652
f 1639//1639 1652//1652 1638//1638
f 1640//1640 1654//1654 1653//1653
f 1640//1640 1653//1653 1639//1639
f 1641//1641 1655//1655 1654//1654
f 1641//1641 1654//1654 1640//1640
f 1642//1642 1656//1656 1655//1655
f 1642//1642 1655//1655 1641//1641
f 1643//1643 1657//1657 1656//1656
f 1643//1643 1656//1656 1642//1642
f 1644//1644 1658//1658 1657//1657
f 1644//1644 1657//1657 1643//1643
f 1645//1645 1659//1659 1658//1658
f 1645//1645 1660//1660 1659//1659
f 1645//1645 1658//1658 1644//1644
f 1646//1646 1661//1661 1660//1660
f 1646//1646 1660//1660 1645//1645
f 1647//1647 1661//1661 1646//1646
f 1662//1662 1664//1664 1665//1665
f 1662//1662 1665//1665 1663//1663
f 1667//1667 1666//1666 1674//1674
f 1667//1667 1674//1674 1675//1675
f 1668//1668 1675//1675 1676//1676
f 1668//1668 1667//1667 1675//1675
f 1669//1669 1676//1676 1677//1677
f 1669//1669 1668//1668 1676//1676
f 1670//1670 1677//1677 1678//1678
f 1670//1670 1669//1669 1677//1677
f 1671//1671 1678//1678 1679//1679
f 1671//1671 1670//1670 1678//1678
f 1672//1672 1679//1679 1680//1680
f 1672//1672 1671//1671 1679//1679
f 1673//1673 1680//1680 1681//1681
f 1673//1673 1672//1672 1680//1680
f 1685//1685 1683//1683 1682//1682
f 1685//1685 1682//1682 1684//1684
f 1686//1686 1688//1688 1689//1689
f 1686//1686 1689//1689 1687//1687
f 1705//1705 1690//1690 1691//1691
f 1705//1705 1698//1698 1690//1690
f 1704//1704 1697//1697 1698//1698
f 1704//1704 1698//1698 1705//1705
f 1703//1703 1696//1696 1697//1697
f 1703//1703 1697//1697 1704//1704
f 1702//1702 1695//1695 1696//1696
f 1702//1702 1696//1696 1703//1703
f 1701//1701 1694//1694 1695//1695
f 1701//1701 1695//1695 1702//1702
f 1700//1700 1693//1693 1694//1694
f 1700//1700 1694//1694 1701//1701
f 1699//1699 1692//1692 1693//1693
f 1699//1699 1693//1693 1700//1700
f 1709//1709 1707//1707 1706//1706
f 1709//1709 1706//1706 1708//1708
f 1712//1712 1711//1711 1710//1710
f 1713//1713 1720//1720 1721//1721
f 1723//1723 1718//1718 1717//1717
f 1723//1723 1719//1719 1718//1718
f 1723//1723 1712//1712 1719//1719
f 1723//1723 1711//1711 1712//1712
f 1722//1722 1714//1714 1713//1713
f 1722//1722 1715//1715 1714//1714
f 1722//1722 1716//1716 1715//1715
f 1722//1722 1713//1713 1721//1721
f 1724//1724 1723//1723 1717//1717
f 1729//1729 1716//1716 1722//1722
f 1725//1725 1724//1724 1717//1717
f 1728//1728 1716//1716 1729//1729
f 1726//1726 1725//1725 1717//1717
f 1727//1727 1717//1717 1716//1716
f 1727//1727 1726//1726 1717//1717
f 1727//1727 1716//1716 1728//1728
f 1737//1737 1749//1749 1748//1748
f 1730//1730 1739//1739 1738//1738
f 1741//1741 1734//1734 1735//1735
f 1741//1741 1735//1735 1736//1736
f 1741//1741 1736//1736 1737//1737
f 1741//1741 1737//1737 1748//1748
f 1740//1740 1730//1730 1731//1731
f 1740//1740 1731//1731 1732//1732
f 1740//1740 1732//1732 1733//1733
f 1740//1740 1739//1739 1730//1730
f 1742//1742 1734//1734 1741//1741
f 1747//1747 1740//1740 1733//1733
f 1743//1743 1734//1734 1742//1742
f 1746//1746 1747//1747 1733//1733
f 1744//1744 1734//1734 1743//1743
f 1745//1745 1733//1733 1734//1734
f 1745//1745 1734//1734 1744//1744
f 1745//1745 1746//1746 1733//1733
f 1750//1750 1752//1752 1753//1753
f 1750//1750 1753//1753 1751//1751
f 1755//1755 1754//1754 1762//1762
f 1755//1755 1762//1762 1763//1763
f 1756//1756 1763//1763 1764//1764
f 1756//1756 1755//1755 1763//1763
f 1757//1757 1764//1764 1765//1765
f 1757//1757 1756//1756 1764//1764
f 1758//1758 1765//1765 1766//1766
f 1758//1758 1757//1757 1765//1765
f 1759//1759 1766//1766 1767//1767
f 1759//1759 1758//1758 1766//1766
f 1760//1760 1767//1767 1768//1768
f 1760//1760 1759//1759 1767//1767
f 1761//1761 1768//1768 1769//1769
f 1761//1761 1760//1760 1768//1768
f 1773//1773 1771//1771 1770//1770
f 1773//1773 1770//1770 1772//1772
f 1774//1774 1776//1776 1777//1777
f 1774//1774 1777//1777 1775//1775
f 1793//1793 1778//1778 1779//1779
f 1793//1793 1786//1786 1778//1778
f 1792//1792 1785//1785 1786//1786
f 1792//1792 1786//1786 1793//1793
f 1791//1791 1784//1784 1785//1785
f 1791//1791 1785//1785 1792//1792
f 1790//1790 1783//1783 1784//1784
f 1790//1790 1784//1784 1791//1791
f 1789//1789 1782//1782 1783//1783
f 1789//1789 1783//1783 1790//1790
f 1788//1788 1781//1781 1782//1782
f 1788//1788 1782//1782 1789//1789
f 1787//1787 1780//1780 1781//1781
f 1787//1787 1781//1781 1788//1788
f 1797//1797 1795//1795 1794//1794
f 1797//1797 1794//1794 1796//1796
f 1800//1800 1799//1799 1798//1798
f 1801//1801 1808//1808 1809//1809
f 1811//1811 1806//1806 1805//1805
f 1811//1811 1807//1807 1806//1806
f 1811//1811 1800//1800 1807//1807
f 1811//1811 1799//1799 1800//1800
f 1810//1810 1802//1802 1801//1801
f 1810//1810 1803//1803 1802//1802
f 1810//1810 1804//1804 1803//1803
f 1810//1810 1801//1801 1809//1809
f 1812//1812 1811//1811 1805//1805
f 1817//1817 1804//1804 1810//1810
f 1813//1813 1812//1812 1805//1805
f 1816//1816 1804//1804 1817//1817
f 1815//1815 1804//1804 1816//1816
f 1814//1814 1805//1805 1804//1804
f 1814//1814 1804//1804 1815//1815
f 1814//1814 1813//1813 1805//1805
f 1825//1825 1837//1837 1836//1836
f 1818//1818 1827//1827 1826//1826
f 1829//1829 1822//1822 1823//1823
f 1829//1829 1823//1823 1824//1824
f 1829//1829 1824//1824 1825//1825
f 1829//1829 1825//1825 1836//1836
f 1828//1828 1818//1818 1819//1819
f 1828//1828 1819//1819 1820//1820
f 1828//1828 1820//1820 1821//1821
f 1828//1828 1827//1827 1818//1818
f 1830//1830 1822//1822 1829//1829
f 1835//1835 1828//1828 1821//1821
f 1831//1831 1822//1822 1830//1830
f 1834//1834 1835//1835 1821//1821
f 1832//1832 1822//1822 1831//1831
f 1833//1833 1821//1821 1822//1822
f 1833//1833 1834//1834 1821//1821
f 1833//1833 1822//1822 1832//1832
f 1838//1838 1840//1840 1841//1841
f 1838//1838 1841//1841 1839//1839
f 1843//1843 1842//1842 1850//1850
f 1843//1843 1850//1850 1851//1851
f 1844//1844 1851//1851 1852//1852
f 1844//1844 1843//1843 1851//1851
f 1845//1845 1852//1852 1853//1853
f 1845//1845 1844//1844 1852//1852
f 1846//1846 1853//1853 1854//1854
f 1846//1846 1845//1845 1853//1853
f 1847//1847 1854//1854 1855//1855
f 1847//1847 1846//1846 1854//1854
f 1848//1848 1855//1855 1856//1856
f 1848//1848 1847//1847 1855//1855
f 1849//1849 1856//1856 1857//1857
f 1849//1849 1848//1848 1856//1856
f 1861//1861 1859//1859 1858//1858
f 1861//1861 1858//1858 1860//1860
f 1862//1862 1864//1864 1865//1865
f 1862//1862 1865//1865 1863//1863
f 1869//1869 1867//1867 1866//1866
f 1869//1869 1866//1866 1868//1868
f 1871//1871 1870//1870 1872//1872
f 1874//1874 1872//1872 1873//1873
f 1876//1876 1871//1871 1872//1872
f 1875//1875 1872//1872 1874//1874
f 1877//1877 1876//1876 1872//1872
f 1882//1882 1872//1872 1875//1875
f 1878//1878 1877//1877 1872//1872
f 1881//1881 1872//1872 1882//1882
f 1879//1879 1878//1878 1872//1872
f 1880//1880 1872//1872 1881//1881
f 1880//1880 1879//1879 1872//1872
f 1894//1894 1884//1884 1895//1895
f 1885//1885 1883//1883 1884//1884
f 1887//1887 1884//1884 1894//1894
f 1886//1886 1885//1885 1884//1884
f 1888//1888 1884//1884 1887//1887
f 1893//1893 1886//1886 1884//1884
f 1889//1889 1884//1884 1888//1888
f 1892//1892 1893//1893 1884//1884
f 1890//1890 1884//1884 1889//1889
f 1891//1891 1892//1892 1884//1884
f 1891//1891 1884//1884 1890//1890
f 1896//1896 1898//1898 1899//1899
f 1896//1896 1899//1899 1897//1897
f 1901//1901 1900//1900 1908//1908
f 1901//1901 1908//1908 1909//1909
f 1902//1902 1909//1909 1910//1910
f 1902//1902 1901//1901 1909//1909
f 1903//1903 1910//1910 1911//1911
f 1903//1903 1902//1902 1910//1910
f 1904//1904 1911//1911 1912//1912
f 1904//1904 1903//1903 1911//1911
f 1905//1905 1912//1912 1913//1913
f 1905//1905 1904//1904 1912//1912
f 1906//1906 1913//1913 1914//1914
f 1906//1906 1905//1905 1913//1913
f 1907//1907 1914//1914 1915//1915
f 1907//1907 1906//1906 1914//1914
f 1919//1919 1917//1917 1916//1916
f 1919//1919 1916//1916 1918//1918
f 1920//1920 1922//1922 1923//1923
f 1920//1920 1923//1923 1921//1921
f 1939//1939 1924//1924 1925//1925
f 1939//1939 1932//1932 1924//1924
f 1938//1938 1931//1931 1932//1932
f 1938//1938 1932//1932 1939//1939
f 1937//1937 1930//1930 1931//1931
f 1937//1937 1931//1931 1938//1938
f 1936//1936 1929//1929 1930//1930
f 1936//1936 1930//1930 1937//1937
f 1935//1935 1928//1928 1929//1929
f 1935//1935 1929//1929 1936//1936
f 1934//1934 1927//1927 1928//1928
f 1934//1934 1928//1928 1935//1935
f 1933//1933 1926//1926 1927//1927
f 1933//1933 1927//1927 1934//1934
f 1943//1943 1941//1941 1940//1940
f 1943//1943 1940//1940 1942//1942
f 1946//1946 1945//1945 1944//1944
f 1947//1947 1954//1954 1955//1955
f 1957//1957 1952//1952 1951//1951
f 1957//1957 1953//1953 1952//1952
f 1957//1957 1946//1946 1953//1953
f 1957//1957 1945//1945 1946//1946
f 1956//1956 1948//1948 1947//1947
f 1956//1956 1949//1949 1948//1948
f 1956//1956 1950//1950 1949//1949
f 1956//1956 1947//1947 1955//1955
f 1958//1958 1957//1957 1951//1951
f 1963//1963 1950//1950 1956//1956
f 1959//1959 1958//1958 1951//1951
f 1962//1962 1950//1950 1963//1963
f 1960//1960 1959//1959 1951//1951
f 1961//1961 1951//1951 1950//1950
f 1961//1961 1960//1960 1951//1951
f 1961//1961 1950//1950 1962//1962
f 1971//1971 1983//1983 1982//1982
f 1964//1964 1973//1973 1972//1972
f 1975//1975 1968//1968 1969//1969
f 1975//1975 1969//1969 1970//1970
f 1975//1975 1970//1970 1971//1971
f 1975//1975 1971//1971 1982//1982
f 1974//1974 1964//1964 1965//1965
f 1974//1974 1965//1965 1966//1966
f 1974//1974 1966//1966 1967//1967
f 1974//1974 1973//1973 1964//1964
f 1976//1976 1968//1968 1975//1975
f 1981//1981 1974//1974 1967//1967
f 1977//1977 1968//1968 1976//1976
f 1980//1980 1981//1981 1967//1967
f 1978//1978 1968//1968 1977//1977
f 1979//1979 1967//1967 1968//1968
f 1979//1979 1968//1968 1978//1978
f 1979//1979 1980//1980 1967//1967
f 1984//1984 1986//1986 1987//1987
f 1984//1984 1987//1987 1985//1985
f 1989//1989 1988//1988 1996//1996
f 1989//1989 1996//1996 1997//1997
f 1990//1990 1997//1997 1998//1998
f 1990//1990 1989//1989 1997//1997
f 1991//1991 1998//1998 1999//1999
f 1991//1991 1990//1990 1998//1998
f 1992//1992 1999//1999 2000//2000
f 1992//1992 1991//1991 1999//1999
f 1993//1993 2000//2000 2001//2001
f 1993//1993 1992//1992 2000//2000
f 1994//1994 2001//2001 2002//2002
f 1994//1994 1993//1993 2001//2001
f 1995//1995 2002//2002 2003//2003
f 1995//1995 1994//1994 2002//2002
f 2007//2007 2005//2005 2004//2004
f 2007//2007 2004//2004 2006//2006
f 2008//2008 2010//2010 2011//2011
f 2008//2008 2011//2011 2009//2009
f 2027//2027 2012//2012 2013//2013
f 2027//2027 2020//2020 2012//2012
f 2026//2026 2019//2019 2020//2020
f 2026//2026 2020//2020 2027//2027
f 2025//2025 2018//2018 2019//2019
f 2025//2025 2019//2019 2026//2026
f 2024//2024 2017//2017 2018//2018
f 2024//2024 2018//2018 2025//2025
f 2023//2023 2016//2016 2017//2017
f 2023//2023 2017//2017 2024//2024
f 2022//2022 2015//2015 2016//2016
f 2022//2022 2016//2016 2023//2023
f 2021//2021 2014//2014 2015//2015
f 2021//2021 2015//2015 2022//2022
f 2031//2031 2029//2029 2028//2028
f 2031//2031 2028//2028 2030//2030
f 2034//2034 2033//2033 2032//2032
f 2035//2035 2042//2042 2043//2043
f 2045//2045 2040//2040 2039//2039
f 2045//2045 2041//2041 2040//2040
f 2045//2045 2034//2034 2041//2041
f 2045//2045 2033//2033 2034//2034
f 2044//2044 2036//2036 2035//2035
f 2044//2044 2037//2037 2036//2036
f 2044//2044 2038//2038 2037//2037
f 2044//2044 2035//2035 2043//2043
f 2046//2046 2045//2045 2039//2039
f 2051//2051 2038//2038 2044//2044
f 2047//2047 2046//2046 2039//2039
f 2050//2050 2038//2038 2051//2051
f 2049//2049 2038//2038 2050//2050
f 2048//2048 2039//2039 2038//2038
f 2048//2048 2038//2038 2049//2049
f 2048//2048 2047//2047 2039//2039
f 2059//2059 2071//2071 2070//2070
f 2052//2052 2061//2061 2060//2060
f 2063//2063 2056//2056 2057//2057
f 2063//2063 2057//2057 2058//2058
f 2063//2063 2058//2058 2059//2059
f 2063//2063 2059//2059 2070//2070
f 2062//2062 2052//2052 2053//2053
f 2062//2062 2053//2053 2054//2054
f 2062//2062 2054//2054 2055//2055
f 2062//2062 2061//2061 2052//2052
f 2064//2064 2056//2056 2063//2063
f 2069//2069 2062//2062 2055//2055
f 2065//2065 2056//2056 2064//2064
f 2068//2068 2069//2069 2055//2055
f 2066//2066 2056//2056 2065//2065
f 2067//2067 2055//2055 2056//2056
f 2067//2067 2068//2068 2055//2055
f 2067//2067 2056//2056 2066//2066
f 2072//2072 2074//2074 2075//2075
f 2072//2072 2075//2075 2073//2073
f 2077//2077 2076//2076 2084//2084
f 2077//2077 2084//2084 2085//2085
f 2078//2078 2085//2085 2086//2086
f 2078//2078 2077//2077 2085//2085
f 2079//2079 2086//2086 2087//2087
f 2079//2079 2078//2078 2086//2086
f 2080//2080 2087//2087 2088//2088
f 2080//2080 2079//2079 2087//2087
f 2081//2081 2088//2088 2089//2089
f 2081//2081 2080//2080 2088//2088
f 2082//2082 2089//2089 2090//2090
f 2082//2082 2081//2081 2089//2089
f 2083//2083 2090//2090 2091//2091
f 2083//2083 2082//2082 2090//2090
f 2095//2095 2093//2093 2092//2092
f 2095//2095 2092//2092 2094//2094
f 2096//2096 2098//2098 2099//2099
f 2096//2096 2099//2099 2097//2097
f 2103//2103 2101//2101 2100//2100
f 2103//2103 2100//2100 2102//2102
f 2105//2105 2104//2104 2106//2106
f 2108//2108 2106//2106 2107//2107
f 2110//2110 2105//2105 2106//2106
f 2109//2109 2106//2106 2108//2108
f 2111//2111 2110//2110 2106//2106
f 2116//2116 2106//2106 2109//2109
f 2112//2112 2111//2111 2106//2106
f 2115//2115 2106//2106 2116//2116
f 2113//2113 2112//2112 2106//2106
f 2114//2114 2106//2106 2115//2115
f 2114//2114 2113//2113 2106//2106
f 2128//2128 2118//2118 2129//2129
f 2119//2119 2117//2117 2118//2118
f 2121//2121 2118//2118 2128//2128
f 2120//2120 2119//2119 2118//2118
f 2122//2122 2118//2118 2121//2121
f 2127//2127 2120//2120 2118//2118
f 2123//2123 2118//2118 2122//2122
f 2126//2126 2127//2127 2118//2118
f 2124//2124 2118//2118 2123//2123
f 2125//2125 2126//2126 2118//2118
f 2125//2125 2118//2118 2124//2124
f 2130//2130 2132//2132 2133//2133
f 2130//2130 2133//2133 2131//2131
f 2135//2135 2134//2134 2142//2142
f 2135//2135 2142//2142 2143//2143
f 2136//2136 2143//2143 2144//2144
f 2136//2136 2135//2135 2143//2143
f 2137//2137 2144//2144 2145//2145
f 2137//2137 2136//2136 2144//2144
f 2138//2138 2145//2145 2146//2146
f 2138//2138 2137//2137 2145//2145
f 2139//2139 2146//2146 2147//2147
f 2139//2139 2138//2138 2146//2146
f 2140//2140 2147//2147 2148//2148
f 2140//2140 2139//2139 2147//2147
f 2141//2141 2148//2148 2149//2149
f 2141//2141 2140//2140 2148//2148
f 2153//2153 2151//2151 2150//2150
f 2153//2153 2150//2150 2152//2152
f 2154//2154 2156//2156 2157//2157
f 2154//2154 2157//2157 2155//2155
f 2173//2173 2158//2158 2159//2159
f 2173//2173 2166//2166 2158//2158
f 2172//2172 2165//2165 2166//2166
f 2172//2172 2166//2166 2173//2173
f 2171//2171 2164//2164 2165//2165
f 2171//2171 2165//2165 2172//2172
f 2170//2170 2163//2163 2164//2164
f 2170//2170 2164//2164 2171//2171
f 2169//2169 2162//2162 2163//2163
f 2169//2169 2163//2163 2170//2170
f 2168//2168 2161//2161 2162//2162
f 2168//2168 2162//2162 2169//2169
f 2167//2167 2160//2160 2161//2161
f 2167//2167 2161//2161 2168//2168
f 2177//2177 2175//2175 2174//2174
f 2177//2177 2174//2174 2176//2176
f 2180//2180 2179//2179 2178//2178
f 2181//2181 2188//2188 2189//2189
f 2191//2191 2186//2186 2185//2185
f 2191//2191 2187//2187 2186//2186
f 2191//2191 2180//2180 2187//2187
f 2191//2191 2179//2179 2180//2180
f 2190//2190 2182//2182 2181//2181
f 2190//2190 2183//2183 2182//2182
f 2190//2190 2184//2184 2183//2183
f 2190//2190 2181//2181 2189//2189
f 2192//2192 2191//2191 2185//2185
f 2197//2197 2184//2184 2190//2190
f 2193//2193 2192//2192 2185//2185
f 2196//2196 2184//2184 2197//2197
f 2194//2194 2193//2193 2185//2185
f 2195//2195 2185//2185 2184//2184
f 2195//2195 2194//2194 2185//2185
f 2195//2195 2184//2184 2196//2196
f 2205//2205 2217//2217 2216//2216
f 2198//2198 2207//2207 2206//2206
f 2209//2209 2202//2202 2203//2203
f 2209//2209 2203//2203 2204//2204
f 2209//2209 2204//2204 2205//2205
f 2209//2209 2205//2205 2216//2216
f 2208//2208 2198//2198 2199//2199
f 2208//2208 2199//2199 2200//2200
f 2208//2208 2200//2200 2201//2201
f 2208//2208 2207//2207 2198//2198
f 2210//2210 2202//2202 2209//2209
f 2215//2215 2208//2208 2201//2201
f 2211//2211 2202//2202 2210//2210
f 2214//2214 2215//2215 2201//2201
f 2212//2212 2202//2202 2211//2211
f 2213//2213 2201//2201 2202//2202
f 2213//2213 2202//2202 2212//2212
f 2213//2213 2214//2214 2201//2201
f 2218//2218 2220//2220 2221//2221
f 2218//2218 2221//2221 2219//2219
f 2223//2223 2222//2222 2230//2230
f 2223//2223 2230//2230 2231//2231
f 2224//2224 2231//2231 2232//2232
f 2224//2224 2223//2223 2231//2231
f 2225//2225 2232//2232 2233//2233
f 2225//2225 2224//2224 2232//2232
f 2226//2226 2233//2233 2234//2234
f 2226//2226 2225//2225 2233//2233
f 2227//2227 2234//2234 2235//2235
f 2227//2227 2226//2226 2234//2234
f 2228//2228 2235//2235 2236//2236
f 2228//2228 2227//2227 2235//2235
f 2229//2229 2236//2236 2237//2237
f 2229//2229 2228//2228 2236//2236
f 2241//2241 2239//2239 2238//2238
f 2241//2241 2238//2238 2240//2240
f 2242//2242 2244//2244 2245//2245
f 2242//2242 2245//2245 2243//2243
f 2261//2261 2246//2246 2247//2247
f 2261//2261 2254//2254 2246//2246
f 2260//2260 2253//2253 2254//2254
f 2260//2260 2254//2254 2261//2261
f 2259//2259 2252//2252 2253//2253
f 2259//2259 2253//2253 2260//2260
f 2258//2258 2251//2251 2252//2252
f 2258//2258 2252//2252 2259//2259
f 2257//2257 2250//2250 2251//2251
f 2257//2257 2251//2251 2258//2258
f 2256//2256 2249//2249 2250//2250
f 2256//2256 2250//2250 2257//2257
f 2255//2255 2248//2248 2249//2249
f 2255//2255 2249//2249 2256//2256
f 2265//2265 2263//2263 2262//2262
f 2265//2265 2262//2262 2264//2264
f 2268//2268 2267//2267 2266//2266
f 2269//2269 2276//2276 2277//2277
f 2279//2279 2274//2274 2273//2273
f 2279//2279 2275//2275 2274//2274
f 2279//2279 2268//2268 2275//2275
f 2279//2279 2267//2267 2268//2268
f 2278//2278 2270//2270 2269//2269
f 2278//2278 2271//2271 2270//2270
f 2278//2278 2272//2272 2271//2271
f 2278//2278 2269//2269 2277//2277
f 2280//2280 2279//2279 2273//2273
f 2285//2285 2272//2272 2278//2278
f 2281//2281 2280//2280 2273//2273
f 2284//2284 2272//2272 2285//2285
f 2283//2283 2272//2272 2284//2284
f 2282//2282 2273//2273 2272//2272
f 2282//2282 2272//2272 2283//2283
f 2282//2282 2281//2281 2273//2273
f 2293//2293 2305//2305 2304//2304
f 2286//2286 2295//2295 2294//2294
f 2297//2297 2290//2290 2291//2291
f 2297//2297 2291//2291 2292//2292
f 2297//2297 2292//2292 2293//2293
f 2297//2297 2293//2293 2304//2304
f 2296//2296 2286//2286 2287//2287
f 2296//2296 2287//2287 2288//2288
f 2296//2296 2288//2288 2289//2289
f 2296//2296 2295//2295 2286//2286
f 2298//2298 2290//2290 2297//2297
f 2303//2303 2296//2296 2289//2289
f 2299//2299 2290//2290 2298//2298
f 2302//2302 2303//2303 2289//2289
f 2300//2300 2290//2290 2299//2299
f 2301//2301 2289//2289 2290//2290
f 2301//2301 2302//2302 2289//2289
f 2301//2301 2290//2290 2300//2300
f 2306//2306 2308//2308 2309//2309
f 2306//2306 2309//2309 2307//2307
f 2311//2311 2310//2310 2318//2318
f 2311//2311 2318//2318 2319//2319
f 2312//2312 2319//2319 2320//2320
f 2312//2312 2311//2311 2319//2319
f 2313//2313 2320//2320 2321//2321
f 2313//2313 2312//2312 2320//2320
f 2314//2314 2321//2321 2322//2322
f 2314//2314 2313//2313 2321//2321
f 2315//2315 2322//2322 2323//2323
f 2315//2315 2314//2314 2322//2322
f 2316//2316 2323//2323 2324//2324
f 2316//2316 2315//2315 2323//2323
f 2317//2317 2324//2324 2325//2325
f 2317//2317 2316//2316 2324//2324
f 2329//2329 2327//2327 2326//2326
f 2329//2329 2326//2326 2328//2328
f 2330//2330 2332//2332 2333//2333
f 2330//2330 2333//2333 2331//2331
f 2337//2337 2335//2335 2334//2334
f 2337//2337 2334//2334 2336//2336
f 2339//2339 2338//2338 2340//2340
f 2342//2342 2340//2340 2341//2341
f 2344//2344 2339//2339 2340//2340
f 2343//2343 2340//2340 2342//2342
f 2345//2345 2344//2344 2340//2340
f 2350//2350 2340//2340 2343//2343
f 2346//2346 2345//2345 2340//2340
f 2349//2349 2340//2340 2350//2350
f 2347//2347 2346//2346 2340//2340
f 2348//2348 2340//2340 2349//2349
f 2348//2348 2347//2347 2340//2340
f 2362//2362 2352//2352 2363//2363
f 2353//2353 2351//2351 2352//2352
f 2355//2355 2352//2352 2362//2362
f 2354//2354 2353//2353 2352//2352
f 2356//2356 2352//2352 2355//2355
f 2361//2361 2354//2354 2352//2352
f 2357//2357 2352//2352 2356//2356
f 2360//2360 2361//2361 2352//2352
f 2358//2358 2352//2352 2357//2357
f 2359//2359 2360//2360 2352//2352
f 2359//2359 2352//2352 2358//2358
f 2364//2364 2366//2366 2367//2367
f 2364//2364 2367//2367 2365//2365
f 2369//2369 2368//2368 2376//2376
f 2369//2369 2376//2376 2377//2377
f 2370//2370 2377//2377 2378//2378
f 2370//2370 2369//2369 2377//2377
f 2371//2371 2378//2378 2379//2379
f 2371//2371 2370//2370 2378//2378
f 2372//2372 2379//2379 2380//2380
f 2372//2372 2371//2371 2379//2379
f 2373//2373 2380//2380 2381//2381
f 2373//2373 2372//2372 2380//2380
f 2374//2374 2381//2381 2382//2382
f 2374//2374 2373//2373 2381//2381
f 2375//2375 2382//2382 2383//2383
f 2375//2375 2374//2374 2382//2382
f 2387//2387 2385//2385 2384//2384
f 2387//2387 2384//2384 2386//2386
f 2388//2388 2390//2390 2391//2391
f 2388//2388 2391//2391 2389//2389
f 2407//2407 2392//2392 2393//2393
f 2407//2407 2400//2400 2392//2392
f 2406//2406 2399//2399 2400//2400
f 2406//2406 2400//2400 2407//2407
f 2405//2405 2398//2398 2399//2399
f 2405//2405 2399//2399 2406//2406
f 2404//2404 2397//2397 2398//2398
f 2404//2404 2398//2398 2405//2405
f 2403//2403 2396//2396 2397//2397
f 2403//2403 2397//2397 2404//2404
f 2402//2402 2395//2395 2396//2396
f 2402//2402 2396//2396 2403//2403
f 2401//2401 2394//2394 2395//2395
f 2401//2401 2395//2395 2402//2402
f 2411//2411 2409//2409 2408//2408
f 2411//2411 2408//2408 2410//2410
f 2414//2414 2413//2413 2412//2412
f 2415//2415 2422//2422 2423//2423
f 2425//2425 2420//2420 2419//2419
f 2425//2425 2421//2421 2420//2420
f 2425//2425 2414//2414 2421//2421
f 2425//2425 2413//2413 2414//2414
f 2424//2424 2416//2416 2415//2415
f 2424//2424 2417//2417 2416//2416
f 2424//2424 2418//2418 2417//2417
f 2424//2424 2415//2415 2423//2423
f 2426//2426 2425//2425 2419//2419
f 2431//2431 2418//2418 2424//2424
f 2427//2427 2426//2426 2419//2419
f 2430//2430 2418//2418 2431//2431
f 2428//2428 2427//2427 2419//2419
f 2429//2429 2419//2419 2418//2418
f 2429//2429 2428//2428 2419//2419
f 2429//2429 2418//2418 2430//2430
f 2439//2439 2451//2451 2450//2450
f 2432//2432 2441//2441 2440//2440
f 2443//2443 2436//2436 2437//2437
f 2443//2443 2437//2437 2438//2438
f 2443//2443 2438//2438 2439//2439
f 2443//2443 2439//2439 2450//2450
f 2442//2442 2432//2432 2433//2433
f 2442//2442 2433//2433 2434//2434
f 2442//2442 2434//2434 2435//2435
f 2442//2442 2441//2441 2432//2432
f 2444//2444 2436//2436 2443//2443
f 2449//2449 2442//2442 2435//2435
f 2445//2445 2436//2436 2444//2444
f 2448//2448 2449//2449 2435//2435
f 2446//2446 2436//2436 2445//2445
f 2447//2447 2435//2435 2436//2436
f 2447//2447 2436//2436 2446//2446
f 2447//2447 2448//2448 2435//2435
f 2452//2452 2454//2454 2455//2455
f 2452//2452 2455//2455 2453//2453
f 2457//2457 2456//2456 2464//2464
f 2457//2457 2464//2464 2465//2465
f 2458//2458 2465//2465 2466//2466
f 2458//2458 2457//2457 2465//2465
f 2459//2459 2466//2466 2467//2467
f 2459//2459 2458//2458 2466//2466
f 2460//2460 2467//2467 2468//2468
f 2460//2460 2459//2459 2467//2467
f 2461//2461 2468//2468 2469//2469
f 2461//2461 2460//2460 2468//2468
f 2462//2462 2469//2469 2470//2470
f 2462//2462 2461//2461 2469//2469
f 2463//2463 2470//2470 2471//2471
f 2463//2463 2462//2462 2470//2470
f 2475//2475 2473//2473 2472//2472
f 2475//2475 2472//2472 2474//2474
f 2476//2476 2478//2478 2479//2479
f 2476//2476 2479//2479 2477//2477
f 2495//2495 2480//2480 2481//2481
f 2495//2495 2488//2488 2480//2480
f 2494//2494 2487//2487 2488//2488
f 2494//2494 2488//2488 2495//2495
f 2493//2493 2486//2486 2487//2487
f 2493//2493 2487//2487 2494//2494
f 2492//2492 2485//2485 2486//2486
f 2492//2492 2486//2486 2493//2493
f 2491//2491 2484//2484 2485//2485
f 2491//2491 2485//2485 2492//2492
f 2490//2490 2483//2483 2484//2484
f 2490//2490 2484//2484 2491//2491
f 2489//2489 2482//2482 2483//2483
f 2489//2489 2483//2483 2490//2490
f 2499//2499 2497//2497 2496//2496
f 2499//2499 2496//2496 2498//2498
f 2502//2502 2501//2501 2500//2500
f 2503//2503 2510//2510 2511//2511
f 2513//2513 2508//2508 2507//2507
f 2513//2513 2509//2509 2508//2508
f 2513//2513 2502//2502 2509//2509
f 2513//2513 2501//2501 2502//2502
f 2512//2512 2504//2504 2503//2503
f 2512//2512 2505//2505 2504//2504
f 2512//2512 2506//2506 2505//2505
f 2512//2512 2503//2503 2511//2511
f 2514//2514 2513//2513 2507//2507
f 2519//2519 2506//2506 2512//2512
f 2515//2515 2514//2514 2507//2507
f 2518//2518 2506//2506 2519//2519
f 2517//2517 2506//2506 2518//2518
f 2516//2516 2507//2507 2506//2506
f 2516//2516 2506//2506 2517//2517
f 2516//2516 2515//2515 2507//2507
f 2527//2527 2539//2539 2538//2538
f 2520//2520 2529//2529 2528//2528
f 2531//2531 2524//2524 2525//2525
f 2531//2531 2525//2525 2526//2526
f 2531//2531 2526//2526 2527//2527
f 2531//2531 2527//2527 2538//2538
f 2530//2530 2520//2520 2521//2521
f 2530//2530 2521//2521 2522//2522
f 2530//2530 2522//2522 2523//2523
f 2530//2530 2529//2529 2520//2520
f 2532//2532 2524//2524 2531//2531
f 2537//2537 2530//2530 2523//2523
f 2533//2533 2524//2524 2532//2532
f 2536//2536 2537//2537 2523//2523
f 2534//2534 2524//2524 2533//2533
f 2535//2535 2523//2523 2524//2524
f 2535//2535 2536//2536 2523//2523
f 2535//2535 2524//2524 2534//2534
f 2540//2540 2542//2542 2543//2543
f 2540//2540 2543//2543 2541//2541
f 2545//2545 2544//2544 2552//2552
f 2545//2545 2552//2552 2553//2553
f 2546//2546 2553//2553 2554//2554
f 2546//2546 2545//2545 2553//2553
f 2547//2547 2554//2554 2555//2555
f 2547//2547 2546//2546 2554//2554
f 2548//2548 2555//2555 2556//2556
f 2548//2548 2547//2547 2555//2555
f 2549//2549 2556//2556 2557//2557
f 2549//2549 2548//2548 2556//2556
f 2550//2550 2557//2557 2558//2558
f 2550//2550 2549//2549 2557//2557
f 2551//2551 2558//2558 2559//2559
f 2551//2551 2550//2550 2558//2558
f 2563//2563 2561//2561 2560//2560
f 2563//2563 2560//2560 2562//2562
f 2564//2564 2566//2566 2567//2567
f 2564//2564 2567//2567 2565//2565
f 2571//2571 2569//2569 2568//2568
f 2571//2571 2568//2568 2570//2570
f 2573//2573 2572//2572 2574//2574
f 2576//2576 2574//2574 2575//2575
f 2578//2578 2573//2573 2574//2574
f 2577//2577 2574//2574 2576//2576
f 2579//2579 2578//2578 2574//2574
f 2584//2584 2574//2574 2577//2577
f 2580//2580 2579//2579 2574//2574
f 2583//2583 2574//2574 2584//2584
f 2581//2581 2580//2580 2574//2574
f 2582//2582 2574//2574 2583//2583
f 2582//2582 2581//2581 2574//2574
f 2596//2596 2586//2586 2597//2597
f 2587//2587 2585//2585 2586//2586
f 2589//2589 2586//2586 2596//2596
f 2588//2588 2587//2587 2586//2586
f 2590//2590 2586//2586 2589//2589
f 2595//2595 2588//2588 2586//2586
f 2591//2591 2586//2586 2590//2590
f 2594//2594 2595//2595 2586//2586
f 2592//2592 2586//2586 2591//2591
f 2593//2593 2594//2594 2586//2586
f 2593//2593 2586//2586 2592//2592
f 2598//2598 2600//2600 2601//2601
f 2598//2598 2601//2601 2599//2599
f 2603//2603 2602//2602 2610//2610
f 2603//2603 2610//2610 2611//2611
f 2604//2604 2611//2611 2612//2612
f 2604//2604 2603//2603 2611//2611
f 2605//2605 2612//2612 2613//2613
f 2605//2605 2604//2604 2612//2612
f 2606//2606 2613//2613 2614//2614
f 2606//2606 2605//2605 2613//2613
f 2607//2607 2614//2614 2615//2615
f 2607//2607 2606//2606 2614//2614
f 2608//2608 2615//2615 2616//2616
f 2608//2608 2616//2616 2617//2617
f 2608//2608 2607//2607 2615//2615
f 2609//2609 2608//2608 2617//2617
f 2621//2621 2619//2619 2618//2618
f 2621//2621 2618//2618 2620//2620
f 2622//2622 2624//2624 2625//2625
f 2622//2622 2625//2625 2623//2623
f 2641//2641 2626//2626 2627//2627
f 2641//2641 2634//2634 2626//2626
f 2640//2640 2633//2633 2634//2634
f 2640//2640 2634//2634 2641//2641
f 2639//2639 2632//2632 2633//2633
f 2639//2639 2633//2633 2640//2640
f 2638//2638 2631//2631 2632//2632
f 2638//2638 2632//2632 2639//2639
f 2637//2637 2630//2630 2631//2631
f 2637//2637 2631//2631 2638//2638
f 2636//2636 2629//2629 2630//2630
f 2636//2636 2630//2630 2637//2637
f 2635//2635 2628//2628 2629//2629
f 2635//2635 2629//2629 2636//2636
f 2645//2645 2643//2643 2642//2642
f 2645//2645 2642//2642 2644//2644
f 2648//2648 2647//2647 2646//2646
f 2649//2649 2656//2656 2657//2657
f 2659//2659 2654//2654 2653//2653
f 2659//2659 2655//2655 2654//2654
f 2659//2659 2648//2648 2655//2655
f 2659//2659 2647//2647 2648//2648
f 2658//2658 2650//2650 2649//2649
f 2658//2658 2651//2651 2650//2650
f 2658//2658 2652//2652 2651//2651
f 2658//2658 2649//2649 2657//2657
f 2660//2660 2659//2659 2653//2653
f 2665//2665 2652//2652 2658//2658
f 2661//2661 2660//2660 2653//2653
f 2664//2664 2652//2652 2665//2665
f 2662//2662 2661//2661 2653//2653
f 2663//2663 2653//2653 2652//2652
f 2663//2663 2662//2662 2653//2653
f 2663//2663 2652//2652 2664//2664
f 2673//2673 2685//2685 2684//2684
f 2666//2666 2675//2675 2674//2674
f 2677//2677 2670//2670 2671//2671
f 2677//2677 2671//2671 2672//2672
f 2677//2677 2672//2672 2673//2673
f 2677//2677 2673//2673 2684//2684
f 2676//2676 2666//2666 2667//2667
f 2676//2676 2667//2667 2668//2668
f 2676//2676 2668//2668 2669//2669
f 2676//2676 2675//2675 2666//2666
f 2678//2678 2670//2670 2677//2677
f 2683//2683 2676//2676 2669//2669
f 2679//2679 2670//2670 2678//2678
f 2682//2682 2683//2683 2669//2669
f 2680//2680 2670//2670 2679//2679
f 2681//2681 2669//2669 2670//2670
f 2681//2681 2670//2670 2680//2680
f 2681//2681 2682//2682 2669//2669
f 2686//2686 2688//2688 2689//2689
f 2686//2686 2689//2689 2687//2687
f 2691//2691 2690//2690 2698//2698
f 2691//2691 2698//2698 2699//2699
f 2692//2692 2699//2699 2700//2700
f 2692//2692 2691//2691 2699//2699
f 2693//2693 2700//2700 2701//2701
f 2693//2693 2692//2692 2700//2700
f 2694//2694 2701//2701 2702//2702
f 2694//2694 2693//2693 2701//2701
f 2695//2695 2702//2702 2703//2703
f 2695//2695 2694//2694 2702//2702
f 2696//2696 2703//2703 2704//2704
f 2696//2696 2704//2704 2705//2705
f 2696//2696 2695//2695 2703//2703
f 2697//2697 2696//2696 2705//2705
f 2709//2709 2707//2707 2706//2706
f 2709//2709 2706//2706 2708//2708
f 2710//2710 2712//2712 2713//2713
f 2710//2710 2713//2713 2711//2711
f 2729//2729 2714//2714 2715//2715
f 2729//2729 2722//2722 2714//2714
f 2728//2728 2721//2721 2722//2722
f 2728//2728 2722//2722 2729//2729
f 2727//2727 2720//2720 2721//2721
f 2727//2727 2721//2721 2728//2728
f 2726//2726 2719//2719 2720//2720
f 2726//2726 2720//2720 2727//2727
f 2725//2725 2718//2718 2719//2719
f 2725//2725 2719//2719 2726//2726
f 2724//2724 2717//2717 2718//2718
f 2724//2724 2718//2718 2725//2725
f 2723//2723 2716//2716 2717//2717
f 2723//2723 2717//2717 2724//2724
f 2733//2733 2731//2731 2730//2730
f 2733//2733 2730//2730 2732//2732
f 2736//2736 2735//2735 2734//2734
f 2737//2737 2744//2744 2745//2745
f 2747//2747 2742//2742 2741//2741
f 2747//2747 2743//2743 2742//2742
f 2747//2747 2736//2736 2743//2743
f 2747//2747 2735//2735 2736//2736
f 2746//2746 2738//2738 2737//2737
f 2746//2746 2739//2739 2738//2738
f 2746//2746 2740//2740 2739//2739
f 2746//2746 2737//2737 2745//2745
f 2748//2748 2747//2747 2741//2741
f 2753//2753 2740//2740 2746//2746
f 2749//2749 2748//2748 2741//2741
f 2752//2752 2740//2740 2753//2753
f 2751//2751 2740//2740 2752//2752
f 2750//2750 2741//2741 2740//2740
f 2750//2750 2740//2740 2751//2751
f 2750//2750 2749//2749 2741//2741
f 2761//2761 2773//2773 2772//2772
f 2754//2754 2763//2763 2762//2762
f 2765//2765 2758//2758 2759//2759
f 2765//2765 2759//2759 2760//2760
f 2765//2765 2760//2760 2761//2761
f 2765//2765 2761//2761 2772//2772
f 2764//2764 2754//2754 2755//2755
f 2764//2764 2755//2755 2756//2756
f 2764//2764 2756//2756 2757//2757
f 2764//2764 2763//2763 2754//2754
f 2766//2766 2758//2758 2765//2765
f 2771//2771 2764//2764 2757//2757
f 2767//2767 2758//2758 2766//2766
f 2770//2770 2771//2771 2757//2757
f 2768//2768 2758//2758 2767//2767
f 2769//2769 2757//2757 2758//2758
f 2769//2769 2770//2770 2757//2757
f 2769//2769 2758//2758 2768//2768
f 2774//2774 2776//2776 2777//2777
f 2774//2774 2777//2777 2775//2775
f 2779//2779 2778//2778 2786//2786
f 2779//2779 2786//2786 2787//2787
f 2780//2780 2787//2787 2788//2788
f 2780//2780 2779//2779 2787//2787
f 2781//2781 2788//2788 2789//2789
f 2781//2781 2780//2780 2788//2788
f 2782//2782 2789//2789 2790//2790
f 2782//2782 2781//2781 2789//2789
f 2783//2783 2790//2790 2791//2791
f 2783//2783 2782//2782 2790//2790
f 2784//2784 2791//2791 2792//2792
f 2784//2784 2783//2783 2791//2791
f 2785//2785 2792//2792 2793//2793
f 2785//2785 2784//2784 2792//2792
f 2797//2797 2795//2795 2794//2794
f 2797//2797 2794//2794 2796//2796
f 2798//2798 2800//2800 2801//2801
f 2798//2798 2801//2801 2799//2799
f 2805//2805 2803//2803 2802//2802
f 2805//2805 2802//2802 2804//2804
f 2807//2807 2806//2806 2808//2808
f 2810//2810 2808//2808 2809//2809
f 2812//2812 2807//2807 2808//2808
f 2811//2811 2808//2808 2810//2810
f 2813//2813 2812//2812 2808//2808
f 2818//2818 2808//2808 2811//2811
f 2814//2814 2813//2813 2808//2808
f 2817//2817 2808//2808 2818//2818
f 2815//2815 2814//2814 2808//2808
f 2816//2816 2808//2808 2817//2817
f 2816//2816 2815//2815 2808//2808
f 2830//2830 2820//2820 2831//2831
f 2821//2821 2819//2819 2820//2820
f 2823//2823 2820//2820 2830//2830
f 2822//2822 2821//2821 2820//2820
f 2824//2824 2820//2820 2823//2823
f 2829//2829 2822//2822 2820//2820
f 2825//2825 2820//2820 2824//2824
f 2828//2828 2829//2829 2820//2820
f 2826//2826 2820//2820 2825//2825
f 2827//2827 2828//2828 2820//2820
f 2827//2827 2820//2820 2826//2826
f 2832//2832 2834//2834 2835//2835
f 2832//2832 2835//2835 2833//2833
f 2837//2837 2836//2836 2844//2844
f 2837//2837 2844//2844 2845//2845
f 2838//2838 2845//2845 2846//2846
f 2838//2838 2837//2837 2845//2845
f 2839//2839 2846//2846 2847//2847
f 2839//2839 2838//2838 2846//2846
f 2840//2840 2847//2847 2848//2848
f 2840//2840 2839//2839 2847//2847
f 2841//2841 2848//2848 2849//2849
f 2841//2841 2840//2840 2848//2848
f 2842//2842 2849//2849 2850//2850
f 2842//2842 2841//2841 2849//2849
f 2843//2843 2850//2850 2851//2851
f 2843//2843 2842//2842 2850//2850
f 2855//2855 2853//2853 2852//2852
f 2855//2855 2852//2852 2854//2854
f 2856//2856 2858//2858 2859//2859
f 2856//2856 2859//2859 2857//2857
f 2875//2875 2860//2860 2861//2861
f 2875//2875 2868//2868 2860//2860
f 2874//2874 2867//2867 2868//2868
f 2874//2874 2868//2868 2875//2875
f 2873//2873 2866//2866 2867//2867
f 2873//2873 2867//2867 2874//2874
f 2872//2872 2865//2865 2866//2866
f 2872//2872 2866//2866 2873//2873
f 2871//2871 2864//2864 2865//2865
f 2871//2871 2865//2865 2872//2872
f 2870//2870 2863//2863 2864//2864
f 2870//2870 2864//2864 2871//2871
f 2869//2869 2862//2862 2863//2863
f 2869//2869 2863//2863 2870//2870
f 2879//2879 2877//2877 2876//2876
f 2879//2879 2876//2876 2878//2878
f 2882//2882 2881//2881 2880//2880
f 2883//2883 2890//2890 2891//2891
f 2893//2893 2888//2888 2887//2887
f 2893//2893 2889//2889 2888//2888
f 2893//2893 2882//2882 2889//2889
f 2893//2893 2881//2881 2882//2882
f 2892//2892 2884//2884 2883//2883
f 2892//2892 2885//2885 2884//2884
f 2892//2892 2886//2886 2885//2885
f 2892//2892 2883//2883 2891//2891
f 2894//2894 2893//2893 2887//2887
f 2899//2899 2886//2886 2892//2892
f 2895//2895 2894//2894 2887//2887
f 2898//2898 2886//2886 2899//2899
f 2896//2896 2895//2895 2887//2887
f 2897//2897 2887//2887 2886//2886
f 2897//2897 2896//2896 2887//2887
f 2897//2897 2886//2886 2898//2898
f 2907//2907 2919//2919 2918//2918
f 2900//2900 2909//2909 2908//2908
f 2911//2911 2904//2904 2905//2905
f 2911//2911 2905//2905 2906//2906
f 2911//2911 2906//2906 2907//2907
f 2911//2911 2907//2907 2918//2918
f 2910//2910 2900//2900 2901//2901
f 2910//2910 2901//2901 2902//2902
f 2910//2910 2902//2902 2903//2903
f 2910//2910 2909//2909 2900//2900
f 2912//2912 2904//2904 2911//2911
f 2917//2917 2910//2910 2903//2903
f 2913//2913 2904//2904 2912//2912
f 2916//2916 2917//2917 2903//2903
f 2914//2914 2904//2904 2913//2913
f 2915//2915 2903//2903 2904//2904
f 2915//2915 2904//2904 2914//2914
f 2915//2915 2916//2916 2903//2903
f 2920//2920 2922//2922 2923//2923
f 2920//2920 2923//2923 2921//2921
f 2925//2925 2924//2924 2932//2932
f 2925//2925 2932//2932 2933//2933
f 2926//2926 2933//2933 2934//2934
f 2926//2926 2925//2925 2933//2933
f 2927//2927 2934//2934 2935//2935
f 2927//2927 2926//2926 2934//2934
f 2928//2928 2935//2935 2936//2936
f 2928//2928 2927//2927 2935//2935
f 2929//2929 2936//2936 2937//2937
f 2929//2929 2928//2928 2936//2936
f 2930//2930 2937//2937 2938//2938
f 2930//2930 2929//2929 2937//2937
f 2931//2931 2938//2938 2939//2939
f 2931//2931 2930//2930 2938//2938
f 2943//2943 2941//2941 2940//2940
f 2943//2943 2940//2940 2942//2942
f 2944//2944 2946//2946 2947//2947
f 2944//2944 2947//2947 2945//2945
f 2963//2963 2948//2948 2949//2949
f 2963//2963 2956//2956 2948//2948
f 2962//2962 2955//2955 2956//2956
f 2962//2962 2956//2956 2963//2963
f 2961//2961 2954//2954 2955//2955
f 2961//2961 2955//2955 2962//2962
f 2960//2960 2953//2953 2954//2954
f 2960//2960 2954//2954 2961//2961
f 2959//2959 2952//2952 2953//2953
f 2959//2959 2953//2953 2960//2960
f 2958//2958 2951//2951 2952//2952
f 2958//2958 2952//2952 2959//2959
f 2957//2957 2950//2950 2951//2951
f 2957//2957 2951//2951 2958//2958
f 2967//2967 2965//2965 2964//2964
f 2967//2967 2964//2964 2966//2966
f 2970//2970 2969//2969 2968//2968
f 2971//2971 2978//2978 2979//2979
f 2981//2981 2976//2976 2975//2975
f 2981//2981 2977//2977 2976//2976
f 2981//2981 2970//2970 2977//2977
f 2981//2981 2969//2969 2970//2970
f 2980//2980 2972//2972 2971//2971
f 2980//2980 2973//2973 2972//2972
f 2980//2980 2974//2974 2973//2973
f 2980//2980 2971//2971 2979//2979
f 2982//2982 2981//2981 2975//2975
f 2987//2987 2974//2974 2980//2980
f 2983//2983 2982//2982 2975//2975
f 2986//2986 2974//2974 2987//2987
f 2985//2985 2974//2974 2986//2986
f 2984//2984 2975//2975 2974//2974
f 2984//2984 2974//2974 2985//2985
f 2984//2984 2983//2983 2975//2975
f 2995//2995 3007//3007 3006//3006
f 2988//2988 2997//2997 2996//2996
f 2999//2999 2992//2992 2993//2993
f 2999//2999 2993//2993 2994//2994
f 2999//2999 2994//2994 2995//2995
f 2999//2999 2995//2995 3006//3006
f 2998//2998 2988//2988 2989//2989
f 2998//2998 2989//2989 2990//2990
f 2998//2998 2990//2990 2991//2991
f 2998//2998 2997//2997 2988//2988
f 3000//3000 2992//2992 2999//2999
f 3005//3005 2998//2998 2991//2991
f 3001//3001 2992//2992 3000//3000
f 3004//3004 3005//3005 2991//2991
f 3002//3002 2992//2992 3001//3001
f 3003//3003 2991//2991 2992//2992
f 3003//3003 3004//3004 2991//2991
f 3003//3003 2992//2992 3002//3002
f 3008//3008 3010//3010 3011//3011
f 3008//3008 3011//3011 3009//3009
f 3013//3013 3012//3012 3020//3020
f 3013//3013 3020//3020 3021//3021
f 3014//3014 3021//3021 3022//3022
f 3014//3014 3013//3013 3021//3021
f 3015//3015 3022//3022 3023//3023
f 3015//3015 3014//3014 3022//3022
f 3016//3016 3023//3023 3024//3024
f 3016//3016 3015//3015 3023//3023
f 3017//3017 3024//3024 3025//3025
f 3017//3017 3016//3016 3024//3024
f 3018//3018 3025//3025 3026//3026
f 3018//3018 3017//3017 3025//3025
f 3019//3019 3026//3026 3027//3027
f 3019//3019 3018//3018 3026//3026
f 3031//3031 3029//3029 3028//3028
f 3031//3031 3028//3028 3030//3030
f 3032//3032 3034//3034 3035//3035
f 3032//3032 3035//3035 3033//3033
f 3039//3039 3037//3037 3036//3036
f 3039//3039 3036//3036 3038//3038
f 3041//3041 3040//3040 3042//3042
f 3044//3044 3042//3042 3043//3043
f 3046//3046 3041//3041 3042//3042
f 3045//3045 3042//3042 3044//3044
f 3047//3047 3046//3046 3042//3042
f 3052//3052 3042//3042 3045//3045
f 3048//3048 3047//3047 3042//3042
f 3051//3051 3042//3042 3052//3052
f 3049//3049 3048//3048 3042//3042
f 3050//3050 3042//3042 3051//3051
f 3050//3050 3049//3049 3042//3042
f 3064//3064 3054//3054 3065//3065
f 3055//3055 3053//3053 3054//3054
f 3057//3057 3054//3054 3064//3064
f 3056//3056 3055//3055 3054//3054
f 3058//3058 3054//3054 3057//3057
f 3063//3063 3056//3056 3054//3054
f 3059//3059 3054//3054 3058//3058
f 3062//3062 3063//3063 3054//3054
f 3060//3060 3054//3054 3059//3059
f 3061//3061 3062//3062 3054//3054
f 3061//3061 3054//3054 3060//3060
f 3066//3066 3068//3068 3069//3069
f 3066//3066 3069//3069 3067//3067
f 3071//3071 3070//3070 3078//3078
f 3071//3071 3078//3078 3079//3079
f 3072//3072 3079//3079 3080//3080
f 3072//3072 3071//3071 3079//3079
f 3073//3073 3080//3080 3081//3081
f 3073//3073 3072//3072 3080//3080
f 3074//3074 3081//3081 3082//3082
f 3074//3074 3073//3073 3081//3081
f 3075//3075 3082//3082 3083//3083
f 3075//3075 3074//3074 3082//3082
f 3076//3076 3083//3083 3084//3084
f 3076//3076 3075//3075 3083//3083
f 3077//3077 3084//3084 3085//3085
f 3077//3077 3076//3076 3084//3084
f 3089//3089 3087//3087 3086//3086
f 3089//3089 3086//3086 3088//3088
f 3090//3090 3092//3092 3093//3093
f 3090//3090 3093//3093 3091//3091
f 3109//3109 3094//3094 3095//3095
f 3109//3109 3102//3102 3094//3094
f 3108//3108 3101//3101 3102//3102
f 3108//3108 3102//3102 3109//3109
f 3107//3107 3100//3100 3101//3101
f 3107//3107 3101//3101 3108//3108
f 3106//3106 3099//3099 3100//3100
f 3106//3106 3100//3100 3107//3107
f 3105//3105 3098//3098 3099//3099
f 3105//3105 3099//3099 3106//3106
f 3104//3104 3097//3097 3098//3098
f 3104//3104 3098//3098 3105//3105
f 3103//3103 3096//3096 3097//3097
f 3103//3103 3097//3097 3104//3104
f 3113//3113 3111//3111 3110//3110
f 3113//3113 3110//3110 3112//3112
f 3116//3116 3115//3115 3114//3114
f 3117//3117 3124//3124 3125//3125
f 3127//3127 3122//3122 3121//3121
f 3127//3127 3123//3123 3122//3122
f 3127//3127 3116//3116 3123//3123
f 3127//3127 3115//3115 3116//3116
f 3126//3126 3118//3118 3117//3117
f 3126//3126 3119//3119 3118//3118
f 3126//3126 3120//3120 3119//3119
f 3126//3126 3117//3117 3125//3125
f 3128//3128 3127//3127 3121//3121
f 3133//3133 3120//3120 3126//3126
f 3129//3129 3128//3128 3121//3121
f 3132//3132 3120//3120 3133//3133
f 3130//3130 3129//3129 3121//3121
f 3131//3131 3121//3121 3120//3120
f 3131//3131 3130//3130 3121//3121
f 3131//3131 3120//3120 3132//3132
f 3141//3141 3153//3153 3152//3152
f 3134//3134 3143//3143 3142//3142
f 3145//3145 3138//3138 3139//3139
f 3145//3145 3139//3139 3140//3140
f 3145//3145 3140//3140 3141//3141
f 3145//3145 3141//3141 3152//3152
f 3144//3144 3134//3134 3135//3135
f 3144//3144 3135//3135 3136//3136
f 3144//3144 3136//3136 3137//3137
f 3144//3144 3143//3143 3134//3134
f 3146//3146 3138//3138 3145//3145
f 3151//3151 3144//3144 3137//3137
f 3147//3147 3138//3138 3146//3146
f 3150//3150 3151//3151 3137//3137
f 3148//3148 3138//3138 3147//3147
f 3149//3149 3137//3137 3138//3138
f 3149//3149 3138//3138 3148//3148
f 3149//3149 3150//3150 3137//3137
f 3154//3154 3156//3156 3157//3157
f 3154//3154 3157//3157 3155//3155
f 3159//3159 3158//3158 3166//3166
f 3159//3159 3166//3166 3167//3167
f 3160//3160 3167//3167 3168//3168
f 3160//3160 3159//3159 3167//3167
f 3161//3161 3168//3168 3169//3169
f 3161//3161 3160//3160 3168//3168
f 3162//3162 3169//3169 3170//3170
f 3162//3162 3161//3161 3169//3169
f 3163//3163 3170//3170 3171//3171
f 3163//3163 3162//3162 3170//3170
f 3164//3164 3171//3171 3172//3172
f 3164//3164 3163//3163 3171//3171
f 3165//3165 3172//3172 3173//3173
f 3165//3165 3164//3164 3172//3172
f 3177//3177 3175//3175 3174//3174
f 3177//3177 3174//3174 3176//3176
f 3178//3178 3180//3180 3181//3181
f 3178//3178 3181//3181 3179//3179
f 3197//3197 3182//3182 3183//3183
f 3197//3197 3190//3190 3182//3182
f 3196//3196 3189//3189 3190//3190
f 3196//3196 3190//3190 3197//3197
f 3195//3195 3188//3188 3189//3189
f 3195//3195 3189//3189 3196//3196
f 3194//3194 3187//3187 3188//3188
f 3194//3194 3188//3188 3195//3195
f 3193//3193 3186//3186 3187//3187
f 3193//3193 3187//3187 3194//3194
f 3192//3192 3185//3185 3186//3186
f 3192//3192 3186//3186 3193//3193
f 3191//3191 3184//3184 3185//3185
f 3191//3191 3185//3185 3192//3192
f 3201//3201 3199//3199 3198//3198
f 3201//3201 3198//3198 3200//3200
f 3204//3204 3203//3203 3202//3202
f 3205//3205 3212//3212 3213//3213
f 3215//3215 3210//3210 3209//3209
f 3215//3215 3211//3211 3210//3210
f 3215//3215 3204//3204 3211//3211
f 3215//3215 3203//3203 3204//3204
f 3214//3214 3206//3206 3205//3205
f 3214//3214 3207//3207 3206//3206
f 3214//3214 3208//3208 3207//3207
f 3214//3214 3205//3205 3213//3213
f 3216//3216 3215//3215 3209//3209
f 3221//3221 3208//3208 3214//3214
f 3217//3217 3216//3216 3209//3209
f 3220//3220 3208//3208 3221//3221
f 3219//3219 3208//3208 3220//3220
f 3218//3218 3209//3209 3208//3208
f 3218//3218 3208//3208 3219//3219
f 3218//3218 3217//3217 3209//3209
f 3229//3229 3241//3241 3240//3240
f 3222//3222 3231//3231 3230//3230
f 3233//3233 3226//3226 3227//3227
f 3233//3233 3227//3227 3228//3228
f 3233//3233 3228//3228 3229//3229
f 3233//3233 3229//3229 3240//3240
f 3232//3232 3222//3222 3223//3223
f 3232//3232 3223//3223 3224//3224
f 3232//3232 3224//3224 3225//3225
f 3232//3232 3231//3231 3222//3222
f 3234//3234 3226//3226 3233//3233
f 3239//3239 3232//3232 3225//3225
f 3235//3235 3226//3226 3234//3234
f 3238//3238 3239//3239 3225//3225
f 3236//3236 3226//3226 3235//3235
f 3237//3237 3225//3225 3226//3226
f 3237//3237 3238//3238 3225//3225
f 3237//3237 3226//3226 3236//3236
f 3242//3242 3244//3244 3245//3245
f 3242//3242 3245//3245 3243//3243
f 3247//3247 3246//3246 3254//3254
f 3247//3247 3254//3254 3255//3255
f 3248//3248 3255//3255 3256//3256
f 3248//3248 3247//3247 3255//3255
f 3249//3249 3256//3256 3257//3257
f 3249//3249 3248//3248 3256//3256
f 3250//3250 3257//3257 3258//3258
f 3250//3250 3249//3249 3257//3257
f 3251//3251 3258//3258 3259//3259
f 3251//3251 3250//3250 3258//3258
f 3252//3252 3259//3259 3260//3260
f 3252//3252 3251//3251 3259//3259
f 3253//3253 3260//3260 3261//3261
f 3253//3253 3252//3252 3260//3260
f 3265//3265 3263//3263 3262//3262
f 3265//3265 3262//3262 3264//3264
f 3266//3266 3268//3268 3269//3269
f 3266//3266 3269//3269 3267//3267
f 3273//3273 3271//3271 3270//3270
f 3273//3273 3270//3270 3272//3272
f 3275//3275 3274//3274 3276//3276
f 3278//3278 3276//3276 3277//3277
f 3280//3280 3275//3275 3276//3276
f 3279//3279 3276//3276 3278//3278
f 3281//3281 3280//3280 3276//3276
f 3286//3286 3276//3276 3279//3279
f 3282//3282 3281//3281 3276//3276
f 3285//3285 3276//3276 3286//3286
f 3283//3283 3282//3282 3276//3276
f 3284//3284 3276//3276 3285//3285
f 3284//3284 3283//3283 3276//3276
f 3298//3298 3288//3288 3299//3299
f 3289//3289 3287//3287 3288//3288
f 3291//3291 3288//3288 3298//3298
f 3290//3290 3289//3289 3288//3288
f 3292//3292 3288//3288 3291//3291
f 3297//3297 3290//3290 3288//3288
f 3293//3293 3288//3288 3292//3292
f 3296//3296 3297//3297 3288//3288
f 3294//3294 3288//3288 3293//3293
f 3295//3295 3296//3296 3288//3288
f 3295//3295 3288//3288 3294//3294
f 3300//3300 3302//3302 3303//3303
f 3300//3300 3303//3303 3301//3301
f 3305//3305 3304//3304 3312//3312
f 3305//3305 3312//3312 3313//3313
f 3306//3306 3313//3313 3314//3314
f 3306//3306 3305//3305 3313//3313
f 3307//3307 3314//3314 3315//3315
f 3307//3307 3306//3306 3314//3314
f 3308//3308 3315//3315 3316//3316
f 3308//3308 3307//3307 3315//3315
f 3309//3309 3316//3316 3317//3317
f 3309//3309 3308//3308 3316//3316
f 3310//3310 3317//3317 3318//3318
f 3310//3310 3309//3309 3317//3317
f 3311//3311 3318//3318 3319//3319
f 3311//3311 3310//3310 3318//3318
f 3323//3323 3321//3321 3320//3320
f 3323//3323 3320//3320 3322//3322
f 3324//3324 3326//3326 3327//3327
f 3324//3324 3327//3327 3325//3325
f 3343//3343 3328//3328 3329//3329
f 3343//3343 3336//3336 3328//3328
f 3342//3342 3335//3335 3336//3336
f 3342//3342 3336//3336 3343//3343
f 3341//3341 3334//3334 3335//3335
f 3341//3341 3335//3335 3342//3342
f 3340//3340 3333//3333 3334//3334
f 3340//3340 3334//3334 3341//3341
f 3339//3339 3332//3332 3333//3333
f 3339//3339 3333//3333 3340//3340
f 3338//3338 3331//3331 3332//3332
f 3338//3338 3332//3332 3339//3339
f 3337//3337 3330//3330 3331//3331
f 3337//3337 3331//3331 3338//3338
f 3347//3347 3345//3345 3344//3344
f 3347//3347 3344//3344 3346//3346
f 3350//3350 3349//3349 3348//3348
f 3351//3351 3358//3358 3359//3359
f 3361//3361 3356//3356 3355//3355
f 3361//3361 3357//3357 3356//3356
f 3361//3361 3350//3350 3357//3357
f 3361//3361 3349//3349 3350//3350
f 3360//3360 3352//3352 3351//3351
f 3360//3360 3353//3353 3352//3352
f 3360//3360 3354//3354 3353//3353
f 3360//3360 3351//3351 3359//3359
f 3362//3362 3361//3361 3355//3355
f 3367//3367 3354//3354 3360//3360
f 3363//3363 3362//3362 3355//3355
f 3366//3366 3354//3354 3367//3367
f 3364//3364 3363//3363 3355//3355
f 3365//3365 3355//3355 3354//3354
f 3365//3365 3364//3364 3355//3355
f 3365//3365 3354//3354 3366//3366
f 3375//3375 3387//3387 3386//3386
f 3368//3368 3377//3377 3376//3376
f 3379//3379 3372//3372 3373//3373
f 3379//3379 3373//3373 3374//3374
f 3379//3379 3374//3374 3375//3375
f 3379//3379 3375//3375 3386//3386
f 3378//3378 3368//3368 3369//3369
f 3378//3378 3369//3369 3370//3370
f 3378//3378 3370//3370 3371//3371
f 3378//3378 3377//3377 3368//3368
f 3380//3380 3372//3372 3379//3379
f 3385//3385 3378//3378 3371//3371
f 3381//3381 3372//3372 3380//3380
f 3384//3384 3385//3385 3371//3371
f 3382//3382 3372//3372 3381//3381
f 3383//3383 3371//3371 3372//3372
f 3383//3383 3372//3372 3382//3382
f 3383//3383 3384//3384 3371//3371
f 3388//3388 3390//3390 3391//3391
f 3388//3388 3391//3391 3389//3389
f 3393//3393 3392//3392 3400//3400
f 3393//3393 3400//3400 3401//3401
f 3394//3394 3401//3401 3402//3402
f 3394//3394 3393//3393 3401//3401
f 3395//3395 3402//3402 3403//3403
f 3395//3395 3394//3394 3402//3402
f 3396//3396 3403//3403 3404//3404
f 3396//3396 3395//3395 3403//3403
f 3397//3397 3404//3404 3405//3405
f 3397//3397 3396//3396 3404//3404
f 3398//3398 3405//3405 3406//3406
f 3398//3398 3397//3397 3405//3405
f 3399//3399 3406//3406 3407//3407
f 3399//3399 3398//3398 3406//3406
f 3411//3411 3409//3409 3408//3408
f 3411//3411 3408//3408 3410//3410
f 3412//3412 3414//3414 3415//3415
f 3412//3412 3415//3415 3413//3413
f 3431//3431 3416//3416 3417//3417
f 3431//3431 3424//3424 3416//3416
f 3430//3430 3423//3423 3424//3424
f 3430//3430 3424//3424 3431//3431
f 3429//3429 3422//3422 3423//3423
f 3429//3429 3423//3423 3430//3430
f 3428//3428 3421//3421 3422//3422
f 3428//3428 3422//3422 3429//3429
f 3427//3427 3420//3420 3421//3421
f 3427//3427 3421//3421 3428//3428
f 3426//3426 3419//3419 3420//3420
f 3426//3426 3420//3420 3427//3427
f 3425//3425 3418//3418 3419//3419
f 3425//3425 3419//3419 3426//3426
f 3435//3435 3433//3433 3432//3432
f 3435//3435 3432//3432 3434//3434
f 3438//3438 3437//3437 3436//3436
f 3439//3439 3446//3446 3447//3447
f 3449//3449 3444//3444 3443//3443
f 3449//3449 3445//3445 3444//3444
f 3449//3449 3438//3438 3445//3445
f 3449//3449 3437//3437 3438//3438
f 3448//3448 3440//3440 3439//3439
f 3448//3448 3441//3441 3440//3440
f 3448//3448 3442//3442 3441//3441
f 3448//3448 3439//3439 3447//3447
f 3450//3450 3449//3449 3443//3443
f 3455//3455 3442//3442 3448//3448
f 3451//3451 3450//3450 3443//3443
f 3454//3454 3442//3442 3455//3455
f 3453//3453 3442//3442 3454//3454
f 3452//3452 3443//3443 3442//3442
f 3452//3452 3442//3442 3453//3453
f 3452//3452 3451//3451 3443//3443
f 3463//3463 3475//3475 3474//3474
f 3456//3456 3465//3465 3464//3464
f 3467//3467 3460//3460 3461//3461
f 3467//3467 3461//3461 3462//3462
f 3467//3467 3462//3462 3463//3463
f 3467//3467 3463//3463 3474//3474
f 3466//3466 3456//3456 3457//3457
f 3466//3466 3457//3457 3458//3458
f 3466//3466 3458//3458 3459//3459
f 3466//3466 3465//3465 3456//3456
f 3468//3468 3460//3460 3467//3467
f 3473//3473 3466//3466 3459//3459
f 3469//3469 3460//3460 3468//3468
f 3472//3472 3473//3473 3459//3459
f 3470//3470 3460//3460 3469//3469
f 3471//3471 3459//3459 3460//3460
f 3471//3471 3472//3472 3459//3459
f 3471//3471 3460//3460 3470//3470
f 3476//3476 3478//3478 3479//3479
f 3476//3476 3479//3479 3477//3477
f 3481//3481 3480//3480 3488//3488
f 3481//3481 3488//3488 3489//3489
f 3482//3482 3489//3489 3490//3490
f 3482//3482 3481//3481 3489//3489
f 3483//3483 3490//3490 3491//3491
f 3483//3483 3482//3482 3490//3490
f 3484//3484 3491//3491 3492//3492
f 3484//3484 3483//3483 3491//3491
f 3485//3485 3492//3492 3493//3493
f 3485//3485 3484//3484 3492//3492
f 3486//3486 3493//3493 3494//3494
f 3486//3486 3485//3485 3493//3493
f 3487//3487 3494//3494 3495//3495
f 3487//3487 3486//3486 3494//3494
f 3499//3499 3497//3497 3496//3496
f 3499//3499 3496//3496 3498//3498
f 3500//3500 3502//3502 3503//3503
f 3500//3500 3503//3503 3501//3501
f 3507//3507 3505//3505 3504//3504
f 3507//3507 3504//3504 3506//3506
f 3509//3509 3508//3508 3510//3510
f 3512//3512 3510//3510 3511//3511
f 3514//3514 3509//3509 3510//3510
f 3513//3513 3510//3510 3512//3512
f 3515//3515 3514//3514 3510//3510
f 3520//3520 3510//3510 3513//3513
f 3516//3516 3515//3515 3510//3510
f 3519//3519 3510//3510 3520//3520
f 3517//3517 3516//3516 3510//3510
f 3518//3518 3510//3510 3519//3519
f 3518//3518 3517//3517 3510//3510
f 3532//3532 3522//3522 3533//3533
f 3523//3523 3521//3521 3522//3522
f 3525//3525 3522//3522 3532//3532
f 3524//3524 3523//3523 3522//3522
f 3526//3526 3522//3522 3525//3525
f 3531//3531 3524//3524 3522//3522
f 3527//3527 3522//3522 3526//3526
f 3530//3530 3531//3531 3522//3522
f 3528//3528 3522//3522 3527//3527
f 3529//3529 3530//3530 3522//3522
f 3529//3529 3522//3522 3528//3528
f 3537//3537 3534//3534 3535//3535
f 3537//3537 3536//3536 3534//3534
f 3541//3541 3538//3538 3539//3539
f 3541//3541 3540//3540 3538//3538
f 3545//3545 3542//3542 3543//3543
f 3545//3545 3544//3544 3542//3542
f 3549//3549 3546//3546 3547//3547
f 3549//3549 3548//3548 3546//3546
f 3551//3551 3553//3553 3550//3550
f 3552//3552 3553//3553 3551//3551
f 3557//3557 3554//3554 3555//3555
f 3557//3557 3556//3556 3554//3554
f 3561//3561 3558//3558 3559//3559
f 3561//3561 3560//3560 3558//3558
f 3565//3565 3562//3562 3563//3563
f 3565//3565 3564//3564 3562//3562
f 3569//3569 3566//3566 3567//3567
f 3569//3569 3568//3568 3566//3566
f 3571//3571 3573//3573 3570//3570
f 3572//3572 3573//3573 3571//3571
f 3577//3577 3574//3574 3575//3575
f 3577//3577 3576//3576 3574//3574
f 3581//3581 3578//3578 3579//3579
f 3581//3581 3580//3580 3578//3578
f 3585//3585 3582//3582 3583//3583
f 3585//3585 3584//3584 3582//3582
f 3589//3589 3586//3586 3587//3587
f 3589//3589 3588//3588 3586//3586
f 3591//3591 3593//3593 3590//3590
f 3592//3592 3593//3593 3591//3591
f 3597//3597 3594//3594 3595//3595
f 3597//3597 3596//3596 3594//3594
f 3601//3601 3598//3598 3599//3599
f 3601//3601 3600//3600 3598//3598
f 3605//3605 3602//3602 3603//3603
f 3605//3605 3604//3604 3602//3602
f 3609//3609 3606//3606 3607//3607
f 3609//3609 3608//3608 3606//3606
f 3611//3611 3613//3613 3610//3610
f 3612//3612 3613//3613 3611//3611
f 3617//3617 3614//3614 3615//3615
f 3617//3617 3616//3616 3614//3614
f 3621//3621 3618//3618 3619//3619
f 3621//3621 3620//3620 3618//3618
f 3625//3625 3622//3622 3623//3623
f 3625//3625 3624//3624 3622//3622
f 3629//3629 3626//3626 3627//3627
f 3629//3629 3628//3628 3626//3626
f 3632//3632 3630//3630 3631//3631
f 3632//3632 3633//3633 3630//3630
f 3637//3637 3634//3634 3635//3635
f 3637//3637 3636//3636 3634//3634
f 3641//3641 3638//3638 3639//3639
f 3641//3641 3640//3640 3638//3638
f 3645//3645 3642//3642 3643//3643
f 3645//3645 3644//3644 3642//3642
f 3649//3649 3646//3646 3647//3647
f 3649//3649 3648//3648 3646//3646
f 3652//3652 3650//3650 3651//3651
f 3652//3652 3653//3653 3650//3650
f 3657//3657 3654//3654 3655//3655
f 3657//3657 3656//3656 3654//3654
f 3661//3661 3658//3658 3659//3659
f 3661//3661 3660//3660 3658//3658
f 3665//3665 3662//3662 3663//3663
f 3665//3665 3664//3664 3662//3662
f 3669//3669 3666//3666 3667//3667
f 3669//3669 3668//3668 3666//3666
f 3672//3672 3670//3670 3671//3671
f 3672//3672 3673//3673 3670//3670
f 3677//3677 3674//3674 3675//3675
f 3677//3677 3676//3676 3674//3674
f 3681//3681 3678//3678 3679//3679
f 3681//3681 3680//3680 3678//3678
f 3685//3685 3682//3682 3683//3683
f 3685//3685 3684//3684 3682//3682
f 3689//3689 3686//3686 3687//3687
f 3689//3689 3688//3688 3686//3686
f 3692//3692 3690//3690 3691//3691
f 3692//3692 3693//3693 3690//3690
f 3695//3695 3694//3694 3696//3696
f 3695//3695 3696//3696 3697//3697
f 3699//3699 3698//3698 3700//3700
f 3699//3699 3700//3700 3701//3701
f 3703//3703 3702//3702 3704//3704
f 3703//3703 3704//3704 3705//3705
f 3707//3707 3706//3706 3708//3708
f 3707//3707 3708//3708 3709//3709
f 3711//3711 3710//3710 3712//3712
f 3711//3711 3712//3712 3713//3713
f 3715//3715 3714//3714 3716//3716
f 3715//3715 3716//3716 3717//3717
f 3719//3719 3718//3718 3720//3720
f 3719//3719 3720//3720 3721//3721
f 3723//3723 3722//3722 3724//3724
f 3723//3723 3724//3724 3725//3725
f 3727//3727 3726//3726 3728//3728
f 3727//3727 3728//3728 3729//3729
f 3731//3731 3730//3730 3732//3732
f 3731//3731 3732//3732 3733//3733
f 3735//3735 3734//3734 3736//3736
f 3735//3735 3736//3736 3737//3737
f 3739//3739 3738//3738 3740//3740
f 3739//3739 3740//3740 3741//3741
f 3743//3743 3742//3742 3744//3744
f 3743//3743 3744//3744 3745//3745
f 3747//3747 3746//3746 3748//3748
f 3747//3747 3748//3748 3749//3749
f 3751//3751 3750//3750 3752//3752
f 3751//3751 3752//3752 3753//3753
f 3755//3755 3754//3754 3756//3756
f 3755//3755 3756//3756 3757//3757
f 3759//3759 3758//3758 3760//3760
f 3759//3759 3760//3760 3761//3761
f 3763//3763 3762//3762 3764//3764
f 3763//3763 3764//3764 3765//3765
f 3767//3767 3766//3766 3768//3768
f 3767//3767 3768//3768 3769//3769
f 3771//3771 3770//3770 3772//3772
f 3771//3771 3772//3772 3773//3773
f 3775//3775 3774//3774 3776//3776
f 3775//3775 3776//3776 3777//3777
f 3779//3779 3778//3778 3780//3780
f 3779//3779 3780//3780 3781//3781
f 3783//3783 3782//3782 3784//3784
f 3783//3783 3784//3784 3785//3785
f 3787//3787 3786//3786 3788//3788
f 3787//3787 3788//3788 3789//3789
f 3791//3791 3790//3790 3792//3792
f 3791//3791 3792//3792 3793//3793
f 3795//3795 3794//3794 3796//3796
f 3795//3795 3796//3796 3797//3797
f 3799//3799 3798//3798 3800//3800
f 3799//3799 3800//3800 3801//3801
f 3803//3803 3802//3802 3804//3804
f 3803//3803 3804//3804 3805//3805
f 3807//3807 3806//3806 3808//3808
f 3807//3807 3808//3808 3809//3809
f 3811//3811 3810//3810 3812//3812
f 3811//3811 3812//3812 3813//3813
f 3815//3815 3814//3814 3816//3816
f 3815//3815 3816//3816 3817//3817
f 3819//3819 3818//3818 3820//3820
f 3819//3819 3820//3820 3821//3821
f 3823//3823 3822//3822 3824//3824
f 3823//3823 3824//3824 3825//3825
f 3827//3827 3826//3826 3828//3828
f 3827//3827 3828//3828 3829//3829
f 3831//3831 3830//3830 3832//3832
f 3831//3831 3832//3832 3833//3833
f 3835//3835 3834//3834 3836//3836
f 3835//3835 3836//3836 3837//3837
f 3839//3839 3838//3838 3840//3840
f 3839//3839 3840//3840 3841//3841
f 3843//3843 3842//3842 3844//3844
f 3843//3843 3844//3844 3845//3845
f 3847//3847 3846//3846 3848//3848
f 3847//3847 3848//3848 3849//3849
f 3851//3851 3850//3850 3852//3852
f 3851//3851 3852//3852 3853//3853
f 3857//3857 3855//3855 3854//3854
f 3857//3857 3854//3854 3856//3856
f 3858//3858 3860//3860 3861//3861
f 3858//3858 3861//3861 3859//3859
f 3865//3865 3863//3863 3862//3862
f 3865//3865 3862//3862 3864//3864
f 3866//3866 3868//3868 3869//3869
f 3866//3866 3869//3869 3867//3867
f 3873//3873 3871//3871 3870//3870
f 3873//3873 3870//3870 3872//3872
f 3874//3874 3876//3876 3877//3877
f 3874//3874 3877//3877 3875//3875
f 3881//3881 3879//3879 3878//3878
f 3881//3881 3878//3878 3880//3880
f 3882//3882 3884//3884 3885//3885
f 3882//3882 3885//3885 3883//3883
f 3889//3889 3887//3887 3886//3886
f 3889//3889 3886//3886 3888//3888
f 3890//3890 3892//3892 3893//3893
f 3890//3890 3893//3893 3891//3891
f 3897//3897 3895//3895 3894//3894
f 3897//3897 3894//3894 3896//3896
f 3898//3898 3900//3900 3901//3901
f 3898//3898 3901//3901 3899//3899
f 3905//3905 3903//3903 3902//3902
f 3905//3905 3902//3902 3904//3904
f 3906//3906 3908//3908 3909//3909
f 3906//3906 3909//3909 3907//3907
f 3913//3913 3911//3911 3910//3910
f 3913//3913 3910//3910 3912//3912
f 3914//3914 3916//3916 3917//3917
f 3914//3914 3917//3917 3915//3915
f 3921//3921 3919//3919 3918//3918
f 3921//3921 3918//3918 3920//3920
f 3922//3922 3924//3924 3925//3925
f 3922//3922 3925//3925 3923//3923
f 3929//3929 3927//3927 3926//3926
f 3929//3929 3926//3926 3928//3928
f 3930//3930 3932//3932 3933//3933
f 3930//3930 3933//3933 3931//3931
f 3937//3937 3935//3935 3934//3934
f 3937//3937 3934//3934 3936//3936
f 3938//3938 3940//3940 3941//3941
f 3938//3938 3941//3941 3939//3939
f 3945//3945 3943//3943 3942//3942
f 3945//3945 3942//3942 3944//3944
f 3946//3946 3948//3948 3949//3949
f 3946//3946 3949//3949 3947//3947
f 3953//3953 3951//3951 3950//3950
f 3953//3953 3950//3950 3952//3952
f 3954//3954 3956//3956 3957//3957
f 3954//3954 3957//3957 3955//3955
f 3961//3961 3959//3959 3958//3958
f 3961//3961 3958//3958 3960//3960
f 3962//3962 3964//3964 3965//3965
f 3962//3962 3965//3965 3963//3963
f 3969//3969 3967//3967 3966//3966
f 3969//3969 3966//3966 3968//3968
f 3970//3970 3972//3972 3973//3973
f 3970//3970 3973//3973 3971//3971
f 3977//3977 3975//3975 3974//3974
f 3977//3977 3974//3974 3976//3976
f 3978//3978 3980//3980 3981//3981
f 3978//3978 3981//3981 3979//3979
f 3985//3985 3983//3983 3982//3982
f 3985//3985 3982//3982 3984//3984
f 3986//3986 3988//3988 3989//3989
f 3986//3986 3989//3989 3987//3987
f 3993//3993 3991//3991 3990//3990
f 3993//3993 3990//3990 3992//3992
f 3994//3994 3996//3996 3997//3997
f 3994//3994 3997//3997 3995//3995
f 3998//3998 4001//4001 4000//4000
f 3998//3998 3999//3999 4001//4001
f 4002//4002 4005//4005 4004//4004
f 4002//4002 4003//4003 4005//4005
f 4006//4006 4009//4009 4008//4008
f 4006//4006 4007//4007 4009//4009
f 4010//4010 4013//4013 4012//4012
f 4010//4010 4011//4011 4013//4013
f 4037//4037 4023//4023 4014//4014
f 4021//4021 4037//4037 4014//4014
f 4034//4034 4037//4037 4021//4021
f 4017//4017 4014//4014 4023//4023
f 4022//4022 4017//4017 4023//4023
f 4033//4033 4034//4034 4021//4021
f 4035//4035 4036//4036 4037//4037
f 4035//4035 4037//4037 4034//4034
f 4019//4019 4033//4033 4021//4021
f 4032//4032 4033//4033 4019//4019
f 4018//4018 4032//4032 4019//4019
f 4030//4030 4018//4018 4020//4020
f 4029//4029 4030//4030 4020//4020
f 4031//4031 4018//4018 4030//4030
f 4031//4031 4032//4032 4018//4018
f 4015//4015 4020//4020 4021//4021
f 4015//4015 4021//4021 4014//4014
f 4026//4026 4020//4020 4015//4015
f 4026//4026 4029//4029 4020//4020
f 4027//4027 4028//4028 4029//4029
f 4027//4027 4029//4029 4026//4026
f 4025//4025 4026//4026 4015//4015
f 4016//4016 4024//4024 4025//4025
f 4016//4016 4025//4025 4015//4015
f 4016//4016 4017//4017 4022//4022
f 4016//4016 4022//4022 4024//4024
f 4039//4039 4041//4041 4040//4040
f 4038//4038 4039//4039 4040//4040
f 4042//4042 4045//4045 4044//4044
f 4042//4042 4043//4043 4045//4045
f 4047//4047 4049//4049 4048//4048
f 4046//4046 4047//4047 4048//4048
f 4050//4050 4053//4053 4052//4052
f 4050//4050 4051//4051 4053//4053
f 4073//4073 4059//4059 4054//4054
f 4077//4077 4073//4073 4054//4054
f 4070//4070 4073//4073 4077//4077
f 4072//4072 4073//4073 4070//4070
f 4057//4057 4054//4054 4059//4059
f 4058//4058 4057//4057 4059//4059
f 4069//4069 4070//4070 4077//4077
f 4071//4071 4072//4072 4070//4070
f 4075//4075 4069//4069 4077//4077
f 4068//4068 4069//4069 4075//4075
f 4066//4066 4074//4074 4076//4076
f 4065//4065 4066//4066 4076//4076
f 4067//4067 4075//4075 4074//4074
f 4067//4067 4068//4068 4075//4075
f 4067//4067 4074//4074 4066//4066
f 4055//4055 4076//4076 4077//4077
f 4055//4055 4077//4077 4054//4054
f 4062//4062 4076//4076 4055//4055
f 4062//4062 4065//4065 4076//4076
f 4064//4064 4065//4065 4062//4062
f 4061//4061 4062//4062 4055//4055
f 4063//4063 4064//4064 4062//4062
f 4056//4056 4060//4060 4061//4061
f 4056//4056 4061//4061 4055//4055
f 4056//4056 4057//4057 4058//4058
f 4056//4056 4058//4058 4060//4060
f 4078//4078 4081//4081 4080//4080
f 4078//4078 4079//4079 4081//4081
f 4082//4082 4085//4085 4084//4084
f 4082//4082 4083//4083 4085//4085
f 4086//4086 4089//4089 4088//4088
f 4086//4086 4087//4087 4089//4089
f 4090//4090 4093//4093 4092//4092
f 4090//4090 4091//4091 4093//4093
f 4113//4113 4097//4097 4114//4114
f 4099//4099 4097//4097 4113//4113
f 4110//4110 4099//4099 4113//4113
f 4096//4096 4114//4114 4097//4097
f 4115//4115 4114//4114 4096//4096
f 4111//4111 4113//4113 4112//4112
f 4111//4111 4110//4110 4113//4113
f 4109//4109 4099//4099 4110//4110
f 4100//4100 4099//4099 4109//4109
f 4108//4108 4100//4100 4109//4109
f 4098//4098 4097//4097 4099//4099
f 4106//4106 4098//4098 4101//4101
f 4107//4107 4101//4101 4100//4100
f 4107//4107 4100//4100 4108//4108
f 4107//4107 4106//4106 4101//4101
f 4105//4105 4098//4098 4106//4106
f 4095//4095 4097//4097 4098//4098
f 4102//4102 4095//4095 4098//4098
f 4102//4102 4098//4098 4105//4105
f 4117//4117 4095//4095 4102//4102
f 4103//4103 4105//4105 4104//4104
f 4103//4103 4102//4102 4105//4105
f 4094//4094 4117//4117 4116//4116
f 4094//4094 4095//4095 4117//4117
f 4094//4094 4115//4115 4096//4096
f 4094//4094 4116//4116 4115//4115
f 4121//4121 4118//4118 4119//4119
f 4121//4121 4120//4120 4118//4118
f 4125//4125 4122//4122 4123//4123
f 4125//4125 4124//4124 4122//4122
f 4129//4129 4126//4126 4127//4127
f 4129//4129 4128//4128 4126//4126
f 4133//4133 4130//4130 4131//4131
f 4133//4133 4132//4132 4130//4130
f 4137//4137 4134//4134 4135//4135
f 4137//4137 4136//4136 4134//4134
f 4141//4141 4138//4138 4139//4139
f 4141//4141 4140//4140 4138//4138
f 4145//4145 4142//4142 4143//4143
f 4145//4145 4144//4144 4142//4142
f 4149//4149 4146//4146 4147//4147
f 4149//4149 4148//4148 4146//4146
f 4153//4153 4150//4150 4151//4151
f 4153//4153 4152//4152 4150//4150
f 4157//4157 4154//4154 4155//4155
f 4157//4157 4156//4156 4154//4154
f 4161//4161 4158//4158 4159//4159
f 4161//4161 4160//4160 4158//4158
f 4165//4165 4162//4162 4163//4163
f 4165//4165 4164//4164 4162//4162
f 4169//4169 4166//4166 4167//4167
f 4169//4169 4168//4168 4166//4166
f 4173//4173 4170//4170 4171//4171
f 4173//4173 4172//4172 4170//4170
f 4177//4177 4174//4174 4175//4175
f 4177//4177 4176//4176 4174//4174
f 4181//4181 4178//4178 4179//4179
f 4181//4181 4180//4180 4178//4178
f 4186//4186 4185//4185 4184//4184
f 4182//4182 4186//4186 4184//4184
f 4187//4187 4186//4186 4182//4182
f 4190//4190 4188//4188 4187//4187
f 4190//4190 4189//4189 4188//4188
f 4190//4190 4187//4187 4182//4182
f 4194//4194 4192//4192 4191//4191
f 4194//4194 4193//4193 4192//4192
f 4197//4197 4196//4196 4195//4195
f 4183//4183 4195//4195 4194//4194
f 4183//4183 4194//4194 4191//4191
f 4183//4183 4197//4197 4195//4195
f 4183//4183 4190//4190 4182//4182
f 4183//4183 4191//4191 4190//4190
f 4201//4201 4198//4198 4199//4199
f 4201//4201 4200//4200 4198//4198
f 4205//4205 4202//4202 4203//4203
f 4205//4205 4204//4204 4202//4202
f 4209//4209 4206//4206 4207//4207
f 4209//4209 4208//4208 4206//4206
f 4213//4213 4210//4210 4211//4211
f 4213//4213 4212//4212 4210//4210
f 4217//4217 4214//4214 4215//4215
f 4217//4217 4216//4216 4214//4214
f 4221//4221 4218//4218 4219//4219
f 4221//4221 4220//4220 4218//4218
f 4225//4225 4222//4222 4223//4223
f 4225//4225 4224//4224 4222//4222
f 4229//4229 4226//4226 4227//4227
f 4229//4229 4228//4228 4226//4226
f 4233//4233 4230//4230 4231//4231
f 4233//4233 4232//4232 4230//4230
f 4237//4237 4234//4234 4235//4235
f 4237//4237 4236//4236 4234//4234
f 4241//4241 4238//4238 4239//4239
f 4241//4241 4240//4240 4238//4238
f 4245//4245 4242//4242 4243//4243
f 4245//4245 4244//4244 4242//4242
f 4249//4249 4246//4246 4247//4247
f 4249//4249 4248//4248 4246//4246
f 4253//4253 4250//4250 4251//4251
f 4253//4253 4252//4252 4250//4250
f 4257//4257 4254//4254 4255//4255
f 4257//4257 4256//4256 4254//4254
f 4261//4261 4258//4258 4259//4259
f 4261//4261 4260//4260 4258//4258
f 4265//4265 4262//4262 4263//4263
f 4265//4265 4264//4264 4262//4262
f 4269//4269 4266//4266 4267//4267
f 4269//4269 4268//4268 4266//4266
f 4273//4273 4270//4270 4271//4271
f 4273//4273 4272//4272 4270//4270
f 4277//4277 4274//4274 4275//4275
f 4277//4277 4276//4276 4274//4274
f 4281//4281 4278//4278 4279//4279
f 4281//4281 4280//4280 4278//4278
f 4285//4285 4282//4282 4283//4283
f 4285//4285 4284//4284 4282//4282
f 4289//4289 4286//4286 4287//4287
f 4289//4289 4288//4288 4286//4286
f 4293//4293 4290//4290 4291//4291
f 4293//4293 4292//4292 4290//4290
f 4297//4297 4294//4294 4295//4295
f 4297//4297 4296//4296 4294//4294
f 4301//4301 4298//4298 4299//4299
f 4301//4301 4300//4300 4298//4298
f 4306//4306 4305//4305 4304//4304
f 4302//4302 4306//4306 4304//4304
f 4307//4307 4306//4306 4302//4302
f 4310//4310 4308//4308 4307//4307
f 4310//4310 4309//4309 4308//4308
f 4310//4310 4307//4307 4302//4302
f 4314//4314 4312//4312 4311//4311
f 4314//4314 4313//4313 4312//4312
f 4317//4317 4316//4316 4315//4315
f 4303//4303 4315//4315 4314//4314
f 4303//4303 4314//4314 4311//4311
f 4303//4303 4317//4317 4315//4315
f 4303//4303 4310//4310 4302//4302
f 4303//4303 4311//4311 4310//4310
f 4321//4321 4318//4318 4319//4319
f 4321//4321 4320//4320 4318//4318
f 4325//4325 4322//4322 4323//4323
f 4325//4325 4324//4324 4322//4322
f 4329//4329 4326//4326 4327//4327
f 4329//4329 4328//4328 4326//4326
f 4333//4333 4330//4330 4331//4331
f 4333//4333 4332//4332 4330//4330
f 4337//4337 4334//4334 4335//4335
f 4337//4337 4336//4336 4334//4334
f 4341//4341 4338//4338 4339//4339
f 4341//4341 4340//4340 4338//4338
f 4345//4345 4342//4342 4343//4343
f 4345//4345 4344//4344 4342//4342
f 4349//4349 4346//4346 4347//4347
f 4349//4349 4348//4348 4346//4346
f 4353//4353 4350//4350 4351//4351
f 4353//4353 4352//4352 4350//4350
f 4357//4357 4354//4354 4355//4355
f 4357//4357 4356//4356 4354//4354
f 4361//4361 4358//4358 4359//4359
f 4361//4361 4360//4360 4358//4358
f 4365//4365 4362//4362 4363//4363
f 4365//4365 4364//4364 4362//4362
f 4369//4369 4366//4366 4367//4367
f 4369//4369 4368//4368 4366//4366
f 4373//4373 4370//4370 4371//4371
f 4373//4373 4372//4372 4370//4370
f 4377//4377 4374//4374 4375//4375
f 4377//4377 4376//4376 4374//4374
f 4381//4381 4378//4378 4379//4379
f 4381//4381 4380//4380 4378//4378
f 4386//4386 4385//4385 4384//4384
f 4382//4382 4386//4386 4384//4384
f 4387//4387 4386//4386 4382//4382
f 4389//4389 4388//4388 4387//4387
f 4390//4390 4389//4389 4387//4387
f 4390//4390 4387//4387 4382//4382
f 4393//4393 4392//4392 4391//4391
f 4394//4394 4393//4393 4391//4391
f 4397//4397 4396//4396 4395//4395
f 4383//4383 4395//4395 4394//4394
f 4383//4383 4394//4394 4391//4391
f 4383//4383 4397//4397 4395//4395
f 4383//4383 4390//4390 4382//4382
f 4383//4383 4391//4391 4390//4390
f 4401//4401 4398//4398 4399//4399
f 4401//4401 4400//4400 4398//4398
f 4405//4405 4402//4402 4403//4403
f 4405//4405 4404//4404 4402//4402
f 4408//4408 4406//4406 4407//4407
f 4409//4409 4408//4408 4407//4407
f 4413//4413 4410//4410 4411//4411
f 4413//4413 4412//4412 4410//4410
f 4417//4417 4414//4414 4415//4415
f 4417//4417 4416//4416 4414//4414
f 4418//4418 4421//4421 4420//4420
f 4418//4418 4419//4419 4421//4421
f 4422//4422 4425//4425 4424//4424
f 4422//4422 4423//4423 4425//4425
f 4432//4432 4431//4431 4429//4429
f 4428//4428 4432//4432 4429//4429
f 4438//4438 4434//4434 4433//4433
f 4439//4439 4433//4433 4432//4432
f 4439//4439 4432//4432 4428//4428
f 4439//4439 4438//4438 4433//4433
f 4427//4427 4431//4431 4430//4430
f 4427//4427 4429//4429 4431//4431
f 4435//4435 4434//4434 4438//4438
f 4441//4441 4435//4435 4438//4438
f 4436//4436 4435//4435 4441//4441
f 4437//4437 4427//4427 4430//4430
f 4440//4440 4437//4437 4436//4436
f 4440//4440 4436//4436 4441//4441
f 4426//4426 4437//4437 4440//4440
f 4426//4426 4427//4427 4437//4437
f 4426//4426 4439//4439 4428//4428
f 4426//4426 4440//4440 4439//4439
f 4442//4442 4445//4445 4444//4444
f 4442//4442 4443//4443 4445//4445
f 4448//4448 4446//4446 4447//4447
f 4448//4448 4449//4449 4446//4446
f 4450//4450 4453//4453 4452//4452
f 4450//4450 4451//4451 4453//4453
f 4454//4454 4457//4457 4456//4456
f 4454//4454 4455//4455 4457//4457
f 4468//4468 4467//4467 4461//4461
f 4460//4460 4468//4468 4461//4461
f 4462//4462 4470//4470 4469//4469
f 4463//4463 4469//4469 4468//4468
f 4463//4463 4468//4468 4460//4460
f 4463//4463 4462//4462 4469//4469
f 4459//4459 4467//4467 4466//4466
f 4459//4459 4461//4461 4467//4467
f 4465//4465 4471//4471 4470//4470
f 4465//4465 4470//4470 4462//4462
f 4472//4472 4471//4471 4465//4465
f 4473//4473 4459//4459 4466//4466
f 4464//4464 4473//4473 4472//4472
f 4464//4464 4472//4472 4465//4465
f 4458//4458 4473//4473 4464//4464
f 4458//4458 4459//4459 4473//4473
f 4458//4458 4463//4463 4460//4460
f 4458//4458 4464//4464 4463//4463
f 4474//4474 4477//4477 4476//4476
f 4474//4474 4475//4475 4477//4477
f 4479//4479 4481//4481 4478//4478
f 4480//4480 4481//4481 4479//4479
f 4485//4485 4482//4482 4483//4483
f 4485//4485 4484//4484 4482//4482
f 4488//4488 4486//4486 4487//4487
f 4488//4488 4487//4487 4489//4489
f 4492//4492 4490//4490 4491//4491
f 4493//4493 4492//4492 4491//4491
f 4495//4495 4496//4496 4494//4494
f 4495//4495 4497//4497 4496//4496
f 4501//4501 4498//4498 4499//4499
f 4501//4501 4500//4500 4498//4498
f 4504//4504 4502//4502 4503//4503
f 4504//4504 4503//4503 4505//4505
f 4509//4509 4506//4506 4507//4507
f 4509//4509 4508//4508 4506//4506
f 4511//4511 4512//4512 4510//4510
f 4511//4511 4513//4513 4512//4512
f 4515//4515 4516//4516 4521//4521
f 4514//4514 4515//4515 4521//4521
f 4520//4520 4516//4516 4517//4517
f 4520//4520 4521//4521 4516//4516
f 4518//4518 4519//4519 4520//4520
f 4518//4518 4520//4520 4517//4517
f 4523//4523 4524//4524 4522//4522
f 4523//4523 4525//4525 4524//4524
f 4528//4528 4526//4526 4527//4527
f 4529//4529 4528//4528 4527//4527
f 4532//4532 4530//4530 4531//4531
f 4532//4532 4531//4531 4533//4533
f 4537//4537 4534//4534 4535//4535
f 4537//4537 4536//4536 4534//4534
f 4541//4541 4538//4538 4539//4539
f 4541//4541 4539//4539 4540//4540
f 4545//4545 4542//4542 4543//4543
f 4545//4545 4544//4544 4542//4542
f 4548//4548 4546//4546 4547//4547
f 4549//4549 4548//4548 4547//4547
f 4553//4553 4550//4550 4551//4551
f 4553//4553 4552//4552 4550//4550
f 4557//4557 4554//4554 4555//4555
f 4557//4557 4556//4556 4554//4554
f 4560//4560 4558//4558 4559//4559
f 4561//4561 4558//4558 4560//4560
f 4565//4565 4562//4562 4563//4563
f 4565//4565 4564//4564 4562//4562
f 4568//4568 4566//4566 4567//4567
f 4568//4568 4567//4567 4569//4569
f 4572//4572 4570//4570 4571//4571
f 4573//4573 4572//4572 4571//4571
f 4575//4575 4576//4576 4574//4574
f 4575//4575 4577//4577 4576//4576
f 4581//4581 4578//4578 4579//4579
f 4581//4581 4580//4580 4578//4578
f 4584//4584 4582//4582 4583//4583
f 4584//4584 4583//4583 4585//4585
f 4589//4589 4586//4586 4587//4587
f 4589//4589 4588//4588 4586//4586
f 4591//4591 4592//4592 4590//4590
f 4591//4591 4593//4593 4592//4592
f 4595//4595 4596//4596 4601//4601
f 4594//4594 4595//4595 4601//4601
f 4600//4600 4596//4596 4597//4597
f 4600//4600 4601//4601 4596//4596
f 4598//4598 4599//4599 4600//4600
f 4598//4598 4600//4600 4597//4597
f 4605//4605 4602//4602 4603//4603
f 4605//4605 4604//4604 4602//4602
f 4609//4609 4606//4606 4607//4607
f 4609//4609 4608//4608 4606//4606
f 4613//4613 4610//4610 4611//4611
f 4613//4613 4612//4612 4610//4610
f 4614//4614 4617//4617 4616//4616
f 4614//4614 4615//4615 4617//4617
f 4621//4621 4622//4622 4623//4623
f 4621//4621 4623//4623 4624//4624
f 4619//4619 4620//4620 4621//4621
f 4626//4626 4624//4624 4625//4625
f 4626//4626 4621//4621 4624//4624
f 4626//4626 4619//4619 4621//4621
f 4618//4618 4619//4619 4626//4626
f 4631//4631 4627//4627 4628//4628
f 4631//4631 4628//4628 4629//4629
f 4631//4631 4629//4629 4630//4630
f 4646//4646 4647//4647 4648//4648
f 4646//4646 4648//4648 4649//4649
f 4644//4644 4645//4645 4646//4646
f 4643//4643 4649//4649 4618//4618
f 4643//4643 4646//4646 4649//4649
f 4643//4643 4644//4644 4646//4646
f 4634//4634 4631//4631 4632//4632
f 4634//4634 4632//4632 4633//4633
f 4634//4634 4627//4627 4631//4631
f 4642//4642 4643//4643 4618//4618
f 4635//4635 4626//4626 4627//4627
f 4635//4635 4618//4618 4626//4626
f 4635//4635 4627//4627 4634//4634
f 4635//4635 4642//4642 4618//4618
f 4636//4636 4642//4642 4635//4635
f 4640//4640 4641//4641 4642//4642
f 4638//4638 4636//4636 4637//4637
f 4638//4638 4639//4639 4640//4640
f 4638//4638 4642//4642 4636//4636
f 4638//4638 4640//4640 4642//4642
f 4650//4650 4653//4653 4652//4652
f 4650//4650 4651//4651 4653//4653
f 4654//4654 4657//4657 4656//4656
f 4654//4654 4655//4655 4657//4657
f 4661//4661 4658//4658 4659//4659
f 4661//4661 4660//4660 4658//4658
f 4665//4665 4662//4662 4663//4663
f 4665//4665 4664//4664 4662//4662
f 4685//4685 4686//4686 4687//4687
f 4689//4689 4687//4687 4688//4688
f 4682//4682 4687//4687 4689//4689
f 4683//4683 4684//4684 4685//4685
f 4683//4683 4685//4685 4687//4687
f 4683//4683 4687//4687 4682//4682
f 4695//4695 4696//4696 4697//4697
f 4694//4694 4695//4695 4697//4697
f 4680//4680 4677//4677 4678//4678
f 4680//4680 4678//4678 4679//4679
f 4692//4692 4693//4693 4694//4694
f 4681//4681 4677//4677 4680//4680
f 4691//4691 4690//4690 4683//4683
f 4691//4691 4697//4697 4690//4690
f 4691//4691 4692//4692 4694//4694
f 4691//4691 4694//4694 4697//4697
f 4674//4674 4675//4675 4676//4676
f 4674//4674 4676//4676 4677//4677
f 4674//4674 4682//4682 4675//4675
f 4674//4674 4683//4683 4682//4682
f 4674//4674 4677//4677 4681//4681
f 4666//4666 4683//4683 4674//4674
f 4666//4666 4691//4691 4683//4683
f 4673//4673 4691//4691 4666//4666
f 4668//4668 4666//4666 4667//4667
f 4670//4670 4671//4671 4672//4672
f 4670//4670 4672//4672 4673//4673
f 4670//4670 4673//4673 4666//4666
f 4669//4669 4670//4670 4666//4666
f 4669//4669 4666//4666 4668//4668
f 4708//4708 4705//4705 4704//4704
f 4708//4708 4707//4707 4705//4705
f 4709//4709 4704//4704 4703//4703
f 4709//4709 4708//4708 4704//4704
f 4710//4710 4703//4703 4702//4702
f 4710//4710 4709//4709 4703//4703
f 4711//4711 4702//4702 4701//4701
f 4711//4711 4710//4710 4702//4702
f 4712//4712 4701//4701 4700//4700
f 4712//4712 4711//4711 4701//4701
f 4713//4713 4699//4699 4698//4698
f 4713//4713 4700//4700 4699//4699
f 4713//4713 4712//4712 4700//4700
f 4706//4706 4713//4713 4698//4698
f 4724//4724 4721//4721 4720//4720
f 4724//4724 4723//4723 4721//4721
f 4725//4725 4720//4720 4719//4719
f 4725//4725 4724//4724 4720//4720
f 4726//4726 4719//4719 4718//4718
f 4726//4726 4725//4725 4719//4719
f 4727//4727 4718//4718 4717//4717
f 4727//4727 4726//4726 4718//4718
f 4728//4728 4717//4717 4716//4716
f 4728//4728 4727//4727 4717//4717
f 4729//4729 4715//4715 4714//4714
f 4729//4729 4716//4716 4715//4715
f 4729//4729 4728//4728 4716//4716
f 4722//4722 4729//4729 4714//4714
f 4740//4740 4737//4737 4736//4736
f 4740//4740 4739//4739 4737//4737
f 4741//4741 4736//4736 4735//4735
f 4741//4741 4740//4740 4736//4736
f 4742//4742 4735//4735 4734//4734
f 4742//4742 4741//4741 4735//4735
f 4743//4743 4734//4734 4733//4733
f 4743//4743 4742//4742 4734//4734
f 4744//4744 4733//4733 4732//4732
f 4744//4744 4743//4743 4733//4733
f 4745//4745 4731//4731 4730//4730
f 4745//4745 4732//4732 4731//4731
f 4745//4745 4744//4744 4732//4732
f 4738//4738 4745//4745 4730//4730
f 4756//4756 4753//4753 4752//4752
f 4756//4756 4755//4755 4753//4753
f 4757//4757 4752//4752 4751//4751
f 4757//4757 4756//4756 4752//4752
f 4758//4758 4751//4751 4750//4750
f 4758//4758 4757//4757 4751//4751
f 4759//4759 4750//4750 4749//4749
f 4759//4759 4758//4758 4750//4750
f 4760//4760 4749//4749 4748//4748
f 4760//4760 4759//4759 4749//4749
f 4761//4761 4747//4747 4746//4746
f 4761//4761 4748//4748 4747//4747
f 4761//4761 4760//4760 4748//4748
f 4754//4754 4761//4761 4746//4746
f 4772//4772 4769//4769 4768//4768
f 4772//4772 4771//4771 4769//4769
f 4773//4773 4768//4768 4767//4767
f 4773//4773 4772//4772 4768//4768
f 4774//4774 4767//4767 4766//4766
f 4774//4774 4773//4773 4767//4767
f 4775//4775 4766//4766 4765//4765
f 4775//4775 4774//4774 4766//4766
f 4776//4776 4765//4765 4764//4764
f 4776//4776 4775//4775 4765//4765
f 4777//4777 4763//4763 4762//4762
f 4777//4777 4764//4764 4763//4763
f 4777//4777 4776//4776 4764//4764
f 4770//4770 4777//4777 4762//4762
f 4788//4788 4785//4785 4784//4784
f 4788//4788 4787//4787 4785//4785
f 4789//4789 4784//4784 4783//4783
f 4789//4789 4788//4788 4784//4784
f 4790//4790 4783//4783 4782//4782
f 4790//4790 4789//4789 4783//4783
f 4791//4791 4782//4782 4781//4781
f 4791//4791 4790//4790 4782//4782
f 4792//4792 4781//4781 4780//4780
f 4792//4792 4791//4791 4781//4781
f 4793//4793 4779//4779 4778//4778
f 4793//4793 4780//4780 4779//4779
f 4793//4793 4792//4792 4780//4780
f 4786//4786 4793//4793 4778//4778
f 4804//4804 4801//4801 4800//4800
f 4804//4804 4803//4803 4801//4801
f 4805//4805 4800//4800 4799//4799
f 4805//4805 4804//4804 4800//4800
f 4806//4806 4799//4799 4798//4798
f 4806//4806 4805//4805 4799//4799
f 4807//4807 4798//4798 4797//4797
f 4807//4807 4806//4806 4798//4798
f 4808//4808 4797//4797 4796//4796
f 4808//4808 4807//4807 4797//4797
f 4809//4809 4795//4795 4794//4794
f 4809//4809 4796//4796 4795//4795
f 4809//4809 4808//4808 4796//4796
f 4802//4802 4809//4809 4794//4794
f 4820//4820 4817//4817 4816//4816
f 4820//4820 4819//4819 4817//4817
f 4821//4821 4816//4816 4815//4815
f 4821//4821 4820//4820 4816//4816
f 4822//4822 4815//4815 4814//4814
f 4822//4822 4821//4821 4815//4815
f 4823//4823 4814//4814 4813//4813
f 4823//4823 4822//4822 4814//4814
f 4824//4824 4813//4813 4812//4812
f 4824//4824 4823//4823 4813//4813
f 4825//4825 4811//4811 4810//4810
f 4825//4825 4812//4812 4811//4811
f 4825//4825 4824//4824 4812//4812
f 4818//4818 4825//4825 4810//4810
f 4933//4933 4934//4934 4849//4849
f 4935//4935 4849//4849 4934//4934
f 4922//4922 4933//4933 4849//4849
f 4930//4930 4935//4935 4936//4936
f 4930//4930 4849//4849 4935//4935
f 4921//4921 4922//4922 4849//4849
f 4923//4923 4936//4936 4933//4933
f 4923//4923 4933//4933 4922//4922
f 4929//4929 4930//4930 4936//4936
f 4931//4931 4849//4849 4930//4930
f 4910//4910 4924//4924 4921//4921
f 4918//4918 4936//4936 4923//4923
f 4918//4918 4929//4929 4936//4936
f 4918//4918 4923//4923 4924//4924
f 4848//4848 4931//4931 4926//4926
f 4848//4848 4849//4849 4931//4931
f 4911//4911 4924//4924 4910//4910
f 4917//4917 4918//4918 4924//4924
f 4919//4919 4932//4932 4929//4929
f 4919//4919 4929//4929 4918//4918
f 4925//4925 4931//4931 4932//4932
f 4925//4925 4926//4926 4931//4931
f 4925//4925 4932//4932 4919//4919
f 4927//4927 4848//4848 4926//4926
f 4847//4847 4848//4848 4927//4927
f 4928//4928 4847//4847 4927//4927
f 4898//4898 4912//4912 4909//4909
f 4906//4906 4924//4924 4911//4911
f 4906//4906 4917//4917 4924//4924
f 4906//4906 4911//4911 4912//4912
f 4914//4914 4925//4925 4919//4919
f 4845//4845 4928//4928 4925//4925
f 4845//4845 4925//4925 4914//4914
f 4846//4846 4847//4847 4928//4928
f 4846//4846 4928//4928 4845//4845
f 4899//4899 4912//4912 4898//4898
f 4905//4905 4906//4906 4912//4912
f 4907//4907 4917//4917 4906//4906
f 4907//4907 4920//4920 4917//4917
f 4913//4913 4920//4920 4907//4907
f 4913//4913 4914//4914 4919//4919
f 4913//4913 4919//4919 4920//4920
f 4915//4915 4845//4845 4914//4914
f 4844//4844 4845//4845 4915//4915
f 4894//4894 4899//4899 4900//4900
f 4894//4894 4912//4912 4899//4899
f 4894//4894 4905//4905 4912//4912
f 4902//4902 4913//4913 4907//4907
f 4843//4843 4844//4844 4915//4915
f 4843//4843 4915//4915 4916//4916
f 4842//4842 4913//4913 4902//4902
f 4842//4842 4843//4843 4916//4916
f 4842//4842 4916//4916 4913//4913
f 4887//4887 4897//4897 4886//4886
f 4887//4887 4900//4900 4897//4897
f 4893//4893 4894//4894 4900//4900
f 4895//4895 4905//4905 4894//4894
f 4895//4895 4908//4908 4905//4905
f 4901//4901 4902//4902 4907//4907
f 4901//4901 4907//4907 4908//4908
f 4903//4903 4842//4842 4902//4902
f 4841//4841 4842//4842 4903//4903
f 4874//4874 4888//4888 4885//4885
f 4882//4882 4893//4893 4900//4900
f 4882//4882 4900//4900 4887//4887
f 4890//4890 4901//4901 4908//4908
f 4890//4890 4895//4895 4896//4896
f 4890//4890 4908//4908 4895//4895
f 4840//4840 4841//4841 4903//4903
f 4840//4840 4903//4903 4904//4904
f 4839//4839 4901//4901 4890//4890
f 4839//4839 4840//4840 4904//4904
f 4839//4839 4904//4904 4901//4901
f 4875//4875 4888//4888 4874//4874
f 4881//4881 4882//4882 4887//4887
f 4881//4881 4887//4887 4888//4888
f 4883//4883 4893//4893 4882//4882
f 4883//4883 4896//4896 4893//4893
f 4891//4891 4839//4839 4890//4890
f 4889//4889 4890//4890 4896//4896
f 4838//4838 4839//4839 4891//4891
f 4892//4892 4838//4838 4891//4891
f 4870//4870 4888//4888 4875//4875
f 4870//4870 4881//4881 4888//4888
f 4870//4870 4875//4875 4876//4876
f 4878//4878 4896//4896 4883//4883
f 4878//4878 4889//4889 4896//4896
f 4837//4837 4838//4838 4892//4892
f 4836//4836 4889//4889 4878//4878
f 4836//4836 4892//4892 4889//4889
f 4836//4836 4837//4837 4892//4892
f 4863//4863 4876//4876 4873//4873
f 4863//4863 4873//4873 4862//4862
f 4869//4869 4870//4870 4876//4876
f 4869//4869 4876//4876 4863//4863
f 4871//4871 4881//4881 4870//4870
f 4871//4871 4884//4884 4881//4881
f 4879//4879 4836//4836 4878//4878
f 4877//4877 4883//4883 4884//4884
f 4877//4877 4878//4878 4883//4883
f 4877//4877 4884//4884 4871//4871
f 4835//4835 4836//4836 4879//4879
f 4880//4880 4835//4835 4879//4879
f 4938//4938 4864//4864 4861//4861
f 4858//4858 4869//4869 4863//4863
f 4866//4866 4877//4877 4871//4871
f 4834//4834 4835//4835 4880//4880
f 4833//4833 4877//4877 4866//4866
f 4833//4833 4834//4834 4880//4880
f 4833//4833 4880//4880 4877//4877
f 4939//4939 4864//4864 4938//4938
f 4857//4857 4863//4863 4864//4864
f 4857//4857 4858//4858 4863//4863
f 4859//4859 4869//4869 4858//4858
f 4859//4859 4872//4872 4869//4869
f 4867//4867 4833//4833 4866//4866
f 4865//4865 4871//4871 4872//4872
f 4865//4865 4866//4866 4871//4871
f 4832//4832 4833//4833 4867//4867
f 4850//4850 4938//4938 4861//4861
f 4850//4850 4937//4937 4938//4938
f 4850//4850 4940//4940 4937//4937
f 4850//4850 4861//4861 4862//4862
f 4942//4942 4864//4864 4939//4939
f 4942//4942 4857//4857 4864//4864
f 4942//4942 4860//4860 4857//4857
f 4854//4854 4865//4865 4872//4872
f 4854//4854 4859//4859 4860//4860
f 4854//4854 4872//4872 4859//4859
f 4831//4831 4832//4832 4867//4867
f 4831//4831 4867//4867 4868//4868
f 4830//4830 4865//4865 4854//4854
f 4830//4830 4831//4831 4868//4868
f 4830//4830 4868//4868 4865//4865
f 4941//4941 4939//4939 4940//4940
f 4941//4941 4940//4940 4850//4850
f 4941//4941 4942//4942 4939//4939
f 4943//4943 4860//4860 4942//4942
f 4853//4853 4854//4854 4860//4860
f 4855//4855 4830//4830 4854//4854
f 4829//4829 4830//4830 4855//4855
f 4944//4944 4941//4941 4850//4850
f 4946//4946 4860//4860 4943//4943
f 4946//4946 4853//4853 4860//4860
f 4826//4826 4856//4856 4853//4853
f 4826//4826 4853//4853 4946//4946
f 4828//4828 4855//4855 4856//4856
f 4828//4828 4829//4829 4855//4855
f 4828//4828 4856//4856 4826//4826
f 4947//4947 4826//4826 4946//4946
f 4945//4945 4943//4943 4944//4944
f 4945//4945 4946//4946 4943//4943
f 4827//4827 4826//4826 4947//4947
f 4852//4852 4947//4947 4948//4948
f 4852//4852 4827//4827 4947//4947
f 4851//4851 4948//4948 4945//4945
f 4851//4851 4944//4944 4850//4850
f 4851//4851 4945//4945 4944//4944
f 4851//4851 4852//4852 4948//4948
f 4849//4849 4850//4850 4862//4862
f 4849//4849 4862//4862 4873//4873
f 4849//4849 4873//4873 4874//4874
f 4849//4849 4874//4874 4885//4885
f 4849//4849 4885//4885 4886//4886
f 4849//4849 4886//4886 4897//4897
f 4849//4849 4897//4897 4898//4898
f 4849//4849 4898//4898 4909//4909
f 4849//4849 4909//4909 4910//4910
f 4849//4849 4910//4910 4921//4921
f 4951//4951 4949//4949 4950//4950
f 4951//4951 4950//4950 4952//4952
f 4956//4956 4953//4953 4954//4954
f 4956//4956 4955//4955 4953//4953
f 4961//4961 4960//4960 4959//4959
f 4957//4957 4961//4961 4959//4959
f 4958//4958 4961//4961 4957//4957
f 4965//4965 4962//4962 4963//4963
f 4965//4965 4964//4964 4962//4962
f 4967//4967 4968//4968 4966//4966
f 4967//4967 4969//4969 4968//4968
f 5115//5115 4999//4999 4998//4998
f 5114//5114 5000//5000 4999//4999
f 5114//5114 4999//4999 5115//5115
f 5112//5112 5115//5115 4998//4998
f 5001//5001 5000//5000 5114//5114
f 5113//5113 5001//5001 5114//5114
f 5103//5103 5002//5002 5001//5001
f 5111//5111 5112//5112 4998//4998
f 5100//5100 5103//5103 5001//5001
f 5100//5100 5001//5001 5113//5113
f 5102//5102 5003//5003 5002//5002
f 5102//5102 5002//5002 5103//5103
f 5110//5110 5113//5113 5112//5112
f 5110//5110 5112//5112 5111//5111
f 5108//5108 5111//5111 4998//4998
f 5004//5004 5003//5003 5102//5102
f 5101//5101 5004//5004 5102//5102
f 5091//5091 5005//5005 5004//5004
f 5099//5099 5110//5110 5109//5109
f 5099//5099 5113//5113 5110//5110
f 5099//5099 5100//5100 5113//5113
f 4997//4997 5107//5107 5108//5108
f 4997//4997 5108//5108 4998//4998
f 5088//5088 5004//5004 5101//5101
f 5088//5088 5091//5091 5004//5004
f 5090//5090 5006//5006 5005//5005
f 5090//5090 5005//5005 5091//5091
f 5098//5098 5101//5101 5100//5100
f 5098//5098 5100//5100 5099//5099
f 5096//5096 5099//5099 5109//5109
f 5106//5106 5109//5109 5108//5108
f 5106//5106 5108//5108 5107//5107
f 5104//5104 5107//5107 4997//4997
f 4996//4996 5104//5104 4997//4997
f 5007//5007 5006//5006 5090//5090
f 5089//5089 5007//5007 5090//5090
f 5105//5105 5104//5104 4996//4996
f 5079//5079 5008//5008 5007//5007
f 5087//5087 5101//5101 5098//5098
f 5087//5087 5089//5089 5088//5088
f 5087//5087 5098//5098 5097//5097
f 5087//5087 5088//5088 5101//5101
f 5095//5095 5096//5096 5109//5109
f 5095//5095 5109//5109 5106//5106
f 4995//4995 5105//5105 4996//4996
f 4994//4994 5095//5095 5106//5106
f 4994//4994 5105//5105 4995//4995
f 4994//4994 5106//5106 5105//5105
f 5076//5076 5007//5007 5089//5089
f 5076//5076 5079//5079 5007//5007
f 5078//5078 5008//5008 5079//5079
f 5078//5078 5009//5009 5008//5008
f 5086//5086 5089//5089 5087//5087
f 5084//5084 5087//5087 5097//5097
f 5094//5094 5096//5096 5095//5095
f 5094//5094 5097//5097 5096//5096
f 5092//5092 5095//5095 4994//4994
f 4993//4993 5092//5092 4994//4994
f 5010//5010 5009//5009 5078//5078
f 5077//5077 5010//5010 5078//5078
f 5067//5067 5011//5011 5010//5010
f 5075//5075 5076//5076 5089//5089
f 5075//5075 5077//5077 5076//5076
f 5075//5075 5089//5089 5086//5086
f 5083//5083 5085//5085 5084//5084
f 5083//5083 5097//5097 5094//5094
f 5083//5083 5084//5084 5097//5097
f 4991//4991 5094//5094 5093//5093
f 4991//4991 5083//5083 5094//5094
f 4992//4992 5093//5093 5092//5092
f 4992//4992 5092//5092 4993//4993
f 4992//4992 4991//4991 5093//5093
f 5064//5064 5067//5067 5010//5010
f 5064//5064 5010//5010 5077//5077
f 5066//5066 5012//5012 5011//5011
f 5066//5066 5011//5011 5067//5067
f 5074//5074 5077//5077 5075//5075
f 5072//5072 5075//5075 5086//5086
f 5072//5072 5086//5086 5085//5085
f 5082//5082 5085//5085 5083//5083
f 5080//5080 5083//5083 4991//4991
f 4990//4990 5080//5080 4991//4991
f 5013//5013 5012//5012 5066//5066
f 5065//5065 5013//5013 5066//5066
f 5081//5081 5080//5080 4990//4990
f 5055//5055 5014//5014 5013//5013
f 5063//5063 5074//5074 5073//5073
f 5063//5063 5064//5064 5077//5077
f 5063//5063 5077//5077 5074//5074
f 5063//5063 5065//5065 5064//5064
f 5071//5071 5072//5072 5085//5085
f 5071//5071 5085//5085 5082//5082
f 4989//4989 5081//5081 4990//4990
f 4988//4988 5081//5081 4989//4989
f 4988//4988 5082//5082 5081//5081
f 4988//4988 5071//5071 5082//5082
f 5054//5054 5015//5015 5014//5014
f 5054//5054 5014//5014 5055//5055
f 5052//5052 5055//5055 5013//5013
f 5052//5052 5013//5013 5065//5065
f 5062//5062 5052//5052 5065//5065
f 5062//5062 5065//5065 5063//5063
f 5060//5060 5063//5063 5073//5073
f 5070//5070 5073//5073 5072//5072
f 5070//5070 5072//5072 5071//5071
f 5068//5068 5071//5071 4988//4988
f 4987//4987 5068//5068 4988//4988
f 5016//5016 5015//5015 5054//5054
f 5053//5053 5016//5016 5054//5054
f 5043//5043 5017//5017 5016//5016
f 5051//5051 5052//5052 5062//5062
f 5051//5051 5053//5053 5052//5052
f 5051//5051 5062//5062 5061//5061
f 5059//5059 5073//5073 5070//5070
f 5059//5059 5060//5060 5073//5073
f 4986//4986 5068//5068 4987//4987
f 4986//4986 5069//5069 5068//5068
f 4985//4985 5069//5069 4986//4986
f 4985//4985 5059//5059 5070//5070
f 4985//4985 5070//5070 5069//5069
f 5042//5042 5017//5017 5043//5043
f 5042//5042 5018//5018 5017//5017
f 5040//5040 5043//5043 5016//5016
f 5040//5040 5016//5016 5053//5053
f 5050//5050 5053//5053 5051//5051
f 5048//5048 5051//5051 5061//5061
f 5058//5058 5060//5060 5059//5059
f 5058//5058 5061//5061 5060//5060
f 5056//5056 5059//5059 4985//4985
f 4984//4984 5056//5056 4985//4985
f 5019//5019 5018//5018 5042//5042
f 5041//5041 5019//5019 5042//5042
f 5023//5023 4971//4971 5019//5019
f 5039//5039 5040//5040 5053//5053
f 5039//5039 5053//5053 5050//5050
f 5047//5047 5048//5048 5061//5061
f 5047//5047 5061//5061 5058//5058
f 4983//4983 5056//5056 4984//4984
f 4983//4983 5057//5057 5056//5056
f 4982//4982 5047//5047 5058//5058
f 4982//4982 5057//5057 4983//4983
f 4982//4982 5058//5058 5057//5057
f 5022//5022 4970//4970 4971//4971
f 5022//5022 4971//4971 5023//5023
f 5020//5020 5019//5019 5041//5041
f 5020//5020 5023//5023 5019//5019
f 5038//5038 5040//5040 5039//5039
f 5038//5038 5041//5041 5040//5040
f 5036//5036 5039//5039 5050//5050
f 5036//5036 5050//5050 5049//5049
f 5046//5046 5048//5048 5047//5047
f 5046//5046 5049//5049 5048//5048
f 5044//5044 5047//5047 4982//4982
f 4981//4981 5044//5044 4982//4982
f 4972//4972 4970//4970 5022//5022
f 5021//5021 4972//4972 5022//5022
f 5045//5045 5044//5044 4981//4981
f 5027//5027 5021//5021 5020//5020
f 5027//5027 5041//5041 5038//5038
f 5027//5027 5020//5020 5041//5041
f 5035//5035 5036//5036 5049//5049
f 5035//5035 5049//5049 5046//5046
f 4980//4980 5045//5045 4981//4981
f 4979//4979 5035//5035 5046//5046
f 4979//4979 5045//5045 4980//4980
f 4979//4979 5046//5046 5045//5045
f 5026//5026 5021//5021 5027//5027
f 5026//5026 4972//4972 5021//5021
f 5024//5024 5038//5038 5037//5037
f 5024//5024 5027//5027 5038//5038
f 5034//5034 5036//5036 5035//5035
f 5034//5034 5037//5037 5036//5036
f 5034//5034 5024//5024 5037//5037
f 5032//5032 5035//5035 4979//4979
f 4978//4978 5032//5032 4979//4979
f 5031//5031 5024//5024 5034//5034
f 4977//4977 5032//5032 4978//4978
f 4977//4977 5033//5033 5032//5032
f 4976//4976 5031//5031 5034//5034
f 4976//4976 5033//5033 4977//4977
f 4976//4976 5034//5034 5033//5033
f 5030//5030 5024//5024 5031//5031
f 5030//5030 5025//5025 5024//5024
f 5028//5028 5031//5031 4976//4976
f 4975//4975 5028//5028 4976//4976
f 4973//4973 4972//4972 5026//5026
f 4973//4973 5025//5025 5030//5030
f 4973//4973 5026//5026 5025//5025
f 4973//4973 5030//5030 5029//5029
f 4974//4974 5028//5028 4975//4975
f 4974//4974 4973//4973 5029//5029
f 4974//4974 5029//5029 5028//5028
f 5119//5119 5117//5117 5116//5116
f 5119//5119 5116//5116 5118//5118
f 5122//5122 5121//5121 5120//5120
f 5122//5122 5123//5123 5121//5121
f 5125//5125 5126//5126 5124//5124
f 5125//5125 5127//5127 5126//5126
f 5129//5129 5128//5128 5130//5130
f 5129//5129 5130//5130 5131//5131
f 5134//5134 5132//5132 5133//5133
f 5134//5134 5135//5135 5132//5132
f 5139//5139 5137//5137 5136//5136
f 5139//5139 5136//5136 5138//5138
f 5142//5142 5141//5141 5140//5140
f 5142//5142 5143//5143 5141//5141
f 5145//5145 5146//5146 5144//5144
f 5145//5145 5147//5147 5146//5146
f 5149//5149 5148//5148 5150//5150
f 5149//5149 5150//5150 5151//5151
f 5154//5154 5152//5152 5153//5153
f 5154//5154 5155//5155 5152//5152
f 5159//5159 5157//5157 5156//5156
f 5159//5159 5156//5156 5158//5158
f 5162//5162 5161//5161 5160//5160
f 5162//5162 5163//5163 5161//5161
f 5165//5165 5166//5166 5164//5164
f 5165//5165 5167//5167 5166//5166
f 5169//5169 5168//5168 5170//5170
f 5169//5169 5170//5170 5171//5171
f 5174//5174 5172//5172 5173//5173
f 5174//5174 5175//5175 5172//5172
f 5179//5179 5176//5176 5177//5177
f 5179//5179 5178//5178 5176//5176
f 5181//5181 5183//5183 5182//5182
f 5181//5181 5180//5180 5183//5183
f 5185//5185 5186//5186 5184//5184
f 5185//5185 5187//5187 5186//5186
f 5190//5190 5189//5189 5188//5188
f 5190//5190 5188//5188 5191//5191
f 5194//5194 5192//5192 5193//5193
f 5194//5194 5193//5193 5195//5195
f 5197//5197 5198//5198 5196//5196
f 5197//5197 5199//5199 5198//5198
f 5203//5203 5200//5200 5201//5201
f 5203//5203 5202//5202 5200//5200
f 5206//5206 5204//5204 5207//5207
f 5205//5205 5204//5204 5206//5206
f 5209//5209 5210//5210 5208//5208
f 5209//5209 5211//5211 5210//5210
f 5214//5214 5213//5213 5212//5212
f 5214//5214 5212//5212 5215//5215
f 5218//5218 5216//5216 5217//5217
f 5218//5218 5217//5217 5219//5219
f 5221//5221 5222//5222 5220//5220
f 5221//5221 5223//5223 5222//5222
f 5227//5227 5224//5224 5225//5225
f 5227//5227 5226//5226 5224//5224
f 5229//5229 5231//5231 5230//5230
f 5229//5229 5228//5228 5231//5231
f 5233//5233 5234//5234 5232//5232
f 5233//5233 5235//5235 5234//5234
f 5238//5238 5237//5237 5236//5236
f 5238//5238 5236//5236 5239//5239
f 5242//5242 5240//5240 5241//5241
f 5242//5242 5241//5241 5243//5243
f 5245//5245 5246//5246 5244//5244
f 5245//5245 5247//5247 5246//5246
f 5251//5251 5248//5248 5249//5249
f 5251//5251 5250//5250 5248//5248
f 5253//5253 5255//5255 5254//5254
f 5253//5253 5252//5252 5255//5255
f 5257//5257 5258//5258 5256//5256
f 5257//5257 5259//5259 5258//5258
f 5262//5262 5261//5261 5260//5260
f 5262//5262 5260//5260 5263//5263
f 5266//5266 5264//5264 5265//5265
f 5266//5266 5265//5265 5267//5267
f 5269//5269 5270//5270 5268//5268
f 5269//5269 5271//5271 5270//5270
f 5275//5275 5272//5272 5273//5273
f 5275//5275 5274//5274 5272//5272
f 5277//5277 5279//5279 5278//5278
f 5277//5277 5276//5276 5279//5279
f 5281//5281 5282//5282 5280//5280
f 5281//5281 5283//5283 5282//5282
f 5286//5286 5285//5285 5284//5284
f 5286//5286 5284//5284 5287//5287
f 5290//5290 5288//5288 5289//5289
f 5290//5290 5289//5289 5291//5291
f 5293//5293 5294//5294 5292//5292
f 5293//5293 5295//5295 5294//5294
f 5299//5299 5296//5296 5297//5297
f 5299//5299 5298//5298 5296//5296
f 5301//5301 5303//5303 5302//5302
f 5301//5301 5300//5300 5303//5303
f 5305//5305 5306//5306 5304//5304
f 5305//5305 5307//5307 5306//5306
f 5310//5310 5309//5309 5308//5308
f 5310//5310 5308//5308 5311//5311
f 5314//5314 5312//5312 5313//5313
f 5314//5314 5313//5313 5315//5315
f 5317//5317 5318//5318 5316//5316
f 5317//5317 5319//5319 5318//5318
f 5323//5323 5320//5320 5321//5321
f 5323//5323 5322//5322 5320//5320
f 5325//5325 5327//5327 5326//5326
f 5325//5325 5324//5324 5327//5327
f 5330//5330 5328//5328 5329//5329
f 5330//5330 5329//5329 5331//5331
f 5333//5333 5334//5334 5332//5332
f 5333//5333 5335//5335 5334//5334
f 5337//5337 5338//5338 5336//5336
f 5339//5339 5338//5338 5337//5337
f 5340//5340 5341//5341 5344//5344
f 5342//5342 5344//5344 5343//5343
f 5342//5342 5340//5340 5344//5344
f 5348//5348 5345//5345 5346//5346
f 5348//5348 5347//5347 5345//5345
f 5352//5352 5350//5350 5349//5349
f 5352//5352 5349//5349 5351//5351
f 5355//5355 5354//5354 5353//5353
f 5355//5355 5356//5356 5354//5354
f 5358//5358 5359//5359 5357//5357
f 5358//5358 5360//5360 5359//5359
f 5362//5362 5361//5361 5363//5363
f 5362//5362 5363//5363 5364//5364
f 5367//5367 5365//5365 5366//5366
f 5367//5367 5368//5368 5365//5365
f 5372//5372 5370//5370 5369//5369
f 5372//5372 5369//5369 5371//5371
f 5375//5375 5374//5374 5373//5373
f 5375//5375 5376//5376 5374//5374
f 5378//5378 5379//5379 5377//5377
f 5378//5378 5380//5380 5379//5379
f 5382//5382 5381//5381 5383//5383
f 5382//5382 5383//5383 5384//5384
f 5387//5387 5385//5385 5386//5386
f 5387//5387 5388//5388 5385//5385
f 5392//5392 5390//5390 5389//5389
f 5392//5392 5389//5389 5391//5391
f 5395//5395 5394//5394 5393//5393
f 5395//5395 5396//5396 5394//5394
f 5398//5398 5399//5399 5397//5397
f 5398//5398 5400//5400 5399//5399
f 5402//5402 5401//5401 5403//5403
f 5402//5402 5403//5403 5404//5404
f 5407//5407 5405//5405 5406//5406
f 5407//5407 5408//5408 5405//5405
f 5412//5412 5410//5410 5409//5409
f 5412//5412 5409//5409 5411//5411
f 5415//5415 5414//5414 5413//5413
f 5415//5415 5416//5416 5414//5414
f 5418//5418 5419//5419 5417//5417
f 5418//5418 5420//5420 5419//5419
f 5422//5422 5421//5421 5423//5423
f 5422//5422 5423//5423 5424//5424
f 5427//5427 5425//5425 5426//5426
f 5427//5427 5428//5428 5425//5425
f 5432//5432 5430//5430 5429//5429
f 5432//5432 5429//5429 5431//5431
f 5435//5435 5434//5434 5433//5433
f 5435//5435 5436//5436 5434//5434
f 5438//5438 5439//5439 5437//5437
f 5438//5438 5440//5440 5439//5439
f 5442//5442 5441//5441 5443//5443
f 5442//5442 5443//5443 5444//5444
f 5447//5447 5445//5445 5446//5446
f 5447//5447 5448//5448 5445//5445
f 5452//5452 5450//5450 5449//5449
f 5452//5452 5449//5449 5451//5451
f 5455//5455 5454//5454 5453//5453
f 5455//5455 5456//5456 5454//5454
f 5458//5458 5459//5459 5457//5457
f 5458//5458 5460//5460 5459//5459
f 5462//5462 5461//5461 5463//5463
f 5462//5462 5463//5463 5464//5464
f 5467//5467 5465//5465 5466//5466
f 5467//5467 5468//5468 5465//5465
f 5472//5472 5470//5470 5469//5469
f 5472//5472 5469//5469 5471//5471
f 5475//5475 5474//5474 5473//5473
f 5475//5475 5476//5476 5474//5474
f 5478//5478 5479//5479 5477//5477
f 5478//5478 5480//5480 5479//5479
f 5482//5482 5481//5481 5483//5483
f 5482//5482 5483//5483 5484//5484
f 5487//5487 5485//5485 5486//5486
f 5487//5487 5488//5488 5485//5485
f 5492//5492 5490//5490 5489//5489
f 5492//5492 5489//5489 5491//5491
f 5495//5495 5494//5494 5493//5493
f 5495//5495 5496//5496 5494//5494
f 5498//5498 5499//5499 5497//5497
f 5498//5498 5500//5500 5499//5499
f 5502//5502 5501//5501 5503//5503
f 5502//5502 5503//5503 5504//5504
f 5507//5507 5505//5505 5506//5506
f 5507//5507 5508//5508 5505//5505
f 5512//5512 5510//5510 5509//5509
f 5512//5512 5509//5509 5511//5511
f 5515//5515 5514//5514 5513//5513
f 5515//5515 5516//5516 5514//5514
f 5518//5518 5519//5519 5517//5517
f 5518//5518 5520//5520 5519//5519
f 5522//5522 5521//5521 5523//5523
f 5522//5522 5523//5523 5524//5524
f 5527//5527 5525//5525 5526//5526
f 5527//5527 5528//5528 5525//5525
f 5532//5532 5530//5530 5529//5529
f 5532//5532 5529//5529 5531//5531
f 5535//5535 5534//5534 5533//5533
f 5535//5535 5536//5536 5534//5534
f 5538//5538 5539//5539 5537//5537
f 5538//5538 5540//5540 5539//5539
f 5542//5542 5541//5541 5543//5543
f 5542//5542 5543//5543 5544//5544
f 5547//5547 5545//5545 5546//5546
f 5547//5547 5548//5548 5545//5545
f 5552//5552 5550//5550 5549//5549
f 5552//5552 5549//5549 5551//5551
f 5555//5555 5554//5554 5553//5553
f 5555//5555 5556//5556 5554//5554
f 5558//5558 5559//5559 5557//5557
f 5558//5558 5560//5560 5559//5559
f 5562//5562 5561//5561 5563//5563
f 5562//5562 5563//5563 5564//5564
f 5567//5567 5565//5565 5566//5566
f 5567//5567 5568//5568 5565//5565
f 5572//5572 5570//5570 5569//5569
f 5572//5572 5569//5569 5571//5571
f 5575//5575 5574//5574 5573//5573
f 5575//5575 5576//5576 5574//5574
f 5578//5578 5579//5579 5577//5577
f 5578//5578 5580//5580 5579//5579
f 5582//5582 5581//5581 5583//5583
f 5582//5582 5583//5583 5584//5584
f 5587//5587 5585//5585 5586//5586
f 5587//5587 5588//5588 5585//5585
f 5592//5592 5590//5590 5589//5589
f 5592//5592 5589//5589 5591//5591
f 5595//5595 5594//5594 5593//5593
f 5595//5595 5596//5596 5594//5594
f 5598//5598 5599//5599 5597//5597
f 5598//5598 5600//5600 5599//5599
f 5602//5602 5601//5601 5603//5603
f 5602//5602 5603//5603 5604//5604
f 5607//5607 5605//5605 5606//5606
f 5607//5607 5608//5608 5605//5605
f 5612//5612 5610//5610 5609//5609
f 5612//5612 5609//5609 5611//5611
f 5615//5615 5614//5614 5613//5613
f 5615//5615 5616//5616 5614//5614
f 5618//5618 5619//5619 5617//5617
f 5618//5618 5620//5620 5619//5619
f 5622//5622 5621//5621 5623//5623
f 5622//5622 5623//5623 5624//5624
f 5627//5627 5625//5625 5626//5626
f 5627//5627 5628//5628 5625//5625
f 5632//5632 5630//5630 5629//5629
f 5632//5632 5629//5629 5631//5631
f 5635//5635 5634//5634 5633//5633
f 5635//5635 5636//5636 5634//5634
f 5638//5638 5639//5639 5637//5637
f 5638//5638 5640//5640 5639//5639
f 5642//5642 5641//5641 5643//5643
f 5642//5642 5643//5643 5644//5644
f 5647//5647 5645//5645 5646//5646
f 5647//5647 5648//5648 5645//5645
f 5652//5652 5650//5650 5649//5649
f 5652//5652 5649//5649 5651//5651
f 5655//5655 5654//5654 5653//5653
f 5655//5655 5656//5656 5654//5654
f 5658//5658 5659//5659 5657//5657
f 5658//5658 5660//5660 5659//5659
f 5662//5662 5661//5661 5663//5663
f 5662//5662 5663//5663 5664//5664
f 5667//5667 5665//5665 5666//5666
f 5667//5667 5668//5668 5665//5665
f 5672//5672 5670//5670 5669//5669
f 5672//5672 5669//5669 5671//5671
f 5675//5675 5674//5674 5673//5673
f 5675//5675 5676//5676 5674//5674
f 5678//5678 5679//5679 5677//5677
f 5678//5678 5680//5680 5679//5679
f 5682//5682 5681//5681 5683//5683
f 5682//5682 5683//5683 5684//5684
f 5687//5687 5685//5685 5686//5686
f 5687//5687 5688//5688 5685//5685
f 5692//5692 5690//5690 5689//5689
f 5692//5692 5689//5689 5691//5691
f 5695//5695 5694//5694 5693//5693
f 5695//5695 5696//5696 5694//5694
f 5698//5698 5699//5699 5697//5697
f 5698//5698 5700//5700 5699//5699
f 5702//5702 5701//5701 5703//5703
f 5702//5702 5703//5703 5704//5704
f 5707//5707 5705//5705 5706//5706
f 5707//5707 5708//5708 5705//5705
f 5712//5712 5710//5710 5709//5709
f 5712//5712 5709//5709 5711//5711
f 5715//5715 5714//5714 5713//5713
f 5715//5715 5716//5716 5714//5714
f 5718//5718 5719//5719 5717//5717
f 5718//5718 5720//5720 5719//5719
f 5722//5722 5721//5721 5723//5723
f 5722//5722 5723//5723 5724//5724
f 5727//5727 5725//5725 5726//5726
f 5727//5727 5728//5728 5725//5725
f 5732//5732 5730//5730 5729//5729
f 5732//5732 5729//5729 5731//5731
f 5735//5735 5734//5734 5733//5733
f 5735//5735 5736//5736 5734//5734
f 5738//5738 5739//5739 5737//5737
f 5738//5738 5740//5740 5739//5739
f 5742//5742 5741//5741 5743//5743
f 5742//5742 5743//5743 5744//5744
f 5747//5747 5745//5745 5746//5746
f 5747//5747 5748//5748 5745//5745
f 5752//5752 5750//5750 5749//5749
f 5752//5752 5749//5749 5751//5751
f 5755//5755 5754//5754 5753//5753
f 5755//5755 5756//5756 5754//5754
f 5758//5758 5759//5759 5757//5757
f 5758//5758 5760//5760 5759//5759
f 5762//5762 5761//5761 5763//5763
f 5762//5762 5763//5763 5764//5764
f 5767//5767 5765//5765 5766//5766
f 5767//5767 5768//5768 5765//5765
f 5786//5786 5775//5775 5776//5776
f 5788//5788 5776//5776 5769//5769
f 5788//5788 5786//5786 5776//5776
f 5785//5785 5775//5775 5786//5786
f 5770//5770 5788//5788 5769//5769
f 5787//5787 5788//5788 5770//5770
f 5782//5782 5775//5775 5785//5785
f 5784//5784 5785//5785 5787//5787
f 5784//5784 5787//5787 5770//5770
f 5784//5784 5782//5782 5785//5785
f 5774//5774 5782//5782 5781//5781
f 5774//5774 5781//5781 5778//5778
f 5774//5774 5775//5775 5782//5782
f 5780//5780 5781//5781 5783//5783
f 5780//5780 5778//5778 5781//5781
f 5777//5777 5774//5774 5778//5778
f 5773//5773 5774//5774 5777//5777
f 5772//5772 5777//5777 5779//5779
f 5772//5772 5773//5773 5777//5777
f 5771//5771 5779//5779 5780//5780
f 5771//5771 5783//5783 5784//5784
f 5771//5771 5784//5784 5770//5770
f 5771//5771 5780//5780 5783//5783
f 5771//5771 5772//5772 5779//5779
f 5806//5806 5805//5805 5794//5794
f 5789//5789 5804//5804 5803//5803
f 5789//5789 5805//5805 5804//5804
f 5789//5789 5794//5794 5805//5805
f 5797//5797 5806//5806 5794//5794
f 5796//5796 5803//5803 5806//5806
f 5796//5796 5789//5789 5803//5803
f 5796//5796 5806//5806 5797//5797
f 5798//5798 5797//5797 5794//5794
f 5795//5795 5789//5789 5796//5796
f 5793//5793 5801//5801 5798//5798
f 5793//5793 5798//5798 5794//5794
f 5800//5800 5795//5795 5798//5798
f 5800//5800 5798//5798 5801//5801
f 5802//5802 5801//5801 5793//5793
f 5792//5792 5802//5802 5793//5793
f 5791//5791 5799//5799 5802//5802
f 5791//5791 5802//5802 5792//5792
f 5790//5790 5800//5800 5799//5799
f 5790//5790 5789//5789 5795//5795
f 5790//5790 5795//5795 5800//5800
f 5790//5790 5799//5799 5791//5791
f 5807//5807 5810//5810 5809//5809
f 5807//5807 5808//5808 5810//5810
f 5811//5811 5812//5812 5815//5815
f 5813//5813 5815//5815 5814//5814
f 5813//5813 5811//5811 5815//5815
f 5816//5816 5819//5819 5818//5818
f 5816//5816 5817//5817 5819//5819
f 5821//5821 5822//5822 5820//5820
f 5821//5821 5823//5823 5822//5822
f 5824//5824 5827//5827 5826//5826
f 5824//5824 5825//5825 5827//5827
f 5830//5830 5832//5832 5831//5831
f 5828//5828 5829//5829 5832//5832
f 5828//5828 5832//5832 5830//5830
f 5833//5833 5836//5836 5835//5835
f 5833//5833 5834//5834 5836//5836
f 5839//5839 5837//5837 5838//5838
f 5839//5839 5838//5838 5840//5840
f 5841//5841 5843//5843 5844//5844
f 5841//5841 5844//5844 5842//5842
f 5848//5848 5846//5846 5845//5845
f 5848//5848 5847//5847 5846//5846
f 5849//5849 5851//5851 5852//5852
f 5849//5849 5852//5852 5850//5850
f 5853//5853 5855//5855 5856//5856
f 5853//5853 5856//5856 5854//5854
f 5860//5860 5858//5858 5857//5857
f 5860//5860 5857//5857 5859//5859
f 5862//5862 5861//5861 5863//5863
f 5862//5862 5863//5863 5864//5864
f 5868//5868 5866//5866 5865//5865
f 5868//5868 5867//5867 5866//5866
f 5869//5869 5871//5871 5872//5872
f 5869//5869 5872//5872 5870//5870
f 5873//5873 5875//5875 5876//5876
f 5873//5873 5876//5876 5874//5874
f 5880//5880 5878//5878 5877//5877
f 5880//5880 5877//5877 5879//5879
f 5881//5881 5883//5883 5884//5884
f 5881//5881 5884//5884 5882//5882
f 5888//5888 5886//5886 5885//5885
f 5888//5888 5887//5887 5886//5886
f 5889//5889 5891//5891 5892//5892
f 5889//5889 5892//5892 5890//5890
f 5893//5893 5895//5895 5896//5896
f 5893//5893 5896//5896 5894//5894
f 5900//5900 5898//5898 5897//5897
f 5900//5900 5897//5897 5899//5899
f 5918//5918 5907//5907 5908//5908
f 5917//5917 5907//5907 5918//5918
f 5920//5920 5908//5908 5901//5901
f 5920//5920 5918//5918 5908//5908
f 5902//5902 5920//5920 5901//5901
f 5919//5919 5920//5920 5902//5902
f 5914//5914 5907//5907 5917//5917
f 5916//5916 5917//5917 5919//5919
f 5916//5916 5914//5914 5917//5917
f 5916//5916 5919//5919 5902//5902
f 5906//5906 5914//5914 5913//5913
f 5906//5906 5913//5913 5910//5910
f 5906//5906 5907//5907 5914//5914
f 5912//5912 5913//5913 5915//5915
f 5912//5912 5910//5910 5913//5913
f 5909//5909 5906//5906 5910//5910
f 5905//5905 5906//5906 5909//5909
f 5904//5904 5909//5909 5911//5911
f 5904//5904 5905//5905 5909//5909
f 5903//5903 5911//5911 5912//5912
f 5903//5903 5915//5915 5916//5916
f 5903//5903 5916//5916 5902//5902
f 5903//5903 5912//5912 5915//5915
f 5903//5903 5904//5904 5911//5911
f 5938//5938 5937//5937 5925//5925
f 5926//5926 5936//5936 5935//5935
f 5926//5926 5937//5937 5936//5936
f 5926//5926 5925//5925 5937//5937
f 5929//5929 5938//5938 5925//5925
f 5928//5928 5935//5935 5938//5938
f 5928//5928 5926//5926 5935//5935
f 5928//5928 5938//5938 5929//5929
f 5930//5930 5929//5929 5925//5925
f 5927//5927 5926//5926 5928//5928
f 5924//5924 5933//5933 5930//5930
f 5924//5924 5930//5930 5925//5925
f 5932//5932 5927//5927 5930//5930
f 5932//5932 5930//5930 5933//5933
f 5934//5934 5933//5933 5924//5924
f 5923//5923 5934//5934 5924//5924
f 5921//5921 5932//5932 5931//5931
f 5921//5921 5926//5926 5927//5927
f 5921//5921 5927//5927 5932//5932
f 5922//5922 5931//5931 5934//5934
f 5922//5922 5921//5921 5931//5931
f 5922//5922 5934//5934 5923//5923
f 5939//5939 5942//5942 5941//5941
f 5939//5939 5940//5940 5942//5942
f 5943//5943 5944//5944 5947//5947
f 5945//5945 5947//5947 5946//5946
f 5945//5945 5943//5943 5947//5947
f 5948//5948 5951//5951 5950//5950
f 5948//5948 5949//5949 5951//5951
f 5953//5953 5954//5954 5952//5952
f 5953//5953 5955//5955 5954//5954
f 5956//5956 5959//5959 5958//5958
f 5956//5956 5957//5957 5959//5959
f 5962//5962 5964//5964 5963//5963
f 5960//5960 5961//5961 5964//5964
f 5960//5960 5964//5964 5962//5962
f 5965//5965 5968//5968 5967//5967
f 5965//5965 5966//5966 5968//5968
f 5971//5971 5969//5969 5970//5970
f 5971//5971 5970//5970 5972//5972
f 5973//5973 5975//5975 5976//5976
f 5973//5973 5976//5976 5974//5974
f 5980//5980 5978//5978 5977//5977
f 5980//5980 5979//5979 5978//5978
f 5981//5981 5983//5983 5984//5984
f 5981//5981 5984//5984 5982//5982
f 5985//5985 5987//5987 5988//5988
f 5985//5985 5988//5988 5986//5986
f 5992//5992 5990//5990 5989//5989
f 5992//5992 5989//5989 5991//5991
f 5994//5994 5993//5993 5995//5995
f 5994//5994 5995//5995 5996//5996
f 6000//6000 5998//5998 5997//5997
f 6000//6000 5999//5999 5998//5998
f 6001//6001 6003//6003 6004//6004
f 6001//6001 6004//6004 6002//6002
f 6005//6005 6007//6007 6008//6008
f 6005//6005 6008//6008 6006//6006
f 6012//6012 6010//6010 6009//6009
f 6012//6012 6009//6009 6011//6011
f 6013//6013 6015//6015 6016//6016
f 6013//6013 6016//6016 6014//6014
f 6020//6020 6018//6018 6017//6017
f 6020//6020 6019//6019 6018//6018
f 6021//6021 6023//6023 6024//6024
f 6021//6021 6024//6024 6022//6022
f 6025//6025 6027//6027 6028//6028
f 6025//6025 6028//6028 6026//6026
f 6032//6032 6030//6030 6029//6029
f 6032//6032 6029//6029 6031//6031
f 6050//6050 6039//6039 6040//6040
f 6052//6052 6040//6040 6033//6033
f 6052//6052 6050//6050 6040//6040
f 6049//6049 6039//6039 6050//6050
f 6034//6034 6052//6052 6033//6033
f 6051//6051 6052//6052 6034//6034
f 6046//6046 6039//6039 6049//6049
f 6048//6048 6049//6049 6051//6051
f 6048//6048 6046//6046 6049//6049
f 6048//6048 6051//6051 6034//6034
f 6047//6047 6048//6048 6034//6034
f 6038//6038 6046//6046 6045//6045
f 6038//6038 6045//6045 6042//6042
f 6038//6038 6039//6039 6046//6046
f 6044//6044 6045//6045 6047//6047
f 6044//6044 6042//6042 6045//6045
f 6041//6041 6038//6038 6042//6042
f 6037//6037 6038//6038 6041//6041
f 6036//6036 6041//6041 6043//6043
f 6036//6036 6037//6037 6041//6041
f 6035//6035 6043//6043 6044//6044
f 6035//6035 6047//6047 6034//6034
f 6035//6035 6044//6044 6047//6047
f 6035//6035 6036//6036 6043//6043
f 6070//6070 6069//6069 6057//6057
f 6058//6058 6068//6068 6067//6067
f 6058//6058 6069//6069 6068//6068
f 6058//6058 6057//6057 6069//6069
f 6061//6061 6070//6070 6057//6057
f 6060//6060 6067//6067 6070//6070
f 6060//6060 6058//6058 6067//6067
f 6060//6060 6070//6070 6061//6061
f 6062//6062 6061//6061 6057//6057
f 6059//6059 6058//6058 6060//6060
f 6056//6056 6065//6065 6062//6062
f 6056//6056 6062//6062 6057//6057
f 6064//6064 6059//6059 6062//6062
f 6064//6064 6062//6062 6065//6065
f 6066//6066 6065//6065 6056//6056
f 6055//6055 6066//6066 6056//6056
f 6053//6053 6064//6064 6063//6063
f 6053//6053 6058//6058 6059//6059
f 6053//6053 6059//6059 6064//6064
f 6054//6054 6063//6063 6066//6066
f 6054//6054 6053//6053 6063//6063
f 6054//6054 6066//6066 6055//6055
f 6071//6071 6074//6074 6073//6073
f 6071//6071 6072//6072 6074//6074
f 6075//6075 6076//6076 6079//6079
f 6077//6077 6079//6079 6078//6078
f 6077//6077 6075//6075 6079//6079
f 6080//6080 6083//6083 6082//6082
f 6080//6080 6081//6081 6083//6083
f 6085//6085 6086//6086 6084//6084
f 6085//6085 6087//6087 6086//6086
f 6088//6088 6091//6091 6090//6090
f 6088//6088 6089//6089 6091//6091
f 6094//6094 6096//6096 6095//6095
f 6092//6092 6093//6093 6096//6096
f 6092//6092 6096//6096 6094//6094
f 6097//6097 6100//6100 6099//6099
f 6097//6097 6098//6098 6100//6100
f 6103//6103 6101//6101 6102//6102
f 6103//6103 6102//6102 6104//6104
f 6105//6105 6107//6107 6108//6108
f 6105//6105 6108//6108 6106//6106
f 6112//6112 6110//6110 6109//6109
f 6112//6112 6111//6111 6110//6110
f 6113//6113 6115//6115 6116//6116
f 6113//6113 6116//6116 6114//6114
f 6117//6117 6119//6119 6120//6120
f 6117//6117 6120//6120 6118//6118
f 6124//6124 6122//6122 6121//6121
f 6124//6124 6121//6121 6123//6123
f 6126//6126 6125//6125 6127//6127
f 6126//6126 6127//6127 6128//6128
f 6132//6132 6130//6130 6129//6129
f 6132//6132 6131//6131 6130//6130
f 6133//6133 6135//6135 6136//6136
f 6133//6133 6136//6136 6134//6134
f 6137//6137 6139//6139 6140//6140
f 6137//6137 6140//6140 6138//6138
f 6144//6144 6142//6142 6141//6141
f 6144//6144 6141//6141 6143//6143
f 6145//6145 6147//6147 6148//6148
f 6145//6145 6148//6148 6146//6146
f 6152//6152 6150//6150 6149//6149
f 6152//6152 6151//6151 6150//6150
f 6153//6153 6155//6155 6156//6156
f 6153//6153 6156//6156 6154//6154
f 6157//6157 6159//6159 6160//6160
f 6157//6157 6160//6160 6158//6158
f 6164//6164 6162//6162 6161//6161
f 6164//6164 6161//6161 6163//6163
f 6182//6182 6171//6171 6172//6172
f 6184//6184 6172//6172 6165//6165
f 6184//6184 6182//6182 6172//6172
f 6181//6181 6171//6171 6182//6182
f 6166//6166 6184//6184 6165//6165
f 6183//6183 6184//6184 6166//6166
f 6178//6178 6171//6171 6181//6181
f 6180//6180 6181//6181 6183//6183
f 6180//6180 6183//6183 6166//6166
f 6180//6180 6178//6178 6181//6181
f 6170//6170 6178//6178 6177//6177
f 6170//6170 6177//6177 6174//6174
f 6170//6170 6171//6171 6178//6178
f 6176//6176 6177//6177 6179//6179
f 6176//6176 6174//6174 6177//6177
f 6173//6173 6170//6170 6174//6174
f 6169//6169 6170//6170 6173//6173
f 6168//6168 6173//6173 6175//6175
f 6168//6168 6169//6169 6173//6173
f 6167//6167 6175//6175 6176//6176
f 6167//6167 6179//6179 6180//6180
f 6167//6167 6180//6180 6166//6166
f 6167//6167 6176//6176 6179//6179
f 6167//6167 6168//6168 6175//6175
f 6202//6202 6201//6201 6189//6189
f 6190//6190 6200//6200 6199//6199
f 6190//6190 6201//6201 6200//6200
f 6190//6190 6189//6189 6201//6201
f 6193//6193 6202//6202 6189//6189
f 6192//6192 6199//6199 6202//6202
f 6192//6192 6190//6190 6199//6199
f 6192//6192 6202//6202 6193//6193
f 6194//6194 6193//6193 6189//6189
f 6191//6191 6190//6190 6192//6192
f 6188//6188 6197//6197 6194//6194
f 6188//6188 6194//6194 6189//6189
f 6196//6196 6191//6191 6194//6194
f 6196//6196 6194//6194 6197//6197
f 6198//6198 6197//6197 6188//6188
f 6187//6187 6198//6198 6188//6188
f 6185//6185 6196//6196 6195//6195
f 6185//6185 6190//6190 6191//6191
f 6185//6185 6191//6191 6196//6196
f 6186//6186 6195//6195 6198//6198
f 6186//6186 6185//6185 6195//6195
f 6186//6186 6198//6198 6187//6187
f 6203//6203 6206//6206 6205//6205
f 6203//6203 6204//6204 6206//6206
f 6207//6207 6208//6208 6211//6211
f 6209//6209 6211//6211 6210//6210
f 6209//6209 6207//6207 6211//6211
f 6212//6212 6215//6215 6214//6214
f 6212//6212 6213//6213 6215//6215
f 6217//6217 6218//6218 6216//6216
f 6217//6217 6219//6219 6218//6218
f 6220//6220 6223//6223 6222//6222
f 6220//6220 6221//6221 6223//6223
f 6226//6226 6228//6228 6227//6227
f 6224//6224 6225//6225 6228//6228
f 6224//6224 6228//6228 6226//6226
f 6229//6229 6232//6232 6231//6231
f 6229//6229 6230//6230 6232//6232
f 6235//6235 6233//6233 6234//6234
f 6235//6235 6234//6234 6236//6236
f 6237//6237 6239//6239 6240//6240
f 6237//6237 6240//6240 6238//6238
f 6244//6244 6242//6242 6241//6241
f 6244//6244 6243//6243 6242//6242
f 6245//6245 6247//6247 6248//6248
f 6245//6245 6248//6248 6246//6246
f 6249//6249 6251//6251 6252//6252
f 6249//6249 6252//6252 6250//6250
f 6256//6256 6254//6254 6253//6253
f 6256//6256 6253//6253 6255//6255
f 6258//6258 6257//6257 6259//6259
f 6258//6258 6259//6259 6260//6260
f 6264//6264 6262//6262 6261//6261
f 6264//6264 6263//6263 6262//6262
f 6265//6265 6267//6267 6268//6268
f 6265//6265 6268//6268 6266//6266
f 6269//6269 6271//6271 6272//6272
f 6269//6269 6272//6272 6270//6270
f 6276//6276 6274//6274 6273//6273
f 6276//6276 6273//6273 6275//6275
f 6277//6277 6279//6279 6280//6280
f 6277//6277 6280//6280 6278//6278
f 6284//6284 6282//6282 6281//6281
f 6284//6284 6283//6283 6282//6282
f 6285//6285 6287//6287 6288//6288
f 6285//6285 6288//6288 6286//6286
f 6289//6289 6291//6291 6292//6292
f 6289//6289 6292//6292 6290//6290
f 6296//6296 6294//6294 6293//6293
f 6296//6296 6293//6293 6295//6295
f 6314//6314 6303//6303 6304//6304
f 6313//6313 6303//6303 6314//6314
f 6316//6316 6304//6304 6297//6297
f 6316//6316 6314//6314 6304//6304
f 6298//6298 6316//6316 6297//6297
f 6315//6315 6316//6316 6298//6298
f 6310//6310 6303//6303 6313//6313
f 6312//6312 6313//6313 6315//6315
f 6312//6312 6310//6310 6313//6313
f 6312//6312 6315//6315 6298//6298
f 6302//6302 6310//6310 6309//6309
f 6302//6302 6309//6309 6306//6306
f 6302//6302 6303//6303 6310//6310
f 6308//6308 6309//6309 6311//6311
f 6308//6308 6306//6306 6309//6309
f 6305//6305 6302//6302 6306//6306
f 6301//6301 6302//6302 6305//6305
f 6300//6300 6305//6305 6307//6307
f 6300//6300 6301//6301 6305//6305
f 6299//6299 6307//6307 6308//6308
f 6299//6299 6311//6311 6312//6312
f 6299//6299 6312//6312 6298//6298
f 6299//6299 6308//6308 6311//6311
f 6299//6299 6300//6300 6307//6307
f 6334//6334 6333//6333 6321//6321
f 6322//6322 6332//6332 6331//6331
f 6322//6322 6333//6333 6332//6332
f 6322//6322 6321//6321 6333//6333
f 6325//6325 6334//6334 6321//6321
f 6324//6324 6331//6331 6334//6334
f 6324//6324 6322//6322 6331//6331
f 6324//6324 6334//6334 6325//6325
f 6326//6326 6325//6325 6321//6321
f 6323//6323 6322//6322 6324//6324
f 6320//6320 6329//6329 6326//6326
f 6320//6320 6326//6326 6321//6321
f 6328//6328 6323//6323 6326//6326
f 6328//6328 6326//6326 6329//6329
f 6330//6330 6329//6329 6320//6320
f 6319//6319 6330//6330 6320//6320
f 6318//6318 6327//6327 6330//6330
f 6318//6318 6330//6330 6319//6319
f 6317//6317 6328//6328 6327//6327
f 6317//6317 6322//6322 6323//6323
f 6317//6317 6323//6323 6328//6328
f 6317//6317 6327//6327 6318//6318
f 6335//6335 6338//6338 6337//6337
f 6335//6335 6336//6336 6338//6338
f 6339//6339 6340//6340 6343//6343
f 6341//6341 6343//6343 6342//6342
f 6341//6341 6339//6339 6343//6343
f 6344//6344 6347//6347 6346//6346
f 6344//6344 6345//6345 6347//6347
f 6349//6349 6350//6350 6348//6348
f 6349//6349 6351//6351 6350//6350
f 6352//6352 6355//6355 6354//6354
f 6352//6352 6353//6353 6355//6355
f 6358//6358 6360//6360 6359//6359
f 6356//6356 6357//6357 6360//6360
f 6356//6356 6360//6360 6358//6358
f 6361//6361 6364//6364 6363//6363
f 6361//6361 6362//6362 6364//6364
f 6367//6367 6365//6365 6366//6366
f 6367//6367 6366//6366 6368//6368
f 6369//6369 6371//6371 6372//6372
f 6369//6369 6372//6372 6370//6370
f 6376//6376 6374//6374 6373//6373
f 6376//6376 6375//6375 6374//6374
f 6377//6377 6379//6379 6380//6380
f 6377//6377 6380//6380 6378//6378
f 6381//6381 6383//6383 6384//6384
f 6381//6381 6384//6384 6382//6382
f 6388//6388 6386//6386 6385//6385
f 6388//6388 6385//6385 6387//6387
f 6390//6390 6389//6389 6391//6391
f 6390//6390 6391//6391 6392//6392
f 6396//6396 6394//6394 6393//6393
f 6396//6396 6395//6395 6394//6394
f 6397//6397 6399//6399 6400//6400
f 6397//6397 6400//6400 6398//6398
f 6401//6401 6403//6403 6404//6404
f 6401//6401 6404//6404 6402//6402
f 6408//6408 6406//6406 6405//6405
f 6408//6408 6405//6405 6407//6407
f 6409//6409 6411//6411 6412//6412
f 6409//6409 6412//6412 6410//6410
f 6416//6416 6414//6414 6413//6413
f 6416//6416 6415//6415 6414//6414
f 6417//6417 6419//6419 6420//6420
f 6417//6417 6420//6420 6418//6418
f 6421//6421 6423//6423 6424//6424
f 6421//6421 6424//6424 6422//6422
f 6428//6428 6426//6426 6425//6425
f 6428//6428 6425//6425 6427//6427
f 6446//6446 6435//6435 6436//6436
f 6448//6448 6436//6436 6429//6429
f 6448//6448 6446//6446 6436//6436
f 6445//6445 6435//6435 6446//6446
f 6430//6430 6448//6448 6429//6429
f 6447//6447 6448//6448 6430//6430
f 6442//6442 6435//6435 6445//6445
f 6444//6444 6445//6445 6447//6447
f 6444//6444 6447//6447 6430//6430
f 6444//6444 6442//6442 6445//6445
f 6434//6434 6442//6442 6441//6441
f 6434//6434 6441//6441 6438//6438
f 6434//6434 6435//6435 6442//6442
f 6440//6440 6441//6441 6443//6443
f 6440//6440 6438//6438 6441//6441
f 6437//6437 6434//6434 6438//6438
f 6433//6433 6434//6434 6437//6437
f 6439//6439 6433//6433 6437//6437
f 6432//6432 6433//6433 6439//6439
f 6431//6431 6439//6439 6440//6440
f 6431//6431 6443//6443 6444//6444
f 6431//6431 6444//6444 6430//6430
f 6431//6431 6440//6440 6443//6443
f 6431//6431 6432//6432 6439//6439
f 6466//6466 6465//6465 6453//6453
f 6454//6454 6464//6464 6463//6463
f 6454//6454 6465//6465 6464//6464
f 6454//6454 6453//6453 6465//6465
f 6457//6457 6466//6466 6453//6453
f 6456//6456 6463//6463 6466//6466
f 6456//6456 6454//6454 6463//6463
f 6456//6456 6466//6466 6457//6457
f 6458//6458 6457//6457 6453//6453
f 6455//6455 6454//6454 6456//6456
f 6452//6452 6461//6461 6458//6458
f 6452//6452 6458//6458 6453//6453
f 6460//6460 6455//6455 6458//6458
f 6460//6460 6458//6458 6461//6461
f 6462//6462 6461//6461 6452//6452
f 6451//6451 6462//6462 6452//6452
f 6459//6459 6462//6462 6451//6451
f 6449//6449 6460//6460 6459//6459
f 6449//6449 6454//6454 6455//6455
f 6449//6449 6455//6455 6460//6460
f 6450//6450 6449//6449 6459//6459
f 6450//6450 6459//6459 6451//6451
f 6467//6467 6470//6470 6469//6469
f 6467//6467 6468//6468 6470//6470
f 6471//6471 6472//6472 6475//6475
f 6473//6473 6475//6475 6474//6474
f 6473//6473 6471//6471 6475//6475
f 6476//6476 6479//6479 6478//6478
f 6476//6476 6477//6477 6479//6479
f 6481//6481 6482//6482 6480//6480
f 6481//6481 6483//6483 6482//6482
f 6484//6484 6487//6487 6486//6486
f 6484//6484 6485//6485 6487//6487
f 6490//6490 6492//6492 6491//6491
f 6488//6488 6489//6489 6492//6492
f 6488//6488 6492//6492 6490//6490
f 6493//6493 6496//6496 6495//6495
f 6493//6493 6494//6494 6496//6496
f 6499//6499 6497//6497 6498//6498
f 6499//6499 6498//6498 6500//6500
f 6501//6501 6503//6503 6504//6504
f 6501//6501 6504//6504 6502//6502
f 6508//6508 6506//6506 6505//6505
f 6508//6508 6507//6507 6506//6506
f 6509//6509 6511//6511 6512//6512
f 6509//6509 6512//6512 6510//6510
f 6513//6513 6515//6515 6516//6516
f 6513//6513 6516//6516 6514//6514
f 6520//6520 6518//6518 6517//6517
f 6520//6520 6517//6517 6519//6519
f 6522//6522 6521//6521 6523//6523
f 6522//6522 6523//6523 6524//6524
f 6528//6528 6526//6526 6525//6525
f 6528//6528 6527//6527 6526//6526
f 6529//6529 6531//6531 6532//6532
f 6529//6529 6532//6532 6530//6530
f 6533//6533 6535//6535 6536//6536
f 6533//6533 6536//6536 6534//6534
f 6540//6540 6538//6538 6537//6537
f 6540//6540 6537//6537 6539//6539
f 6541//6541 6543//6543 6544//6544
f 6541//6541 6544//6544 6542//6542
f 6548//6548 6546//6546 6545//6545
f 6548//6548 6547//6547 6546//6546
f 6549//6549 6551//6551 6552//6552
f 6549//6549 6552//6552 6550//6550
f 6553//6553 6555//6555 6556//6556
f 6553//6553 6556//6556 6554//6554
f 6560//6560 6558//6558 6557//6557
f 6560//6560 6557//6557 6559//6559
f 6574//6574 6567//6567 6566//6566
f 6574//6574 6568//6568 6567//6567
f 6574//6574 6573//6573 6568//6568
f 6575//6575 6562//6562 6561//6561
f 6575//6575 6563//6563 6562//6562
f 6575//6575 6564//6564 6563//6563
f 6575//6575 6565//6565 6564//6564
f 6575//6575 6566//6566 6565//6565
f 6575//6575 6574//6574 6566//6566
f 6576//6576 6570//6570 6569//6569
f 6576//6576 6571//6571 6570//6570
f 6576//6576 6561//6561 6571//6571
f 6576//6576 6575//6575 6561//6561
f 6577//6577 6573//6573 6574//6574
f 6577//6577 6574//6574 6578//6578
f 6579//6579 6574//6574 6575//6575
f 6579//6579 6575//6575 6576//6576
f 6579//6579 6576//6576 6569//6569
f 6580//6580 6573//6573 6577//6577
f 6581//6581 6579//6579 6569//6569
f 6581//6581 6574//6574 6579//6579
f 6582//6582 6572//6572 6573//6573
f 6582//6582 6573//6573 6580//6580
f 6583//6583 6569//6569 6572//6572
f 6583//6583 6572//6572 6582//6582
f 6583//6583 6577//6577 6578//6578
f 6583//6583 6578//6578 6574//6574
f 6583//6583 6580//6580 6577//6577
f 6583//6583 6581//6581 6569//6569
f 6583//6583 6574//6574 6581//6581
f 6583//6583 6582//6582 6580//6580
f 6593//6593 6591//6591 6590//6590
f 6593//6593 6592//6592 6591//6591
f 6594//6594 6590//6590 6589//6589
f 6594//6594 6593//6593 6590//6590
f 6595//6595 6588//6588 6584//6584
f 6595//6595 6589//6589 6588//6588
f 6595//6595 6594//6594 6589//6589
f 6595//6595 6596//6596 6594//6594
f 6595//6595 6597//6597 6596//6596
f 6598//6598 6595//6595 6584//6584
f 6599//6599 6600//6600 6593//6593
f 6599//6599 6593//6593 6594//6594
f 6599//6599 6594//6594 6596//6596
f 6601//6601 6600//6600 6599//6599
f 6601//6601 6599//6599 6596//6596
f 6602//6602 6596//6596 6597//6597
f 6602//6602 6600//6600 6601//6601
f 6602//6602 6601//6601 6596//6596
f 6603//6603 6604//6604 6600//6600
f 6603//6603 6600//6600 6602//6602
f 6605//6605 6586//6586 6587//6587
f 6605//6605 6587//6587 6592//6592
f 6605//6605 6592//6592 6593//6593
f 6606//6606 6600//6600 6604//6604
f 6606//6606 6593//6593 6600//6600
f 6607//6607 6585//6585 6608//6608
f 6607//6607 6606//6606 6604//6604
f 6607//6607 6608//6608 6606//6606
f 6609//6609 6610//6610 6611//6611
f 6612//6612 6604//6604 6603//6603
f 6612//6612 6603//6603 6610//6610
f 6613//6613 6605//6605 6593//6593
f 6613//6613 6593//6593 6606//6606
f 6613//6613 6606//6606 6608//6608
f 6614//6614 6608//6608 6585//6585
f 6614//6614 6613//6613 6608//6608
f 6615//6615 6595//6595 6598//6598
f 6616//6616 6617//6617 6597//6597
f 6616//6616 6597//6597 6595//6595
f 6616//6616 6595//6595 6615//6615
f 6618//6618 6597//6597 6617//6617
f 6618//6618 6602//6602 6597//6597
f 6618//6618 6603//6603 6602//6602
f 6618//6618 6610//6610 6603//6603
f 6618//6618 6611//6611 6610//6610
f 6619//6619 6586//6586 6605//6605
f 6620//6620 6617//6617 6616//6616
f 6621//6621 6607//6607 6604//6604
f 6621//6621 6585//6585 6607//6607
f 6622//6622 6605//6605 6613//6613
f 6622//6622 6614//6614 6585//6585
f 6622//6622 6613//6613 6614//6614
f 6623//6623 6618//6618 6617//6617
f 6623//6623 6611//6611 6618//6618
f 6624//6624 6586//6586 6619//6619
f 6625//6625 6610//6610 6609//6609
f 6625//6625 6612//6612 6610//6610
f 6626//6626 6615//6615 6598//6598
f 6627//6627 6620//6620 6616//6616
f 6628//6628 6605//6605 6622//6622
f 6628//6628 6622//6622 6585//6585
f 6629//6629 6627//6627 6616//6616
f 6630//6630 6586//6586 6624//6624
f 6631//6631 6612//6612 6625//6625
f 6631//6631 6604//6604 6612//6612
f 6631//6631 6621//6621 6604//6604
f 6631//6631 6585//6585 6621//6621
f 6632//6632 6585//6585 6631//6631
f 6632//6632 6627//6627 6629//6629
f 6632//6632 6623//6623 6617//6617
f 6632//6632 6617//6617 6620//6620
f 6632//6632 6620//6620 6627//6627
f 6633//6633 6611//6611 6623//6623
f 6633//6633 6634//6634 6609//6609
f 6633//6633 6623//6623 6632//6632
f 6633//6633 6609//6609 6611//6611
f 6633//6633 6632//6632 6631//6631
f 6635//6635 6631//6631 6625//6625
f 6635//6635 6609//6609 6634//6634
f 6635//6635 6625//6625 6609//6609
f 6635//6635 6633//6633 6631//6631
f 6635//6635 6634//6634 6633//6633
f 6636//6636 6624//6624 6619//6619
f 6636//6636 6628//6628 6585//6585
f 6636//6636 6605//6605 6628//6628
f 6636//6636 6630//6630 6624//6624
f 6636//6636 6619//6619 6605//6605
f 6637//6637 6584//6584 6585//6585
f 6637//6637 6626//6626 6598//6598
f 6637//6637 6598//6598 6584//6584
f 6637//6637 6585//6585 6632//6632
f 6638//6638 6615//6615 6626//6626
f 6638//6638 6629//6629 6616//6616
f 6638//6638 6626//6626 6637//6637
f 6638//6638 6637//6637 6632//6632
f 6638//6638 6632//6632 6629//6629
f 6638//6638 6616//6616 6615//6615
f 6639//6639 6585//6585 6586//6586
f 6639//6639 6586//6586 6630//6630
f 6639//6639 6636//6636 6585//6585
f 6639//6639 6630//6630 6636//6636
f 6649//6649 6640//6640 6642//6642
f 6649//6649 6642//6642 6643//6643
f 6649//6649 6643//6643 6648//6648
f 6650//6650 6646//6646 6645//6645
f 6650//6650 6647//6647 6646//6646
f 6650//6650 6648//6648 6647//6647
f 6650//6650 6649//6649 6648//6648
f 6651//6651 6641//6641 6640//6640
f 6651//6651 6644//6644 6641//6641
f 6651//6651 6645//6645 6644//6644
f 6651//6651 6649//6649 6650//6650
f 6651//6651 6640//6640 6649//6649
f 6651//6651 6650//6650 6645//6645
f 6664//6664 6658//6658 6657//6657
f 6664//6664 6659//6659 6658//6658
f 6665//6665 6663//6663 6664//6664
f 6666//6666 6663//6663 6665//6665
f 6667//6667 6663//6663 6666//6666
f 6668//6668 6655//6655 6654//6654
f 6668//6668 6656//6656 6655//6655
f 6668//6668 6657//6657 6656//6656
f 6668//6668 6665//6665 6664//6664
f 6668//6668 6664//6664 6657//6657
f 6669//6669 6668//6668 6654//6654
f 6669//6669 6665//6665 6668//6668
f 6670//6670 6654//6654 6653//6653
f 6670//6670 6665//6665 6669//6669
f 6670//6670 6669//6669 6654//6654
f 6671//6671 6670//6670 6653//6653
f 6671//6671 6665//6665 6670//6670
f 6671//6671 6666//6666 6665//6665
f 6672//6672 6671//6671 6653//6653
f 6672//6672 6666//6666 6671//6671
f 6673//6673 6653//6653 6652//6652
f 6673//6673 6667//6667 6666//6666
f 6673//6673 6672//6672 6653//6653
f 6673//6673 6666//6666 6672//6672
f 6674//6674 6673//6673 6652//6652
f 6674//6674 6667//6667 6673//6673
f 6675//6675 6674//6674 6652//6652
f 6675//6675 6667//6667 6674//6674
f 6676//6676 6675//6675 6652//6652
f 6676//6676 6667//6667 6675//6675
f 6677//6677 6661//6661 6660//6660
f 6677//6677 6662//6662 6661//6661
f 6677//6677 6652//6652 6662//6662
f 6677//6677 6660//6660 6663//6663
f 6677//6677 6663//6663 6667//6667
f 6677//6677 6676//6676 6652//6652
f 6677//6677 6667//6667 6676//6676
f 6712//6712 6679//6679 6678//6678
f 6711//6711 6712//6712 6678//6678
f 6710//6710 6678//6678 6692//6692
f 6710//6710 6711//6711 6678//6678
f 6709//6709 6692//6692 6691//6691
f 6709//6709 6710//6710 6692//6692
f 6708//6708 6690//6690 6689//6689
f 6708//6708 6691//6691 6690//6690
f 6708//6708 6709//6709 6691//6691
f 6707//6707 6689//6689 6688//6688
f 6707//6707 6708//6708 6689//6689
f 6706//6706 6687//6687 6686//6686
f 6706//6706 6688//6688 6687//6687
f 6706//6706 6707//6707 6688//6688
f 6705//6705 6686//6686 6685//6685
f 6705//6705 6706//6706 6686//6686
f 6704//6704 6685//6685 6684//6684
f 6704//6704 6705//6705 6685//6685
f 6703//6703 6684//6684 6683//6683
f 6703//6703 6704//6704 6684//6684
f 6702//6702 6683//6683 6682//6682
f 6702//6702 6703//6703 6683//6683
f 6701//6701 6682//6682 6681//6681
f 6701//6701 6702//6702 6682//6682
f 6700//6700 6681//6681 6680//6680
f 6700//6700 6680//6680 6696//6696
f 6700//6700 6701//6701 6681//6681
f 6699//6699 6696//6696 6695//6695
f 6699//6699 6700//6700 6696//6696
f 6698//6698 6695//6695 6694//6694
f 6698//6698 6699//6699 6695//6695
f 6697//6697 6698//6698 6694//6694
f 6697//6697 6694//6694 6693//6693
f 6714//6714 6713//6713 6728//6728
f 6745//6745 6728//6728 6727//6727
f 6745//6745 6714//6714 6728//6728
f 6744//6744 6745//6745 6727//6727
f 6743//6743 6727//6727 6726//6726
f 6743//6743 6744//6744 6727//6727
f 6742//6742 6726//6726 6725//6725
f 6742//6742 6743//6743 6726//6726
f 6741//6741 6725//6725 6724//6724
f 6741//6741 6742//6742 6725//6725
f 6740//6740 6741//6741 6724//6724
f 6739//6739 6724//6724 6723//6723
f 6739//6739 6740//6740 6724//6724
f 6738//6738 6723//6723 6722//6722
f 6738//6738 6739//6739 6723//6723
f 6737//6737 6738//6738 6722//6722
f 6736//6736 6722//6722 6721//6721
f 6736//6736 6737//6737 6722//6722
f 6735//6735 6721//6721 6720//6720
f 6735//6735 6736//6736 6721//6721
f 6734//6734 6720//6720 6719//6719
f 6734//6734 6735//6735 6720//6720
f 6733//6733 6734//6734 6719//6719
f 6732//6732 6719//6719 6718//6718
f 6732//6732 6733//6733 6719//6719
f 6731//6731 6718//6718 6717//6717
f 6731//6731 6732//6732 6718//6718
f 6730//6730 6717//6717 6716//6716
f 6730//6730 6731//6731 6717//6717
f 6729//6729 6716//6716 6715//6715
f 6729//6729 6730//6730 6716//6716
f 6787//6787 6772//6772 6771//6771
f 6788//6788 6787//6787 6771//6771
f 6788//6788 6771//6771 6770//6770
f 6786//6786 6772//6772 6787//6787
f 6789//6789 6788//6788 6770//6770
f 6789//6789 6770//6770 6769//6769
f 6785//6785 6772//6772 6786//6786
f 6785//6785 6773//6773 6772//6772
f 6790//6790 6789//6789 6769//6769
f 6784//6784 6773//6773 6785//6785
f 6791//6791 6790//6790 6769//6769
f 6791//6791 6769//6769 6768//6768
f 6783//6783 6773//6773 6784//6784
f 6783//6783 6746//6746 6773//6773
f 6792//6792 6791//6791 6768//6768
f 6793//6793 6768//6768 6767//6767
f 6793//6793 6792//6792 6768//6768
f 6782//6782 6746//6746 6783//6783
f 6794//6794 6767//6767 6766//6766
f 6794//6794 6793//6793 6767//6767
f 6781//6781 6746//6746 6782//6782
f 6795//6795 6766//6766 6765//6765
f 6795//6795 6794//6794 6766//6766
f 6780//6780 6746//6746 6781//6781
f 6779//6779 6746//6746 6780//6780
f 6796//6796 6795//6795 6765//6765
f 6764//6764 6797//6797 6796//6796
f 6764//6764 6796//6796 6765//6765
f 6798//6798 6797//6797 6764//6764
f 6763//6763 6799//6799 6798//6798
f 6763//6763 6798//6798 6764//6764
f 6762//6762 6800//6800 6799//6799
f 6762//6762 6799//6799 6763//6763
f 6761//6761 6801//6801 6800//6800
f 6761//6761 6802//6802 6801//6801
f 6761//6761 6803//6803 6802//6802
f 6761//6761 6804//6804 6803//6803
f 6761//6761 6805//6805 6804//6804
f 6761//6761 6806//6806 6805//6805
f 6761//6761 6800//6800 6762//6762
f 6829//6829 6778//6778 6777//6777
f 6830//6830 6747//6747 6746//6746
f 6830//6830 6779//6779 6778//6778
f 6830//6830 6746//6746 6779//6779
f 6830//6830 6778//6778 6829//6829
f 6828//6828 6777//6777 6776//6776
f 6828//6828 6829//6829 6777//6777
f 6831//6831 6747//6747 6830//6830
f 6827//6827 6828//6828 6776//6776
f 6827//6827 6776//6776 6775//6775
f 6832//6832 6747//6747 6831//6831
f 6826//6826 6827//6827 6775//6775
f 6826//6826 6775//6775 6774//6774
f 6826//6826 6774//6774 6811//6811
f 6833//6833 6748//6748 6747//6747
f 6833//6833 6747//6747 6832//6832
f 6825//6825 6826//6826 6811//6811
f 6825//6825 6811//6811 6810//6810
f 6824//6824 6825//6825 6810//6810
f 6824//6824 6809//6809 6808//6808
f 6824//6824 6810//6810 6809//6809
f 6834//6834 6749//6749 6748//6748
f 6834//6834 6748//6748 6833//6833
f 6835//6835 6749//6749 6834//6834
f 6823//6823 6824//6824 6808//6808
f 6823//6823 6808//6808 6807//6807
f 6750//6750 6749//6749 6835//6835
f 6836//6836 6750//6750 6835//6835
f 6822//6822 6823//6823 6807//6807
f 6822//6822 6807//6807 6806//6806
f 6821//6821 6822//6822 6806//6806
f 6751//6751 6750//6750 6836//6836
f 6751//6751 6836//6836 6837//6837
f 6752//6752 6751//6751 6837//6837
f 6752//6752 6837//6837 6838//6838
f 6752//6752 6838//6838 6839//6839
f 6753//6753 6752//6752 6839//6839
f 6753//6753 6839//6839 6812//6812
f 6760//6760 6821//6821 6806//6806
f 6760//6760 6818//6818 6819//6819
f 6760//6760 6819//6819 6820//6820
f 6760//6760 6820//6820 6821//6821
f 6760//6760 6806//6806 6761//6761
f 6754//6754 6753//6753 6812//6812
f 6754//6754 6812//6812 6813//6813
f 6759//6759 6818//6818 6760//6760
f 6759//6759 6817//6817 6818//6818
f 6755//6755 6754//6754 6813//6813
f 6755//6755 6813//6813 6814//6814
f 6758//6758 6816//6816 6817//6817
f 6758//6758 6817//6817 6759//6759
f 6756//6756 6814//6814 6815//6815
f 6756//6756 6755//6755 6814//6814
f 6757//6757 6815//6815 6816//6816
f 6757//6757 6816//6816 6758//6758
f 6757//6757 6756//6756 6815//6815
f 6841//6841 6840//6840 6848//6848
f 6870//6870 6848//6848 6847//6847
f 6870//6870 6841//6841 6848//6848
f 6869//6869 6847//6847 6846//6846
f 6869//6869 6870//6870 6847//6847
f 6868//6868 6846//6846 6845//6845
f 6868//6868 6869//6869 6846//6846
f 6867//6867 6845//6845 6844//6844
f 6867//6867 6868//6868 6845//6845
f 6866//6866 6844//6844 6843//6843
f 6866//6866 6867//6867 6844//6844
f 6865//6865 6843//6843 6842//6842
f 6865//6865 6866//6866 6843//6843
f 6864//6864 6842//6842 6855//6855
f 6864//6864 6865//6865 6842//6842
f 6863//6863 6855//6855 6854//6854
f 6863//6863 6864//6864 6855//6855
f 6862//6862 6854//6854 6853//6853
f 6862//6862 6863//6863 6854//6854
f 6861//6861 6853//6853 6852//6852
f 6861//6861 6862//6862 6853//6853
f 6860//6860 6852//6852 6851//6851
f 6860//6860 6861//6861 6852//6852
f 6859//6859 6851//6851 6850//6850
f 6859//6859 6860//6860 6851//6851
f 6858//6858 6850//6850 6849//6849
f 6858//6858 6859//6859 6850//6850
f 6857//6857 6849//6849 6856//6856
f 6857//6857 6858//6858 6849//6849
f 6908//6908 6872//6872 6871//6871
f 6908//6908 6871//6871 6873//6873
f 6907//6907 6908//6908 6873//6873
f 6906//6906 6873//6873 6874//6874
f 6906//6906 6907//6907 6873//6873
f 6905//6905 6906//6906 6874//6874
f 6904//6904 6874//6874 6875//6875
f 6904//6904 6905//6905 6874//6874
f 6903//6903 6875//6875 6876//6876
f 6903//6903 6904//6904 6875//6875
f 6902//6902 6876//6876 6877//6877
f 6902//6902 6903//6903 6876//6876
f 6901//6901 6877//6877 6878//6878
f 6901//6901 6902//6902 6877//6877
f 6900//6900 6901//6901 6878//6878
f 6899//6899 6878//6878 6879//6879
f 6899//6899 6900//6900 6878//6878
f 6898//6898 6879//6879 6880//6880
f 6898//6898 6899//6899 6879//6879
f 6897//6897 6880//6880 6881//6881
f 6897//6897 6881//6881 6882//6882
f 6897//6897 6898//6898 6880//6880
f 6896//6896 6882//6882 6883//6883
f 6896//6896 6897//6897 6882//6882
f 6895//6895 6883//6883 6884//6884
f 6895//6895 6896//6896 6883//6883
f 6894//6894 6884//6884 6885//6885
f 6894//6894 6895//6895 6884//6884
f 6893//6893 6885//6885 6886//6886
f 6893//6893 6894//6894 6885//6885
f 6892//6892 6886//6886 6887//6887
f 6892//6892 6893//6893 6886//6886
f 6891//6891 6887//6887 6888//6888
f 6891//6891 6892//6892 6887//6887
f 6890//6890 6888//6888 6889//6889
f 6890//6890 6891//6891 6888//6888
f 6910//6910 6911//6911 6912//6912
f 6910//6910 6912//6912 6913//6913
f 6918//6918 6914//6914 6915//6915
f 6918//6918 6915//6915 6916//6916
f 6919//6919 6910//6910 6913//6913
f 6924//6924 6914//6914 6918//6918
f 6920//6920 6919//6919 6913//6913
f 6923//6923 6914//6914 6924//6924
f 6922//6922 6913//6913 6914//6914
f 6922//6922 6914//6914 6923//6923
f 6921//6921 6920//6920 6913//6913
f 6921//6921 6913//6913 6922//6922
f 6910//6910 6909//6909 6911//6911
f 6917//6917 6918//6918 6916//6916
f 6934//6934 6931//6931 6932//6932
f 6934//6934 6932//6932 6933//6933
f 6930//6930 6934//6934 6940//6940
f 6930//6930 6931//6931 6934//6934
f 6939//6939 6930//6930 6940//6940
f 6938//6938 6930//6930 6939//6939
f 6929//6929 6937//6937 6936//6936
f 6929//6929 6938//6938 6937//6937
f 6929//6929 6930//6930 6938//6938
f 6935//6935 6929//6929 6936//6936
f 6926//6926 6929//6929 6935//6935
f 6928//6928 6929//6929 6926//6926
f 6927//6927 6928//6928 6926//6926
f 6926//6926 6925//6925 6927//6927
f 6945//6945 6951//6951 6942//6942
f 6945//6945 6952//6952 6951//6951
f 6945//6945 6953//6953 6952//6952
f 6945//6945 6954//6954 6953//6953
f 6946//6946 6955//6955 6954//6954
f 6946//6946 6956//6956 6955//6955
f 6946//6946 6950//6950 6956//6956
f 6946//6946 6954//6954 6945//6945
f 6944//6944 6945//6945 6942//6942
f 6947//6947 6950//6950 6946//6946
f 6943//6943 6944//6944 6942//6942
f 6948//6948 6950//6950 6947//6947
f 6941//6941 6943//6943 6942//6942
f 6949//6949 6950//6950 6948//6948
f 6963//6963 6964//6964 6965//6965
f 6963//6963 6965//6965 6972//6972
f 6962//6962 6972//6972 6971//6971
f 6962//6962 6963//6963 6972//6972
f 6961//6961 6971//6971 6970//6970
f 6961//6961 6962//6962 6971//6971
f 6960//6960 6970//6970 6969//6969
f 6960//6960 6961//6961 6970//6970
f 6959//6959 6969//6969 6968//6968
f 6959//6959 6960//6960 6969//6969
f 6958//6958 6968//6968 6967//6967
f 6958//6958 6959//6959 6968//6968
f 6957//6957 6967//6967 6966//6966
f 6957//6957 6958//6958 6967//6967
f 6978//6978 6973//6973 6974//6974
f 6977//6977 6973//6973 6978//6978
f 6975//6975 6973//6973 6977//6977
f 6976//6976 6975//6975 6977//6977
f 6985//6985 6986//6986 6987//6987
f 6985//6985 6987//6987 6994//6994
f 6984//6984 6994//6994 6993//6993
f 6984//6984 6985//6985 6994//6994
f 6983//6983 6993//6993 6992//6992
f 6983//6983 6984//6984 6993//6993
f 6982//6982 6992//6992 6991//6991
f 6982//6982 6983//6983 6992//6992
f 6981//6981 6991//6991 6990//6990
f 6981//6981 6982//6982 6991//6991
f 6980//6980 6990//6990 6989//6989
f 6980//6980 6981//6981 6990//6990
f 6979//6979 6989//6989 6988//6988
f 6979//6979 6980//6980 6989//6989
f 6999//6999 6995//6995 6996//6996
f 6997//6997 6995//6995 6999//6999
f 6998//6998 6997//6997 6999//6999
f 7006//7006 7007//7007 7008//7008
f 7006//7006 7008//7008 7015//7015
f 7005//7005 7015//7015 7014//7014
f 7005//7005 7006//7006 7015//7015
f 7004//7004 7014//7014 7013//7013
f 7004//7004 7005//7005 7014//7014
f 7003//7003 7013//7013 7012//7012
f 7003//7003 7004//7004 7013//7013
f 7002//7002 7012//7012 7011//7011
f 7002//7002 7003//7003 7012//7012
f 7001//7001 7011//7011 7010//7010
f 7001//7001 7002//7002 7011//7011
f 7000//7000 7010//7010 7009//7009
f 7000//7000 7001//7001 7010//7010
f 7021//7021 7016//7016 7017//7017
f 7020//7020 7016//7016 7021//7021
f 7018//7018 7016//7016 7020//7020
f 7019//7019 7018//7018 7020//7020
f 7028//7028 7029//7029 7030//7030
f 7028//7028 7030//7030 7037//7037
f 7027//7027 7037//7037 7036//7036
f 7027//7027 7028//7028 7037//7037
f 7026//7026 7036//7036 7035//7035
f 7026//7026 7027//7027 7036//7036
f 7025//7025 7035//7035 7034//7034
f 7025//7025 7026//7026 7035//7035
f 7024//7024 7034//7034 7033//7033
f 7024//7024 7025//7025 7034//7034
f 7023//7023 7033//7033 7032//7032
f 7023//7023 7024//7024 7033//7033
f 7022//7022 7032//7032 7031//7031
f 7022//7022 7023//7023 7032//7032
f 7042//7042 7038//7038 7039//7039
f 7040//7040 7042//7042 7041//7041
f 7038//7038 7042//7042 7040//7040
f 7044//7044 7045//7045 7046//7046
f 7047//7047 7053//7053 7044//7044
f 7047//7047 7044//7044 7046//7046
f 7054//7054 7053//7053 7047//7047
f 7055//7055 7054//7054 7047//7047
f 7056//7056 7055//7055 7047//7047
f 7048//7048 7057//7057 7056//7056
f 7048//7048 7056//7056 7047//7047
f 7058//7058 7057//7057 7048//7048
f 7052//7052 7058//7058 7048//7048
f 7049//7049 7052//7052 7048//7048
f 7050//7050 7052//7052 7049//7049
f 7044//7044 7043//7043 7045//7045
f 7051//7051 7052//7052 7050//7050
f 7062//7062 7059//7059 7060//7060
f 7062//7062 7061//7061 7059//7059
f 7065//7065 7063//7063 7064//7064
f 7066//7066 7065//7065 7064//7064
f 7073//7073 7074//7074 7075//7075
f 7073//7073 7075//7075 7082//7082
f 7072//7072 7082//7082 7081//7081
f 7072//7072 7073//7073 7082//7082
f 7071//7071 7081//7081 7080//7080
f 7071//7071 7072//7072 7081//7081
f 7070//7070 7079//7079 7078//7078
f 7070//7070 7080//7080 7079//7079
f 7070//7070 7071//7071 7080//7080
f 7069//7069 7070//7070 7078//7078
f 7068//7068 7077//7077 7076//7076
f 7068//7068 7078//7078 7077//7077
f 7068//7068 7069//7069 7078//7078
f 7067//7067 7068//7068 7076//7076
f 7086//7086 7083//7083 7084//7084
f 7086//7086 7085//7085 7083//7083
f 7093//7093 7094//7094 7095//7095
f 7093//7093 7095//7095 7102//7102
f 7092//7092 7102//7102 7101//7101
f 7092//7092 7093//7093 7102//7102
f 7091//7091 7101//7101 7100//7100
f 7091//7091 7092//7092 7101//7101
f 7090//7090 7099//7099 7098//7098
f 7090//7090 7100//7100 7099//7099
f 7090//7090 7091//7091 7100//7100
f 7089//7089 7090//7090 7098//7098
f 7088//7088 7097//7097 7096//7096
f 7088//7088 7098//7098 7097//7097
f 7088//7088 7089//7089 7098//7098
f 7087//7087 7088//7088 7096//7096
f 7105//7105 7103//7103 7104//7104
f 7106//7106 7105//7105 7104//7104
f 7107//7107 7126//7126 7125//7125
f 7107//7107 7108//7108 7126//7126
f 7130//7130 7126//7126 7108//7108
f 7109//7109 7130//7130 7108//7108
f 7110//7110 7130//7130 7109//7109
f 7111//7111 7130//7130 7110//7110
f 7112//7112 7130//7130 7111//7111
f 7129//7129 7112//7112 7113//7113
f 7129//7129 7113//7113 7114//7114
f 7129//7129 7114//7114 7115//7115
f 7129//7129 7115//7115 7116//7116
f 7129//7129 7130//7130 7112//7112
f 7127//7127 7107//7107 7125//7125
f 7128//7128 7129//7129 7116//7116
f 7117//7117 7128//7128 7116//7116
f 7118//7118 7128//7128 7117//7117
f 7123//7123 7124//7124 7127//7127
f 7119//7119 7128//7128 7118//7118
f 7122//7122 7123//7123 7127//7127
f 7121//7121 7127//7127 7128//7128
f 7121//7121 7122//7122 7127//7127
f 7120//7120 7121//7121 7128//7128
f 7120//7120 7128//7128 7119//7119
f 7124//7124 7107//7107 7127//7127
f 7131//7131 7134//7134 7133//7133
f 7131//7131 7132//7132 7134//7134
f 7135//7135 7138//7138 7137//7137
f 7135//7135 7136//7136 7138//7138
f 7139//7139 7142//7142 7141//7141
f 7139//7139 7140//7140 7142//7142
f 7145//7145 7143//7143 7144//7144
f 7145//7145 7144//7144 7146//7146
f 7149//7149 7148//7148 7150//7150
f 7147//7147 7148//7148 7149//7149
f 7151//7151 7154//7154 7153//7153
f 7151//7151 7152//7152 7154//7154
f 7191//7191 7190//7190 7156//7156
f 7189//7189 7156//7156 7190//7190
f 7192//7192 7191//7191 7156//7156
f 7188//7188 7156//7156 7189//7189
f 7193//7193 7192//7192 7156//7156
f 7187//7187 7156//7156 7188//7188
f 7194//7194 7193//7193 7156//7156
f 7155//7155 7211//7211 7210//7210
f 7155//7155 7212//7212 7211//7211
f 7155//7155 7187//7187 7212//7212
f 7155//7155 7156//7156 7187//7187
f 7209//7209 7155//7155 7210//7210
f 7208//7208 7155//7155 7209//7209
f 7207//7207 7155//7155 7208//7208
f 7206//7206 7155//7155 7207//7207
f 7164//7164 7198//7198 7197//7197
f 7165//7165 7197//7197 7196//7196
f 7165//7165 7164//7164 7197//7197
f 7163//7163 7198//7198 7164//7164
f 7166//7166 7165//7165 7196//7196
f 7166//7166 7196//7196 7195//7195
f 7162//7162 7199//7199 7198//7198
f 7162//7162 7200//7200 7199//7199
f 7162//7162 7198//7198 7163//7163
f 7157//7157 7166//7166 7195//7195
f 7157//7157 7195//7195 7194//7194
f 7157//7157 7194//7194 7156//7156
f 7167//7167 7166//7166 7157//7157
f 7161//7161 7200//7200 7162//7162
f 7168//7168 7167//7167 7157//7157
f 7186//7186 7200//7200 7161//7161
f 7186//7186 7201//7201 7200//7200
f 7169//7169 7168//7168 7157//7157
f 7185//7185 7201//7201 7186//7186
f 7185//7185 7202//7202 7201//7201
f 7170//7170 7169//7169 7157//7157
f 7184//7184 7202//7202 7185//7185
f 7184//7184 7203//7203 7202//7202
f 7171//7171 7170//7170 7157//7157
f 7183//7183 7203//7203 7184//7184
f 7183//7183 7204//7204 7203//7203
f 7182//7182 7204//7204 7183//7183
f 7182//7182 7205//7205 7204//7204
f 7158//7158 7172//7172 7171//7171
f 7158//7158 7173//7173 7172//7172
f 7158//7158 7174//7174 7173//7173
f 7158//7158 7171//7171 7157//7157
f 7160//7160 7178//7178 7177//7177
f 7160//7160 7179//7179 7178//7178
f 7160//7160 7180//7180 7179//7179
f 7160//7160 7181//7181 7180//7180
f 7160//7160 7182//7182 7181//7181
f 7160//7160 7205//7205 7182//7182
f 7159//7159 7175//7175 7174//7174
f 7159//7159 7176//7176 7175//7175
f 7159//7159 7177//7177 7176//7176
f 7159//7159 7174//7174 7158//7158
f 7159//7159 7160//7160 7177//7177
f 7160//7160 7155//7155 7206//7206
f 7160//7160 7206//7206 7205//7205
f 7240//7240 7214//7214 7213//7213
f 7240//7240 7213//7213 7227//7227
f 7239//7239 7227//7227 7226//7226
f 7239//7239 7240//7240 7227//7227
f 7238//7238 7226//7226 7225//7225
f 7238//7238 7239//7239 7226//7226
f 7237//7237 7224//7224 7223//7223
f 7237//7237 7225//7225 7224//7224
f 7237//7237 7238//7238 7225//7225
f 7236//7236 7237//7237 7223//7223
f 7235//7235 7223//7223 7222//7222
f 7235//7235 7236//7236 7223//7223
f 7234//7234 7222//7222 7221//7221
f 7234//7234 7235//7235 7222//7222
f 7233//7233 7220//7220 7219//7219
f 7233//7233 7221//7221 7220//7220
f 7233//7233 7234//7234 7221//7221
f 7232//7232 7219//7219 7218//7218
f 7232//7232 7233//7233 7219//7219
f 7231//7231 7232//7232 7218//7218
f 7230//7230 7218//7218 7217//7217
f 7230//7230 7231//7231 7218//7218
f 7229//7229 7217//7217 7216//7216
f 7229//7229 7230//7230 7217//7217
f 7228//7228 7216//7216 7215//7215
f 7228//7228 7229//7229 7216//7216
f 7249//7249 7245//7245 7246//7246
f 7249//7249 7246//7246 7247//7247
f 7249//7249 7247//7247 7248//7248
f 7264//7264 7241//7241 7242//7242
f 7264//7264 7242//7242 7243//7243
f 7264//7264 7243//7243 7244//7244
f 7264//7264 7244//7244 7245//7245
f 7264//7264 7265//7265 7266//7266
f 7264//7264 7266//7266 7241//7241
f 7251//7251 7249//7249 7250//7250
f 7261//7261 7262//7262 7263//7263
f 7261//7261 7263//7263 7264//7264
f 7260//7260 7264//7264 7245//7245
f 7260//7260 7245//7245 7249//7249
f 7260//7260 7249//7249 7251//7251
f 7260//7260 7261//7261 7264//7264
f 7256//7256 7254//7254 7255//7255
f 7258//7258 7259//7259 7260//7260
f 7257//7257 7251//7251 7252//7252
f 7257//7257 7252//7252 7253//7253
f 7257//7257 7253//7253 7254//7254
f 7257//7257 7258//7258 7260//7260
f 7257//7257 7254//7254 7256//7256
f 7257//7257 7260//7260 7251//7251
f 7294//7294 7268//7268 7267//7267
f 7294//7294 7267//7267 7281//7281
f 7293//7293 7281//7281 7280//7280
f 7293//7293 7294//7294 7281//7281
f 7292//7292 7280//7280 7279//7279
f 7292//7292 7293//7293 7280//7280
f 7291//7291 7278//7278 7277//7277
f 7291//7291 7279//7279 7278//7278
f 7291//7291 7292//7292 7279//7279
f 7290//7290 7291//7291 7277//7277
f 7289//7289 7277//7277 7276//7276
f 7289//7289 7290//7290 7277//7277
f 7288//7288 7276//7276 7275//7275
f 7288//7288 7289//7289 7276//7276
f 7287//7287 7274//7274 7273//7273
f 7287//7287 7275//7275 7274//7274
f 7287//7287 7288//7288 7275//7275
f 7286//7286 7273//7273 7272//7272
f 7286//7286 7287//7287 7273//7273
f 7285//7285 7286//7286 7272//7272
f 7284//7284 7272//7272 7271//7271
f 7284//7284 7285//7285 7272//7272
f 7283//7283 7271//7271 7270//7270
f 7283//7283 7284//7284 7271//7271
f 7282//7282 7270//7270 7269//7269
f 7282//7282 7283//7283 7270//7270
f 7305//7305 7297//7297 7298//7298
f 7305//7305 7298//7298 7299//7299
f 7305//7305 7299//7299 7300//7300
f 7305//7305 7300//7300 7301//7301
f 7305//7305 7301//7301 7302//7302
f 7305//7305 7302//7302 7303//7303
f 7305//7305 7303//7303 7304//7304
f 7316//7316 7317//7317 7318//7318
f 7316//7316 7318//7318 7319//7319
f 7309//7309 7306//7306 7307//7307
f 7309//7309 7307//7307 7308//7308
f 7313//7313 7314//7314 7315//7315
f 7313//7313 7315//7315 7316//7316
f 7313//7313 7316//7316 7319//7319
f 7310//7310 7305//7305 7306//7306
f 7310//7310 7306//7306 7309//7309
f 7311//7311 7295//7295 7296//7296
f 7311//7311 7296//7296 7297//7297
f 7311//7311 7312//7312 7313//7313
f 7311//7311 7319//7319 7320//7320
f 7311//7311 7320//7320 7295//7295
f 7311//7311 7313//7313 7319//7319
f 7311//7311 7297//7297 7305//7305
f 7311//7311 7305//7305 7310//7310